date,XA,XB,XC,XD,XE,XF,XG,XH,XJ,XK,XL,XM,XN,XP,XQ,XR,XS,XT,XU,XV,XW,XY,XZ,ZA,ZB,ZC,ZD,ZE,ZF,ZG
2020-03-09 09:30,263.45,173.49,215.05,150.44,153.05,189.81,184.305,153.01,232.54,194.69,110.55,145.585,108.92,100.04,95.69,136.45,81.99,115.745,121.68,267.45,118.9,115.59,81.44,78.68,34.36,36.87,52.275,52.03,54.99,49.545
2020-03-09 09:35,263.45,173.49,215.05,150.44,153.05,189.81,184.305,153.01,232.54,194.69,110.55,145.585,108.92,100.04,95.69,136.45,81.99,115.745,121.68,267.45,118.9,115.59,81.44,78.68,34.36,36.87,52.275,52.03,54.99,49.545
2020-03-09 09:40,263.45,173.49,215.05,150.44,153.05,189.81,184.305,153.01,232.54,194.69,110.55,145.585,108.92,100.04,95.69,136.45,81.99,115.745,121.68,267.45,118.9,115.59,81.44,78.68,34.36,36.87,52.275,52.03,54.99,49.545
2020-03-09 09:45,260.4,172.495,214.55,150.745,153.05,189.54,169.62,153.01,230.12,192.0,110.17,145.465,108.92,100.04,95.69,137.0,81.245,114.58,121.68,269.125,118.9,113.91,81.44,77.63,34.36,36.93,51.95,51.9,55.24,49.23
2020-03-09 09:50,263.83,175.13,213.67,154.8,153.05,190.44,173.22,152.66,231.48,193.255,110.285,147.315,108.32,98.94,96.73,137.81,81.86,115.315,117.63,272.84,119.69,115.115,81.38,77.81,31.08,37.62,52.35,51.515,55.67,48.9
2020-03-09 09:55,264.18,177.505,214.045,155.11,154.17,192.065,177.2,154.2,233.995,196.95,111.035,148.3,109.75,99.58,97.83,138.02,82.87,116.32,118.505,272.51,120.0,115.62,84.97,79.24,32.65,38.005,52.745,51.97,55.535,49.285
2020-03-09 10:00,264.34,175.34,213.195,154.08,154.215,191.805,174.205,153.97,234.615,197.9,111.04,147.45,108.26,98.6,96.335,136.97,82.83,114.96,117.46,269.38,119.195,116.32,84.115,79.12,33.44,37.6,52.73,51.695,55.33,49.105
2020-03-09 10:05,267.575,176.97,215.245,157.5,155.83,194.27,177.81,155.045,238.97,199.275,111.89,149.145,109.46,99.76,97.92,137.91,83.28,116.02,118.71,275.92,121.01,117.61,84.88,80.12,33.35,38.045,53.29,51.95,55.96,49.72
2020-03-09 10:10,265.885,176.37,213.89,156.37,155.28,193.73,176.87,155.47,239.01,199.03,111.5,148.38,109.29,100.08,97.94,137.93,82.73,114.865,117.95,275.07,120.31,117.39,86.69,79.655,33.4,37.8,52.89,51.86,55.82,49.315
2020-03-09 10:15,265.46,177.11,215.595,157.21,156.16,194.04,177.09,156.53,240.0,199.515,112.05,149.35,109.64,100.615,97.96,138.06,83.335,115.115,117.965,275.99,120.765,118.8,87.28,80.08,33.555,38.06,52.945,52.11,56.035,49.35
2020-03-09 10:20,264.55,176.33,214.62,153.98,155.08,192.93,177.03,156.09,238.0,199.2,111.205,148.35,109.01,100.545,97.36,137.85,82.87,115.21,118.15,273.325,120.29,118.5,85.6,80.27,33.525,37.845,52.84,51.77,55.78,49.26
2020-03-09 10:25,266.14,176.61,214.7,154.33,154.05,193.305,176.83,156.255,238.58,198.37,111.16,148.15,109.56,100.66,97.19,138.075,83.235,115.265,118.255,274.45,120.79,118.54,84.58,80.21,33.27,38.14,53.045,51.86,56.01,49.245
2020-03-09 10:30,268.12,176.81,215.015,154.75,154.59,192.93,176.48,156.85,240.425,199.3,111.375,148.175,109.68,100.745,97.335,138.235,83.66,115.47,118.07,274.39,121.27,118.73,85.03,80.07,33.19,38.44,53.065,51.86,56.05,49.34
2020-03-09 10:35,267.315,176.49,214.815,154.89,154.44,192.61,176.71,156.91,239.96,199.23,111.395,147.955,109.185,100.36,96.61,138.48,83.9,115.495,118.03,273.455,121.17,118.545,85.35,80.325,32.85,38.46,53.16,51.96,56.4,49.275
2020-03-09 10:40,267.42,176.525,214.17,154.46,154.05,192.255,175.97,156.405,240.43,199.76,110.99,147.7,109.11,100.23,96.33,138.45,83.9,115.29,117.71,272.24,121.085,118.22,85.6,80.31,32.71,38.51,52.985,51.795,56.5,49.38
2020-03-09 10:45,265.12,176.31,213.81,154.17,154.05,191.59,175.3,156.15,240.035,198.82,110.46,147.35,108.79,99.65,95.26,137.885,83.98,114.96,117.605,271.19,120.545,117.95,84.43,80.07,32.77,38.28,52.86,51.705,56.61,49.24
2020-03-09 10:50,265.97,176.41,213.3,154.33,153.97,190.75,174.8,155.56,238.805,197.71,109.64,146.775,107.74,99.315,95.02,137.22,83.825,114.495,116.92,271.07,119.94,117.18,83.48,79.86,32.55,38.23,52.72,51.615,56.315,48.74
2020-03-09 10:55,266.69,176.03,212.88,154.31,153.84,189.85,174.55,154.735,237.74,196.155,109.64,146.4,107.66,99.585,94.995,136.67,83.86,114.215,116.15,271.75,119.67,117.55,83.06,79.555,32.31,38.34,52.24,51.67,56.255,48.84
2020-03-09 11:00,265.97,174.82,212.52,155.055,153.31,189.45,174.29,154.29,237.28,196.61,109.53,146.1,107.16,99.6,93.78,136.47,83.88,114.08,116.86,270.43,119.86,117.6,82.565,79.51,32.15,38.355,52.28,51.6,56.105,48.5
2020-03-09 11:05,266.12,174.48,213.11,154.825,153.66,190.29,174.97,154.985,236.79,196.37,109.535,146.175,107.29,99.725,94.55,136.6,83.93,114.41,117.0,270.77,119.86,118.105,82.69,79.4,32.18,38.545,52.56,51.6,56.34,48.82
2020-03-09 11:10,267.64,174.75,213.16,155.525,154.34,190.41,175.95,155.585,237.37,198.15,109.55,146.61,107.48,100.1,94.88,137.19,84.38,114.97,117.14,272.27,120.385,119.01,82.31,79.405,32.23,38.815,52.7,51.895,56.41,49.0
2020-03-09 11:15,271.14,175.92,214.52,156.86,154.71,191.53,176.8,155.85,238.565,198.99,110.25,147.26,107.66,100.61,94.95,138.03,84.87,115.69,118.18,274.61,121.0,119.25,82.07,79.785,32.26,39.01,53.125,52.03,56.815,49.37
2020-03-09 11:20,272.09,176.43,214.6,156.57,154.88,191.755,176.9,155.11,237.91,198.98,110.17,147.015,107.55,100.92,95.43,138.36,84.87,116.14,118.2,274.43,121.0,119.25,82.23,79.875,32.485,38.96,53.165,52.03,56.82,49.38
2020-03-09 11:25,272.68,176.725,214.695,155.54,154.69,191.58,176.73,155.15,236.845,199.25,109.88,146.78,107.27,100.53,95.31,138.5,84.85,116.485,118.435,273.19,121.28,119.39,82.52,79.67,32.37,39.05,53.04,52.03,56.58,49.46
2020-03-09 11:30,275.11,176.69,214.28,156.03,155.05,190.91,177.0,154.945,237.16,198.84,110.1,146.39,106.59,100.46,95.22,138.22,84.93,116.64,118.39,273.51,121.175,119.125,82.815,79.7,32.42,39.07,53.025,52.1,56.97,49.45
2020-03-09 11:35,279.14,177.475,214.405,156.2,155.46,190.895,177.59,155.9,239.285,200.86,110.61,147.3,107.08,100.75,95.995,139.1,85.315,117.385,118.88,275.52,121.66,119.985,83.255,80.125,32.49,39.26,53.23,52.36,57.34,50.0
2020-03-09 11:40,279.04,177.315,215.005,156.91,155.43,191.71,178.925,156.33,240.31,201.34,110.52,147.44,107.46,101.05,96.145,138.98,85.31,117.355,119.17,276.27,121.92,120.51,83.025,80.44,32.525,39.37,53.455,52.55,57.26,50.43
2020-03-09 11:45,278.41,177.69,215.91,157.33,156.26,192.1,179.18,156.83,240.3,202.11,110.69,148.09,107.98,101.195,96.16,139.37,85.835,117.99,119.885,277.33,122.22,120.375,82.75,80.495,32.665,39.415,53.515,52.565,57.245,50.64
2020-03-09 11:50,279.33,177.385,215.035,156.64,156.16,191.13,178.81,156.24,239.36,202.0,110.915,148.14,108.115,101.01,96.225,138.995,85.62,117.56,119.3,276.18,121.91,119.87,82.86,80.32,32.805,39.26,53.27,52.455,57.01,50.47
2020-03-09 11:55,279.46,177.35,214.1,156.63,155.94,191.0,178.81,156.05,239.21,202.385,110.78,147.955,107.695,100.92,96.33,138.61,85.69,117.41,119.0,276.09,121.81,119.55,82.63,80.205,32.555,39.14,53.13,52.505,56.845,50.41
2020-03-09 12:00,277.89,176.815,213.22,156.0,155.985,189.45,177.935,155.21,238.215,201.19,110.44,147.43,107.7,100.35,95.92,138.37,85.6,116.75,118.94,274.91,121.42,118.61,82.31,79.99,32.415,39.09,52.9,52.405,56.69,50.02
2020-03-09 12:05,279.89,177.285,214.405,157.11,157.55,190.43,179.27,156.33,238.655,203.08,110.595,148.25,108.07,100.93,96.795,139.02,86.58,117.38,119.375,277.37,121.91,119.63,83.39,80.26,32.47,39.485,53.205,52.66,57.22,50.62
2020-03-09 12:10,280.46,177.57,213.205,156.54,156.445,190.13,178.66,155.525,237.655,203.12,110.26,147.71,108.01,100.725,96.955,139.04,86.235,116.98,119.26,276.74,121.185,119.49,83.14,80.07,32.19,39.365,53.16,52.47,56.99,50.455
2020-03-09 12:15,278.98,177.52,213.35,156.17,156.05,189.84,178.14,154.705,237.205,202.65,109.94,147.155,107.56,100.41,96.91,138.2,86.0,116.77,119.08,275.32,120.77,119.24,83.59,80.05,32.09,39.26,53.025,52.385,56.835,50.19
2020-03-09 12:20,278.1,177.255,213.57,156.37,155.93,189.58,178.66,154.46,237.19,202.29,109.68,146.925,107.105,100.7,96.99,138.275,85.64,116.525,119.04,274.81,120.48,119.36,83.11,80.11,32.015,39.165,53.04,52.275,56.815,50.06
2020-03-09 12:25,275.845,176.035,212.96,155.735,155.37,188.85,178.06,153.9,235.005,202.0,109.21,146.39,107.04,100.21,96.005,137.76,85.59,116.08,119.06,274.38,120.295,119.34,82.235,80.01,31.87,38.975,52.915,52.145,56.4,49.92
2020-03-09 12:30,276.04,175.545,212.4,155.74,155.205,188.265,177.87,153.475,233.615,201.82,108.79,145.77,106.91,100.185,95.835,137.47,85.305,115.77,118.585,273.72,119.97,118.9,82.375,79.62,31.765,38.735,52.715,51.86,56.185,49.74
2020-03-09 12:35,275.51,175.56,212.525,155.73,155.35,188.3,177.59,153.68,234.19,201.595,108.68,145.77,107.085,100.13,95.91,137.48,85.48,115.475,118.56,275.34,120.02,118.84,82.58,79.525,31.71,38.615,52.735,52.03,56.32,49.62
2020-03-09 12:40,274.93,175.02,211.49,154.76,154.7,187.255,176.83,152.755,232.745,200.97,108.17,145.155,107.03,99.73,95.6,137.165,84.965,115.02,117.8,274.29,119.645,118.18,82.335,78.98,31.54,38.425,52.52,51.745,56.09,49.35
2020-03-09 12:45,274.675,174.155,211.665,154.57,154.04,187.375,176.36,152.485,233.385,201.045,108.035,145.21,106.99,99.81,95.54,137.03,84.48,114.98,117.77,274.2,119.63,118.27,82.12,78.835,31.58,38.31,52.54,51.795,56.17,49.33
2020-03-09 12:50,274.995,174.24,212.07,154.72,154.01,188.17,176.62,152.95,233.57,201.455,107.77,145.19,106.97,99.57,95.695,137.35,84.92,115.28,118.35,274.64,119.8,118.595,82.225,79.24,31.51,38.29,52.705,51.885,56.3,49.47
2020-03-09 12:55,274.925,174.055,211.75,154.62,153.91,187.72,176.59,153.08,233.645,201.03,107.7,145.475,107.01,99.43,95.185,137.41,84.99,115.14,118.14,274.845,119.755,118.83,82.015,79.16,31.435,38.29,52.69,51.83,56.32,49.23
2020-03-09 13:00,274.8,173.64,211.79,155.02,154.25,187.58,176.5,153.32,234.45,201.54,107.79,145.58,107.39,99.82,95.2,137.465,84.96,115.43,118.12,274.61,119.93,118.47,81.955,79.22,31.465,38.215,52.68,51.69,56.385,49.22
2020-03-09 13:05,274.54,173.47,211.75,154.47,153.765,187.515,176.37,152.95,233.84,201.43,107.53,145.31,107.325,99.945,95.205,137.47,84.62,115.62,118.06,274.635,119.98,118.43,81.74,79.3,31.445,38.24,52.64,51.7,56.375,49.175
2020-03-09 13:10,275.29,173.66,212.115,155.16,154.4,188.12,176.94,153.62,234.07,202.05,107.65,146.08,107.78,100.175,95.52,137.98,84.9,115.725,118.55,275.83,120.31,118.7,82.135,79.56,31.54,38.43,52.79,51.8,56.565,49.34
2020-03-09 13:15,274.55,173.565,211.45,154.74,154.115,187.39,176.91,152.8,233.25,200.99,107.16,145.46,107.695,100.15,95.39,137.51,84.72,115.905,118.22,274.83,120.31,118.55,81.95,79.31,31.47,38.26,52.6,51.565,56.425,49.08
2020-03-09 13:20,274.54,173.27,211.21,154.7,153.93,187.35,176.915,152.3,233.26,200.5,106.69,145.27,107.52,99.99,95.255,137.4,84.64,115.815,118.06,274.0,120.01,119.09,81.45,79.24,31.475,38.225,52.52,51.52,56.305,49.01
2020-03-09 13:25,273.48,172.94,211.11,154.29,153.84,187.11,176.7,151.92,232.66,200.02,106.39,145.28,107.29,99.735,95.06,136.9,84.25,115.775,117.76,273.41,119.85,118.685,81.215,79.25,31.43,38.215,52.475,51.31,56.13,48.85
2020-03-09 13:30,273.43,172.35,210.11,153.68,153.36,186.44,175.78,151.27,231.645,199.56,106.415,145.19,106.63,99.24,94.54,136.58,83.86,115.57,117.3,272.46,119.39,118.13,81.155,78.88,31.21,38.055,52.24,51.16,55.79,48.54
2020-03-09 13:35,272.44,172.205,209.825,153.11,153.0,186.25,175.62,151.28,231.45,199.24,105.91,145.135,106.63,99.1,94.44,136.495,83.815,115.39,116.94,271.99,119.08,117.48,81.135,78.71,31.15,37.935,52.16,51.04,55.575,48.54
2020-03-09 13:40,271.14,172.11,209.39,152.47,152.85,185.97,175.49,151.01,230.0,199.24,105.985,144.69,106.15,99.25,94.225,136.18,83.62,114.87,116.645,271.02,118.84,117.29,81.005,78.68,31.04,37.84,51.94,50.745,55.57,48.27
2020-03-09 13:45,272.2,172.5,210.68,153.21,153.065,186.67,175.625,151.52,230.91,198.78,106.23,145.13,106.505,99.35,94.34,136.535,83.99,115.275,117.05,272.47,118.995,117.875,81.24,78.9,30.95,37.955,52.155,50.925,55.6,48.43
2020-03-09 13:50,271.065,171.42,209.785,152.205,152.375,185.63,174.58,150.86,230.085,198.14,105.65,144.6,105.95,99.08,94.09,135.805,83.425,114.705,116.45,271.15,118.38,117.5,80.995,78.505,30.795,37.7,51.81,50.47,55.4,48.245
2020-03-09 13:55,272.04,171.22,209.99,152.54,152.455,185.83,174.61,150.96,230.15,198.27,105.43,144.54,106.05,99.0,94.05,135.995,83.525,114.59,116.425,270.61,118.52,117.7,81.005,78.665,30.86,37.865,51.89,50.35,55.47,48.245
2020-03-09 14:00,271.05,170.64,209.07,151.75,151.98,185.23,173.925,150.08,228.0,197.85,105.065,144.05,105.43,98.49,93.76,135.655,83.41,114.44,115.91,268.72,117.75,116.985,80.555,78.27,30.72,37.86,51.635,50.17,55.29,48.28
2020-03-09 14:05,270.875,170.57,209.64,151.895,151.89,185.1,173.89,150.31,228.095,198.895,104.635,143.63,105.445,98.005,93.765,135.27,83.16,114.185,115.8,268.53,117.54,117.145,80.54,78.42,30.84,37.86,51.67,50.29,55.31,48.34
2020-03-09 14:10,272.01,170.725,209.75,152.78,152.19,185.77,174.14,150.615,228.705,198.85,104.99,143.92,105.95,97.73,94.415,135.93,83.19,114.295,116.11,270.22,117.895,117.69,81.25,78.72,30.88,38.04,51.86,50.79,55.6,48.71
2020-03-09 14:15,272.89,171.68,210.99,153.47,152.67,186.33,175.145,152.245,229.27,201.19,105.395,144.87,106.16,98.11,94.975,136.375,83.85,114.875,116.83,271.1,118.585,118.155,81.395,78.89,30.985,38.195,52.09,50.995,55.785,48.91
2020-03-09 14:20,271.92,171.555,210.33,152.94,152.55,186.57,174.84,152.195,229.645,200.37,105.145,144.95,105.93,98.015,94.62,136.195,83.71,114.605,116.84,270.64,118.48,117.92,81.69,78.94,31.095,38.065,52.17,50.905,55.72,48.8
2020-03-09 14:25,270.855,171.33,209.03,152.16,151.54,186.225,173.84,151.44,228.77,200.02,104.77,144.3,105.535,97.63,94.015,135.66,83.445,113.985,116.24,269.13,118.08,117.555,81.38,78.84,30.77,37.905,51.975,50.765,55.42,48.42
2020-03-09 14:30,271.07,170.51,208.92,152.1,151.69,185.53,173.46,151.41,227.67,199.435,104.68,144.07,105.195,97.66,93.72,135.485,83.56,113.68,115.9,269.54,117.81,117.68,81.09,78.67,30.79,37.94,51.945,50.7,55.235,48.34
2020-03-09 14:35,271.98,170.9,209.05,152.68,152.23,185.89,174.07,151.66,227.05,199.92,104.795,144.4,105.66,97.75,93.49,135.81,83.585,113.98,116.11,269.92,117.83,117.97,81.61,78.67,30.86,37.915,52.03,50.77,55.53,48.435
2020-03-09 14:40,270.25,170.695,207.85,151.495,150.825,184.25,172.5,150.965,225.55,198.205,104.29,143.79,105.25,97.07,93.015,135.095,82.995,113.395,115.445,268.2,117.42,117.28,81.57,78.21,31.01,37.725,51.575,50.56,55.09,48.385
2020-03-09 14:45,271.2,170.32,207.97,152.01,151.02,184.47,173.08,151.55,226.015,198.56,104.42,144.33,105.33,97.31,93.455,135.215,83.465,113.87,115.55,268.77,117.845,117.0,82.23,78.45,31.025,37.85,51.73,50.755,55.395,48.56
2020-03-09 14:50,273.46,172.035,209.205,153.465,151.94,186.17,174.645,152.755,228.215,200.35,105.38,144.94,106.09,97.92,94.22,136.23,84.095,114.64,116.7,270.875,118.805,117.85,83.15,78.94,31.28,38.115,52.21,51.32,55.655,48.98
2020-03-09 14:55,274.04,171.84,209.96,153.505,152.43,186.02,174.53,153.005,228.96,200.255,105.56,145.66,106.24,98.215,94.04,136.15,84.21,115.03,116.26,270.13,119.04,118.115,83.07,78.965,31.36,38.15,52.09,51.51,55.54,49.035
2020-03-09 15:00,275.28,172.47,210.23,153.79,152.525,186.765,175.34,153.45,229.7,201.16,105.91,145.65,106.24,98.77,94.125,136.655,84.425,115.5,116.91,271.31,119.49,118.05,83.095,79.195,31.375,38.35,52.31,51.635,55.855,49.245
2020-03-09 15:05,275.06,172.625,209.96,153.33,151.98,186.035,174.625,152.49,228.875,200.31,105.66,145.15,106.01,98.57,94.02,136.205,84.51,115.26,116.43,270.39,119.04,117.66,82.395,79.0,31.195,38.295,52.185,51.385,55.825,49.275
2020-03-09 15:10,273.54,171.86,209.255,152.61,151.55,185.66,173.795,152.215,228.545,199.21,105.165,145.0,105.75,98.22,93.605,135.385,84.17,115.12,115.94,269.5,118.725,117.5,82.445,78.8,31.06,38.155,51.92,51.19,55.63,49.16
2020-03-09 15:15,274.995,172.45,209.875,153.1,151.82,186.295,174.23,152.29,228.92,200.27,105.365,145.095,106.14,98.705,93.95,135.81,84.62,115.325,116.265,269.97,119.04,117.675,82.265,79.15,30.93,38.205,52.045,51.32,55.82,49.08
2020-03-09 15:20,275.5,173.44,210.64,154.04,152.9,186.62,174.815,153.41,229.805,200.35,106.295,145.405,106.58,98.99,94.52,136.54,84.62,116.025,116.8,272.13,119.38,118.055,82.735,79.23,31.15,38.485,52.275,51.565,56.2,49.32
2020-03-09 15:25,276.115,173.46,211.6,153.805,152.685,186.885,174.32,153.55,231.18,200.805,106.29,145.345,106.57,99.25,94.32,136.625,84.915,116.27,116.845,272.18,119.72,117.85,83.255,79.27,31.05,38.45,52.15,51.7,56.325,49.335
2020-03-09 15:30,275.46,172.85,210.19,153.37,152.23,186.45,173.9,153.355,230.585,199.9,105.705,145.33,106.115,99.13,94.025,136.51,84.615,116.435,116.34,271.19,119.335,117.595,82.77,78.995,30.875,38.5,52.025,51.495,55.93,49.255
2020-03-09 15:35,277.15,174.17,212.19,154.54,153.065,187.74,174.57,153.895,231.02,201.3,105.86,146.235,106.25,99.555,94.575,137.3,85.11,117.765,117.46,272.89,120.07,118.325,83.135,79.505,31.035,38.715,52.56,51.89,56.38,49.375
2020-03-09 15:40,276.99,173.98,211.51,154.465,153.2,187.79,175.23,154.68,230.65,200.86,105.505,145.96,106.32,99.7,94.26,137.5,85.31,117.97,117.375,272.925,119.755,118.455,82.675,79.5,30.955,38.615,52.61,51.785,56.36,49.11
2020-03-09 15:45,276.45,174.39,212.1,154.19,153.205,188.155,174.86,154.43,230.815,201.67,105.31,145.99,106.37,99.97,94.46,137.62,85.33,118.18,117.395,272.78,119.65,118.275,82.245,79.75,30.96,38.63,52.52,51.71,56.355,49.16
2020-03-09 15:50,276.76,174.37,211.505,153.33,152.57,187.91,173.895,153.99,229.81,200.51,105.11,145.61,105.71,99.28,94.27,138.015,84.99,117.82,117.295,272.36,119.06,118.26,81.3,79.94,30.83,38.44,52.41,51.55,56.47,48.945
2020-03-09 15:55,272.87,172.775,210.25,150.74,151.38,186.74,170.81,153.18,227.34,198.43,104.175,144.19,104.33,98.34,93.28,136.33,84.07,116.3,116.04,266.35,117.66,117.35,80.655,79.05,30.6,37.945,51.87,50.825,55.85,48.585
2020-03-10 09:30,282.17,184.545,217.95,157.105,155.74,193.22,179.12,156.605,236.635,202.595,107.78,149.72,108.79,102.485,97.94,141.19,86.86,118.76,119.24,278.79,121.395,118.785,85.51,80.42,30.6,39.3,53.23,52.875,56.235,50.39
2020-03-10 09:35,282.36,183.39,217.415,156.045,154.78,194.18,177.3,156.435,233.335,203.11,106.54,149.64,108.035,101.58,96.72,141.3,86.33,118.4,119.73,275.79,120.68,119.46,85.155,80.32,30.6,39.09,53.215,52.44,56.095,50.07
2020-03-10 09:40,282.37,180.77,214.71,156.19,155.235,192.6,176.42,156.32,229.25,202.915,105.77,150.125,107.18,101.125,95.73,139.99,86.04,117.745,119.11,277.34,120.08,118.925,84.52,80.25,30.6,39.01,52.915,52.29,55.62,49.65
2020-03-10 09:45,283.11,179.87,214.46,156.415,155.44,192.67,176.34,155.7,228.92,202.7,105.12,150.08,107.29,101.615,96.565,139.97,86.18,117.4,119.375,276.78,119.92,119.23,84.635,80.32,30.6,38.96,52.72,52.015,55.49,49.805
2020-03-10 09:50,282.5,181.3,214.32,156.53,155.82,193.17,176.84,155.81,231.255,202.95,105.23,150.415,108.05,102.38,97.02,139.34,86.22,117.62,119.26,278.7,119.72,119.36,84.75,80.05,30.6,39.09,52.79,51.955,55.53,49.88
2020-03-10 09:55,282.175,181.42,214.43,156.73,155.76,193.2,176.55,156.35,231.54,203.37,105.1,150.79,108.44,102.77,97.03,139.01,86.13,117.47,118.89,279.19,119.92,119.185,84.58,79.995,30.6,39.13,52.7,51.865,55.44,50.045
2020-03-10 10:00,282.71,182.205,215.445,157.82,156.55,193.76,177.31,156.915,230.51,203.1,105.11,150.04,107.555,102.67,97.64,138.885,86.26,117.84,119.195,280.3,120.115,120.02,85.03,80.055,30.6,39.085,52.89,52.06,55.4,49.95
2020-03-10 10:05,282.185,182.75,216.28,158.2,156.7,193.525,177.5,157.415,230.09,203.46,105.13,150.48,107.98,102.52,98.11,138.46,86.685,117.955,119.64,280.285,120.25,120.345,85.52,80.22,30.6,39.17,52.895,52.39,55.48,49.905
2020-03-10 10:10,282.215,182.29,216.66,158.88,157.58,193.93,178.35,157.93,230.735,203.87,105.04,151.14,107.615,102.785,97.975,138.3,86.855,118.075,119.845,281.63,119.925,120.425,85.635,80.34,30.6,39.135,53.19,52.45,55.73,49.715
2020-03-10 10:15,281.29,182.095,216.19,158.35,157.5,193.545,178.36,157.85,230.975,203.15,104.69,150.575,107.41,102.16,97.635,137.98,86.5,118.0,119.7,280.59,120.16,120.32,85.345,80.26,30.6,39.12,53.18,52.535,55.465,49.455
2020-03-10 10:20,280.22,182.345,216.45,158.2,157.27,193.34,178.31,157.36,229.8,202.59,104.175,149.925,107.54,101.91,97.775,137.76,86.425,117.83,118.98,280.33,120.075,120.27,85.4,80.145,30.6,39.23,52.93,52.75,55.31,49.245
2020-03-10 10:25,277.34,182.44,215.515,157.92,156.685,192.19,177.93,156.63,228.16,201.11,103.62,148.795,107.28,101.285,97.43,137.16,85.95,117.5,118.19,279.515,119.14,119.445,85.02,79.77,30.6,39.145,52.67,52.55,54.925,48.815
2020-03-10 10:30,277.87,182.135,214.75,158.0,156.64,191.39,177.29,156.05,226.7,200.955,103.24,148.0,106.985,101.24,97.345,136.7,85.9,116.66,117.45,279.465,119.08,118.8,85.33,79.53,30.6,39.21,52.45,52.28,54.61,48.545
2020-03-10 10:35,277.905,182.47,215.06,157.85,156.7,191.84,176.675,155.995,226.6,200.41,102.32,148.1,106.525,101.31,97.04,136.93,85.675,116.355,117.375,278.565,118.84,118.67,84.865,79.67,30.6,39.095,52.31,52.13,54.555,48.485
2020-03-10 10:40,277.25,182.395,215.23,156.975,156.56,191.415,176.48,156.13,226.66,200.36,102.3,148.23,106.55,101.415,96.73,136.88,85.64,116.125,117.305,277.76,118.67,118.35,84.255,79.61,30.6,38.97,52.3,51.905,54.22,48.4
2020-03-10 10:45,277.285,182.0,214.105,155.59,155.88,191.34,175.875,155.92,224.75,199.255,102.12,147.655,105.86,101.01,96.26,136.325,85.16,116.01,116.95,275.615,118.13,117.86,83.84,79.28,30.6,38.74,52.155,51.78,54.155,48.02
2020-03-10 10:50,276.405,180.69,213.86,155.215,155.61,189.92,175.09,156.055,223.12,198.36,101.63,147.17,105.83,100.68,96.005,135.79,84.845,115.58,116.255,275.38,117.67,117.47,83.245,78.94,30.6,38.57,52.08,51.54,53.95,47.86
2020-03-10 10:55,276.74,179.455,214.75,154.795,155.12,190.125,175.175,155.81,222.92,198.64,101.7,147.2,105.345,100.13,95.55,135.815,84.94,115.26,116.42,275.215,117.59,117.62,83.005,78.98,30.6,38.595,51.875,51.41,54.16,48.01
2020-03-10 11:00,276.81,179.42,214.255,154.9,155.08,190.39,175.53,156.01,222.74,198.765,102.03,147.48,105.49,99.18,95.38,136.0,85.24,115.09,116.735,275.33,117.77,117.83,83.35,79.2,30.6,38.63,52.045,51.67,54.445,48.255
2020-03-10 11:05,279.91,179.74,215.57,156.03,156.005,191.23,175.89,156.325,225.4,199.83,102.765,148.12,105.875,99.41,96.25,136.68,85.31,115.545,117.195,277.03,118.24,118.32,83.165,79.395,30.6,38.825,52.19,51.795,54.745,48.39
2020-03-10 11:10,277.38,178.9,213.97,154.87,154.735,190.585,174.65,155.1,222.3,198.7,101.87,147.84,105.23,98.765,96.105,135.83,84.705,115.2,116.36,275.06,117.54,117.91,82.405,78.985,30.6,38.535,51.93,51.415,54.655,48.0
2020-03-10 11:15,276.33,177.92,213.99,154.27,154.52,190.27,174.37,155.29,221.53,197.64,101.16,147.09,105.045,98.795,95.685,135.71,84.335,114.725,116.24,273.7,117.12,117.72,81.77,78.735,30.6,38.365,51.89,51.2,54.775,47.66
2020-03-10 11:20,276.28,176.94,212.33,153.54,153.19,189.88,173.01,155.05,220.065,197.11,100.59,146.52,104.455,98.31,95.455,134.86,83.92,114.3,115.45,272.05,116.89,117.0,81.35,78.445,30.6,38.16,51.565,51.03,54.53,47.59
2020-03-10 11:25,274.88,175.88,212.04,153.12,152.23,188.89,172.79,154.27,219.27,196.155,100.035,145.93,103.995,98.085,95.06,134.66,83.66,114.04,115.53,272.27,116.7,116.25,81.56,78.07,30.6,38.035,51.31,50.705,54.355,47.18
2020-03-10 11:30,273.98,175.715,211.57,153.09,152.02,188.705,172.875,154.355,219.205,195.915,99.49,145.515,103.595,98.39,95.195,134.755,83.55,114.0,115.39,271.53,116.39,116.12,81.39,77.86,30.6,38.01,51.49,50.765,54.4,47.215
2020-03-10 11:35,274.43,174.145,212.085,153.56,151.0,188.93,172.96,154.125,218.075,195.61,99.47,145.65,103.065,98.44,95.02,134.775,83.44,114.25,115.12,271.025,116.41,116.03,81.5,78.22,30.6,38.07,51.605,50.64,54.61,47.265
2020-03-10 11:40,277.835,174.395,213.49,154.78,153.03,189.835,174.325,155.11,219.74,196.65,100.1,146.3,104.16,98.875,95.51,135.47,83.46,114.87,115.6,272.83,116.545,116.63,81.91,78.61,30.6,38.235,51.8,51.01,54.75,47.29
2020-03-10 11:45,279.2,175.15,214.58,154.69,153.5,190.66,174.78,155.67,219.43,197.525,100.51,146.15,104.82,99.03,96.145,135.98,83.99,115.1,115.96,273.0,117.125,116.89,82.16,78.81,30.6,38.265,51.97,51.01,54.74,47.445
2020-03-10 11:50,277.45,173.97,212.775,153.635,152.43,189.29,173.09,154.78,216.23,196.41,99.84,145.115,103.965,98.11,94.82,135.51,83.255,114.51,115.42,271.53,116.37,116.21,81.38,78.305,30.6,38.02,51.65,50.715,54.41,47.2
2020-03-10 11:55,277.35,175.0,213.55,154.08,152.86,190.055,173.685,155.015,215.97,196.45,99.81,145.29,104.385,98.36,95.27,135.99,83.705,114.59,115.24,272.69,116.66,116.43,81.27,78.35,30.6,38.085,51.605,50.79,54.53,47.44
2020-03-10 12:00,279.1,175.355,215.2,154.85,154.205,190.95,174.55,155.73,218.08,197.835,100.78,146.285,105.27,98.55,95.855,136.79,84.2,115.1,115.69,274.41,117.45,116.83,82.55,78.37,30.6,38.31,51.84,50.985,54.76,47.675
2020-03-10 12:05,279.56,175.42,215.26,155.34,153.77,190.96,174.81,155.615,218.115,198.57,100.98,146.285,105.245,98.14,95.94,136.825,84.4,115.09,115.86,275.05,117.65,116.51,82.87,78.62,30.6,38.41,51.995,51.115,54.79,47.57
2020-03-10 12:10,281.62,177.13,217.17,156.53,154.705,192.97,175.46,156.74,220.75,200.17,102.14,147.37,105.895,98.75,96.955,137.425,84.965,115.98,116.73,277.3,118.48,117.28,84.2,79.055,30.6,38.68,52.305,51.49,55.06,47.81
2020-03-10 12:15,282.6,177.15,217.66,156.71,155.115,192.545,175.73,156.59,220.77,200.015,102.25,147.68,106.4,98.655,96.86,137.665,84.925,115.84,116.74,277.66,118.52,117.36,83.91,79.09,30.6,38.65,52.325,51.485,55.01,47.79
2020-03-10 12:20,280.485,176.99,217.33,156.485,155.12,192.3,175.24,156.345,219.69,199.38,101.95,147.285,106.0,98.51,96.74,137.12,84.525,115.725,116.295,277.16,118.36,117.1,83.46,78.92,30.6,38.63,52.175,51.445,55.08,47.59
2020-03-10 12:25,279.085,176.58,216.495,155.65,154.97,191.4,174.485,155.555,219.42,197.775,101.11,146.87,105.48,98.22,96.285,136.465,84.105,115.6,115.54,275.085,118.09,116.155,82.905,78.38,30.6,38.43,51.835,51.235,54.79,47.415
2020-03-10 12:30,276.47,175.28,214.845,155.21,154.9,189.95,173.99,154.645,217.44,196.67,100.24,145.73,104.93,97.64,95.74,135.83,83.55,114.78,114.73,274.51,117.42,115.36,81.96,77.705,30.6,38.24,51.55,51.03,54.445,47.24
2020-03-10 12:35,277.545,175.915,215.35,155.34,155.305,190.665,174.195,155.3,217.63,197.57,100.81,146.345,105.15,98.02,96.385,136.585,83.87,114.87,115.53,275.88,118.0,115.93,82.46,78.285,30.6,38.42,51.67,51.16,54.57,47.33
2020-03-10 12:40,277.39,176.1,216.255,156.17,155.71,191.31,175.02,156.04,218.365,198.1,101.08,147.08,106.08,98.33,96.54,137.08,84.01,115.35,115.92,276.935,118.35,116.25,82.95,78.46,30.6,38.54,51.995,51.36,54.76,47.625
2020-03-10 12:45,278.27,174.99,216.5,155.7,155.89,191.365,175.06,156.055,218.2,198.36,101.39,147.295,105.45,98.21,96.32,136.91,83.855,115.51,115.835,276.155,118.13,115.95,82.515,78.69,30.6,38.42,51.99,51.22,54.78,47.42
2020-03-10 12:50,279.135,175.35,217.34,156.46,156.35,191.59,175.8,156.45,218.61,198.57,101.67,147.67,106.37,98.51,96.67,137.43,84.21,115.99,116.47,277.125,118.6,116.76,83.18,78.965,30.6,38.65,52.175,51.385,55.02,47.51
2020-03-10 12:55,278.23,176.29,217.63,155.88,156.335,191.74,175.14,156.11,218.17,198.99,101.89,147.31,105.96,98.63,97.29,137.3,83.945,116.005,116.305,276.5,118.48,116.335,83.29,79.05,30.6,38.56,52.13,51.4,54.87,47.45
2020-03-10 13:00,276.39,175.65,216.545,154.84,156.24,190.63,174.59,155.59,218.14,197.76,101.46,146.985,105.65,97.965,96.63,136.72,83.58,115.62,115.51,275.32,118.12,116.02,83.0,78.39,30.6,38.48,51.875,51.15,54.55,47.21
2020-03-10 13:05,279.48,177.17,218.125,155.76,157.12,191.62,175.0,156.92,219.255,199.83,102.27,148.09,106.45,98.76,97.46,137.59,84.37,116.0,116.29,277.31,119.055,116.805,83.43,79.09,30.6,38.89,52.215,51.525,54.96,47.735
2020-03-10 13:10,277.91,177.43,218.38,156.0,157.175,192.81,176.0,156.935,219.575,199.41,102.61,148.245,106.52,98.99,97.78,137.8,84.34,116.97,116.49,277.49,119.22,116.835,83.645,79.29,30.6,38.905,52.16,51.505,54.985,47.62
2020-03-10 13:15,278.265,178.25,219.17,156.33,157.41,193.165,176.43,156.86,219.645,199.97,102.82,148.575,106.28,99.07,97.86,137.935,84.77,116.87,116.65,277.8,119.45,116.88,83.49,79.495,30.6,38.92,52.235,51.47,55.01,47.71
2020-03-10 13:20,278.365,178.41,219.415,156.6,157.96,193.1,176.65,156.955,219.89,200.79,102.99,148.63,106.425,99.56,97.545,137.77,84.95,116.84,116.9,277.28,119.46,116.78,83.56,79.65,30.6,39.01,52.265,51.49,54.99,47.71
2020-03-10 13:25,277.085,177.65,218.675,156.375,158.2,192.73,175.7,156.485,220.07,200.135,102.81,148.45,106.26,99.41,97.495,137.1,84.58,116.56,116.29,277.0,119.22,116.36,83.19,79.3,30.6,38.89,52.01,51.41,54.74,47.63
2020-03-10 13:30,277.04,178.51,218.88,156.215,157.56,192.87,176.455,156.42,219.99,200.02,102.7,148.72,106.84,99.49,98.22,137.37,84.82,116.64,116.36,277.18,119.575,116.65,83.64,79.225,30.6,39.05,52.195,51.78,54.865,47.37
2020-03-10 13:35,275.07,178.13,217.73,155.7,156.835,192.14,175.53,156.03,218.335,199.86,102.84,148.53,105.89,99.145,98.17,136.695,84.625,116.04,115.78,275.68,119.37,115.715,83.29,78.79,30.6,38.82,51.82,51.475,54.555,47.28
2020-03-10 13:40,275.005,177.36,218.19,155.61,156.795,191.97,175.6,156.425,218.56,199.29,102.65,148.15,105.81,99.035,98.295,136.625,84.83,116.01,116.035,274.91,119.135,115.74,83.01,78.98,30.6,38.76,51.895,51.36,54.555,47.36
2020-03-10 13:45,273.3,176.245,217.36,155.01,155.81,191.13,175.0,155.395,217.48,199.14,102.17,147.25,105.48,98.585,97.66,136.4,84.505,115.58,115.52,273.95,118.605,115.48,82.6,78.96,30.6,38.66,51.745,51.215,54.31,47.015
2020-03-10 13:50,273.34,175.36,216.85,154.485,155.175,191.065,174.71,154.83,217.365,198.18,101.665,146.75,105.4,98.69,97.435,135.99,84.385,115.23,115.24,273.58,118.42,115.315,82.43,78.85,30.6,38.56,51.66,51.175,54.27,46.92
2020-03-10 13:55,274.53,175.04,217.25,154.66,155.12,191.13,175.12,155.3,217.53,198.16,101.98,146.92,105.21,98.69,97.75,136.68,84.48,115.22,115.635,274.065,118.6,115.69,82.96,79.04,30.6,38.755,51.835,51.23,54.42,47.0
2020-03-10 14:00,273.78,174.04,216.935,153.985,154.88,190.725,174.46,155.345,218.16,197.79,102.12,147.09,105.17,98.64,97.45,136.34,84.36,114.89,115.59,273.04,118.535,115.83,82.77,78.99,30.6,38.64,51.805,51.1,54.35,47.11
2020-03-10 14:05,273.565,174.02,217.39,154.76,155.36,191.51,175.12,155.79,219.405,198.27,102.38,147.64,105.785,98.71,97.55,136.84,84.345,115.29,115.75,274.57,118.97,116.39,83.63,79.075,30.6,38.845,51.92,51.475,54.635,47.285
2020-03-10 14:10,274.13,174.89,218.285,155.22,155.485,191.91,175.3,155.87,219.715,198.965,102.52,147.69,106.16,99.28,98.26,137.01,84.9,115.72,116.39,275.28,119.305,116.605,83.92,79.34,30.6,38.86,51.975,51.445,54.84,47.4
2020-03-10 14:15,274.915,175.47,218.32,154.91,155.565,192.31,175.26,156.23,219.51,198.63,102.865,148.22,106.2,99.495,98.56,137.09,84.84,116.0,116.06,274.635,119.37,116.405,83.99,79.28,30.6,38.94,51.895,51.585,54.74,47.495
2020-03-10 14:20,274.41,174.94,217.51,154.255,155.225,191.755,174.37,155.79,219.755,197.815,102.5,148.07,106.005,99.2,97.88,136.44,84.56,115.68,115.59,273.42,119.14,116.005,83.3,78.995,30.6,38.855,51.67,51.395,54.55,47.445
2020-03-10 14:25,276.355,175.25,218.705,155.555,156.41,191.97,175.29,156.265,220.21,198.64,103.155,148.75,106.65,99.41,97.5,136.95,85.18,115.5,116.315,275.45,119.92,116.545,83.92,79.35,30.6,39.06,51.91,51.615,54.86,47.445
2020-03-10 14:30,277.395,176.23,219.525,156.09,156.52,192.64,175.89,156.7,221.105,199.295,103.495,149.16,106.915,99.88,98.455,137.29,85.495,116.41,116.39,276.355,120.66,116.56,84.055,79.66,30.6,39.235,52.04,51.88,54.96,47.905
2020-03-10 14:35,276.76,176.84,219.9,156.04,157.28,192.79,175.895,157.025,221.45,199.66,103.65,149.39,107.35,100.19,98.745,137.5,85.45,116.66,116.1,276.23,120.66,116.56,84.01,79.68,30.6,39.22,51.93,51.99,55.035,47.91
2020-03-10 14:40,278.55,178.44,221.14,156.965,158.21,193.73,177.45,158.065,221.95,201.125,104.26,150.06,108.19,100.74,99.705,138.19,86.12,117.12,116.62,278.03,121.76,116.85,84.38,80.19,30.6,39.47,52.195,52.4,55.4,48.29
2020-03-10 14:45,279.38,179.0,221.51,157.88,158.79,195.095,178.48,158.79,222.4,202.24,104.46,150.88,109.495,101.43,100.535,139.065,86.5,117.62,117.545,279.045,122.9,117.41,84.6,80.54,30.6,39.6,52.49,52.78,55.66,48.35
2020-03-10 14:50,278.225,179.13,222.23,157.55,158.7,194.64,178.25,158.46,221.565,201.93,104.21,150.27,108.57,101.265,99.96,139.15,86.21,117.61,117.57,278.08,122.71,117.41,84.17,80.41,30.6,39.5,52.345,52.54,55.5,48.31
2020-03-10 14:55,278.18,178.96,221.64,157.03,158.685,193.9,178.185,158.26,221.01,201.815,104.03,149.945,108.22,101.16,99.58,138.39,86.46,117.45,117.16,278.06,122.05,117.25,83.84,80.055,30.6,39.44,52.19,52.535,55.395,48.27
2020-03-10 15:00,278.66,180.21,223.175,157.58,159.275,195.55,179.4,159.095,222.33,202.55,104.4,150.51,108.89,101.54,100.02,139.165,86.875,117.89,117.89,279.74,123.08,117.475,84.0,80.745,30.6,39.67,52.55,52.98,55.61,48.655
2020-03-10 15:05,280.83,179.605,223.32,157.29,158.85,195.195,178.75,158.845,222.36,202.37,103.92,150.43,108.88,101.64,99.895,138.915,86.76,118.15,118.01,279.11,122.94,117.39,84.04,80.56,30.6,39.51,52.55,52.89,55.54,48.53
2020-03-10 15:10,280.85,180.135,223.59,157.7,159.01,195.825,179.27,159.205,222.81,202.455,103.52,150.545,109.07,102.0,100.015,139.31,86.94,118.49,118.31,279.34,123.31,118.1,84.195,80.91,30.6,39.625,52.69,53.105,55.74,48.62
2020-03-10 15:15,281.665,180.7,225.01,158.82,159.92,196.93,179.9,159.61,224.23,203.55,104.53,151.28,109.53,102.66,100.86,140.54,87.46,119.27,119.09,280.54,124.0,118.74,84.86,81.43,30.6,39.9,53.165,53.38,56.27,48.86
2020-03-10 15:20,280.855,181.185,224.845,158.76,160.07,197.49,180.35,159.93,224.66,203.39,104.305,151.505,110.135,102.96,100.885,140.5,87.47,119.56,119.28,280.83,124.47,119.08,84.57,81.36,30.6,39.77,53.11,53.22,56.18,48.79
2020-03-10 15:25,279.5,180.5,223.36,157.73,159.28,196.44,179.35,159.41,223.895,202.24,104.06,151.12,109.64,102.43,100.195,139.445,87.155,118.68,118.94,278.54,123.73,118.63,84.15,81.0,30.6,39.56,52.81,53.085,55.855,48.445
2020-03-10 15:30,279.32,180.96,223.82,157.73,159.41,196.27,179.8,159.75,224.05,202.3,103.89,150.98,109.5,102.13,100.045,139.81,87.23,118.82,118.54,279.24,123.39,118.57,83.64,81.06,30.6,39.47,52.795,53.06,55.705,48.505
2020-03-10 15:35,281.06,181.31,224.92,158.67,160.06,197.83,180.34,160.5,225.81,203.055,104.815,151.66,110.195,102.55,100.6,140.33,87.86,119.085,119.57,280.945,124.03,119.51,84.3,81.535,30.6,39.685,53.18,53.4,56.08,48.705
2020-03-10 15:40,279.925,180.68,224.4,158.15,159.59,197.66,179.925,160.26,224.5,203.34,104.93,151.71,110.04,101.98,100.51,140.28,87.43,118.6,119.335,280.46,123.745,118.97,84.325,81.41,30.6,39.6,53.09,53.055,56.02,48.625
2020-03-10 15:45,280.325,181.895,225.55,159.09,160.43,198.55,180.92,160.955,225.29,204.96,105.17,152.33,110.63,102.68,100.78,141.05,87.965,119.125,119.98,282.33,124.395,119.57,84.45,81.88,30.6,39.855,53.33,53.42,56.29,48.88
2020-03-10 15:50,280.45,183.37,225.44,159.95,160.72,199.33,181.72,161.14,227.44,206.235,106.08,153.06,111.26,103.02,101.005,141.45,88.25,119.43,120.37,283.405,124.58,119.83,84.67,81.965,30.6,39.985,53.65,53.88,56.605,49.15
2020-03-10 15:55,279.98,184.58,225.765,160.995,161.37,199.88,182.59,161.84,231.01,206.93,106.49,153.35,111.47,103.3,100.71,141.665,88.31,119.62,120.55,285.365,124.83,119.635,84.94,81.9,30.6,40.09,53.575,53.985,56.455,49.115
2020-03-11 09:30,278.6,180.295,217.805,156.74,157.59,193.885,178.55,157.14,224.715,202.47,103.89,148.97,108.42,100.315,98.3,138.225,84.48,115.84,117.86,278.82,121.76,118.2,83.83,79.98,30.11,38.93,52.33,53.1,54.955,48.37
2020-03-11 09:35,276.68,179.0,216.7,155.55,157.46,194.02,177.11,156.56,224.105,202.03,103.39,148.19,107.57,99.245,98.36,136.99,83.43,115.29,117.91,278.36,121.015,118.65,83.41,79.06,29.71,39.08,52.2,52.86,55.02,48.37
2020-03-11 09:40,277.86,178.9,217.07,156.28,158.2,193.42,176.61,156.905,222.445,201.745,103.67,148.34,107.44,99.5,97.92,137.26,83.61,114.93,117.98,277.66,121.285,118.37,83.41,79.3,29.55,39.02,52.235,52.88,55.025,47.915
2020-03-11 09:45,277.09,178.39,216.59,155.685,158.16,193.715,177.09,156.405,218.62,201.27,103.05,148.115,107.14,99.19,97.765,136.6,83.77,114.76,117.595,277.915,121.35,118.2,83.305,79.2,29.08,38.91,52.21,52.895,54.95,47.94
2020-03-11 09:50,279.46,177.59,216.665,156.095,158.04,193.66,177.095,155.725,214.79,201.88,103.25,147.89,106.73,99.115,97.65,136.61,84.08,115.04,117.46,277.35,121.45,117.64,83.485,79.425,29.475,38.91,52.265,52.925,54.985,47.795
2020-03-11 09:55,279.44,176.99,217.22,156.58,158.42,194.18,177.73,156.0,216.305,201.905,103.02,148.15,106.995,98.68,96.84,137.42,84.04,114.99,117.86,277.27,121.56,118.03,83.15,79.47,29.42,38.925,52.54,52.97,55.205,47.88
2020-03-11 10:00,279.85,176.505,217.175,156.37,158.285,195.36,177.87,155.34,214.185,202.095,103.35,147.07,107.095,98.18,96.74,136.845,84.11,114.61,117.66,278.04,121.565,117.69,82.87,79.155,29.415,38.74,52.48,53.13,55.155,47.75
2020-03-11 10:05,281.8,176.75,217.78,156.82,158.7,194.775,177.98,156.15,213.93,202.59,103.38,147.51,107.105,98.57,97.385,136.62,84.425,114.95,117.285,279.07,122.11,117.76,82.83,79.005,29.38,38.795,52.6,53.44,55.25,47.875
2020-03-11 10:10,280.625,177.16,218.78,156.79,158.81,194.24,177.88,156.4,213.305,202.185,104.075,148.46,106.88,98.445,97.585,136.41,84.225,114.83,117.375,278.155,121.99,117.905,82.99,79.185,29.33,38.73,52.52,53.4,55.34,48.135
2020-03-11 10:15,280.985,177.135,217.555,156.54,158.29,193.27,177.26,156.19,211.78,201.97,104.42,148.2,106.31,98.62,97.64,136.3,83.94,114.71,116.79,277.95,121.98,117.605,83.19,79.055,29.37,38.65,52.5,53.475,55.185,47.92
2020-03-11 10:20,281.16,176.535,216.28,155.72,157.98,193.065,176.44,155.515,210.61,201.83,103.595,147.615,106.03,98.03,97.045,136.38,83.75,114.31,116.49,275.855,121.785,117.14,82.665,79.19,29.18,38.56,52.395,53.305,54.94,47.61
2020-03-11 10:25,280.305,176.65,215.63,155.37,156.955,192.425,176.12,155.725,209.935,200.91,103.84,147.34,106.04,98.185,97.16,136.45,83.6,114.06,116.26,275.55,121.425,116.7,83.03,79.22,29.245,38.495,52.355,53.02,54.78,47.55
2020-03-11 10:30,281.035,177.17,216.45,155.92,157.275,193.485,176.105,155.715,207.67,200.92,103.72,147.81,106.375,98.27,97.59,136.68,83.62,114.56,116.485,276.29,121.77,116.97,83.475,79.225,29.235,38.6,52.595,53.04,55.125,47.49
2020-03-11 10:35,282.57,177.35,215.46,155.02,156.65,192.56,175.6,155.79,208.735,201.195,103.5,147.91,106.04,97.82,97.44,136.535,83.39,114.06,115.73,276.215,121.675,116.565,83.73,79.41,29.2,38.395,52.38,52.71,55.01,47.67
2020-03-11 10:40,281.34,176.96,214.85,154.59,155.4,192.25,174.64,154.98,208.4,200.755,103.06,147.5,105.82,97.6,96.88,136.455,83.145,113.92,115.09,275.56,121.39,116.26,84.0,79.23,29.105,38.33,52.19,52.51,54.895,47.51
2020-03-11 10:45,281.32,177.02,214.49,154.77,155.17,191.96,174.55,154.27,208.745,200.0,102.75,147.35,105.3,97.7,96.73,135.83,82.99,113.78,114.855,275.44,121.45,115.76,84.045,79.23,29.11,38.28,52.21,52.35,54.725,47.37
2020-03-11 10:50,281.26,176.54,214.44,154.88,155.31,191.685,174.46,154.695,211.13,199.21,102.5,146.99,105.21,97.405,96.7,135.885,82.87,113.62,115.29,275.535,121.62,116.15,84.04,79.065,29.07,38.29,52.29,52.33,54.65,47.53
2020-03-11 10:55,281.32,176.91,215.32,155.055,155.45,191.85,174.545,155.315,212.82,199.63,103.095,147.76,105.24,97.87,97.3,136.1,83.09,113.85,115.08,277.0,121.88,116.28,84.69,79.305,29.13,38.43,52.32,52.53,54.71,47.61
2020-03-11 11:00,281.085,178.11,215.29,155.005,155.015,192.13,175.23,154.92,210.56,199.955,102.76,147.86,105.72,97.46,96.87,136.35,83.64,114.28,114.75,276.085,121.91,116.44,83.995,79.48,29.145,38.32,52.25,52.415,54.67,47.565
2020-03-11 11:05,280.64,177.45,214.44,155.48,155.81,192.17,175.685,155.11,210.305,199.95,102.99,147.64,105.385,97.645,97.18,135.75,83.525,113.73,114.825,276.875,122.28,115.875,83.87,79.5,29.17,38.36,52.16,52.625,54.64,47.37
2020-03-11 11:10,280.395,177.45,215.645,155.23,155.53,192.155,175.195,154.775,209.995,199.84,102.99,147.47,105.435,97.76,97.02,135.78,83.48,114.205,115.035,276.805,122.48,116.38,83.615,79.355,29.115,38.23,52.31,52.58,54.61,47.24
2020-03-11 11:15,280.23,177.08,214.64,154.455,154.52,191.885,174.47,154.51,208.28,198.905,102.56,147.39,104.665,97.175,96.47,135.15,82.745,113.76,114.27,276.1,121.74,115.96,83.04,79.05,28.94,37.97,51.97,52.45,54.53,47.12
2020-03-11 11:20,278.705,176.85,214.43,154.005,153.8,190.73,174.045,154.15,206.8,198.86,102.34,147.03,104.54,96.955,96.085,134.75,82.45,113.76,114.05,275.16,121.44,115.72,82.5,79.0,28.83,37.785,51.85,52.25,54.45,47.03
2020-03-11 11:25,278.81,176.08,214.99,154.035,154.18,191.39,174.51,154.645,206.69,198.8,102.62,147.295,104.74,96.97,96.31,135.05,82.45,113.45,114.43,276.05,121.45,115.92,82.3,79.15,29.03,37.88,51.82,52.15,54.6,46.98
2020-03-11 11:30,279.68,176.05,215.22,154.65,154.455,191.59,175.35,154.715,207.38,199.24,102.3,147.295,105.055,97.29,96.51,135.0,82.61,113.685,114.455,276.65,121.585,116.125,82.25,79.34,29.1,37.955,52.015,52.365,54.69,47.06
2020-03-11 11:35,279.725,176.8,216.265,154.77,155.05,192.45,176.04,155.345,207.19,199.34,102.805,147.9,105.82,97.57,97.15,135.125,83.35,114.19,114.96,277.46,121.845,116.305,82.69,79.54,29.29,37.995,52.14,52.47,54.755,47.2
2020-03-11 11:40,279.2,176.18,215.905,154.43,154.4,191.92,175.81,154.88,205.77,199.145,102.43,147.7,105.3,97.49,96.86,134.755,83.2,114.26,114.445,276.5,121.39,115.765,82.72,79.515,29.01,37.915,51.96,52.365,54.72,47.14
2020-03-11 11:45,279.55,176.06,216.13,154.355,154.31,191.31,175.375,155.125,204.4,199.71,102.675,147.795,105.36,97.49,97.16,135.005,83.42,114.345,114.495,276.865,121.63,115.68,82.815,79.575,29.12,37.96,51.97,52.345,54.71,47.0
2020-03-11 11:50,279.665,176.57,216.195,154.45,153.69,190.585,175.78,154.605,203.115,199.63,102.51,147.52,105.2,97.275,97.65,134.91,83.26,114.34,114.26,276.575,121.265,115.76,82.58,79.25,29.085,37.82,51.89,52.35,54.63,47.04
2020-03-11 11:55,281.32,177.22,216.45,154.855,153.83,190.95,175.795,154.845,205.4,200.46,102.46,147.36,105.4,97.65,98.38,135.0,83.25,114.44,114.64,276.955,121.26,115.78,83.02,79.695,29.125,37.82,52.03,52.41,54.67,46.99
2020-03-11 12:00,281.545,178.02,215.79,155.14,154.1,190.99,176.11,155.09,204.195,200.28,102.615,147.78,105.545,97.55,98.665,135.0,83.41,114.44,114.78,277.995,121.255,116.08,83.35,79.745,29.2,37.905,52.115,52.43,54.835,47.09
2020-03-11 12:05,283.06,178.465,216.98,155.51,154.815,191.54,176.38,155.095,205.14,200.94,102.925,148.155,105.94,97.76,98.815,135.42,83.485,114.83,114.855,279.22,121.37,116.255,83.22,79.87,29.225,38.01,52.18,52.665,54.82,47.19
2020-03-11 12:10,284.31,178.675,216.99,156.0,155.185,192.16,176.535,155.695,205.84,201.625,103.055,148.155,106.51,98.23,98.9,135.47,83.55,114.97,115.08,279.855,121.52,116.61,83.54,79.94,29.27,38.135,52.28,52.68,54.89,47.165
2020-03-11 12:15,284.775,179.92,217.55,156.54,155.735,192.06,176.93,156.19,206.03,202.195,103.51,148.555,106.965,98.57,99.79,135.545,83.755,115.42,115.12,280.72,122.005,116.72,83.52,79.88,29.4,38.185,52.34,52.87,54.91,47.375
2020-03-11 12:20,283.59,179.73,217.795,156.21,155.125,191.78,176.56,156.25,204.5,201.85,103.33,148.39,106.32,98.22,99.325,135.34,83.48,115.13,114.54,279.73,121.485,116.44,83.17,79.56,29.24,38.16,52.105,52.77,54.79,47.14
2020-03-11 12:25,283.65,178.87,217.01,155.59,154.405,191.435,175.44,155.54,204.35,201.05,102.675,148.0,105.885,97.78,98.8,134.84,82.9,114.58,114.05,278.44,121.01,115.85,82.8,79.34,29.115,38.06,51.785,52.51,54.6,46.975
2020-03-11 12:30,281.91,178.06,216.48,155.495,154.385,190.785,174.995,155.05,202.31,200.64,102.74,147.89,105.65,97.37,98.76,134.515,82.68,113.88,114.1,278.48,120.36,115.66,82.71,79.435,29.055,38.05,51.835,52.61,54.61,46.765
2020-03-11 12:35,281.765,177.325,216.73,154.83,153.835,190.31,174.12,154.59,200.22,200.33,102.52,147.535,105.34,96.93,98.38,134.49,82.64,113.62,114.08,277.38,119.89,115.62,82.595,79.33,28.85,37.905,51.72,52.33,54.495,46.77
2020-03-11 12:40,278.81,176.71,215.69,154.07,154.02,189.75,173.74,154.59,201.19,199.61,102.29,146.91,105.08,97.06,98.28,134.09,82.3,113.445,113.91,276.3,119.6,115.64,82.36,79.14,28.775,37.99,51.575,52.165,54.34,46.6
2020-03-11 12:45,279.82,177.32,215.8,153.965,153.365,189.83,173.19,154.41,200.325,199.23,102.395,147.09,104.74,97.17,98.1,133.685,82.39,113.54,113.59,276.05,119.765,115.72,82.23,79.015,28.88,37.79,51.54,52.11,54.24,46.86
2020-03-11 12:50,280.61,177.13,215.93,154.01,153.08,189.945,173.315,154.745,200.435,199.52,102.455,147.395,104.635,97.09,98.225,133.7,82.375,113.76,113.8,276.75,119.745,115.765,82.385,79.0,28.87,37.74,51.655,52.12,54.315,46.86
2020-03-11 12:55,281.89,177.11,215.48,154.015,152.76,189.96,173.47,154.645,200.94,199.94,102.57,147.13,104.72,97.165,98.395,133.735,82.225,113.73,113.895,276.45,119.82,116.08,82.405,79.085,28.86,37.79,51.8,52.3,54.53,46.75
2020-03-11 13:00,279.735,176.7,215.38,153.14,152.145,189.24,172.95,154.19,199.87,198.84,102.07,146.64,104.62,96.96,97.855,133.325,82.205,113.195,113.415,274.965,119.26,115.64,81.9,78.85,28.675,37.585,51.625,52.06,54.28,46.785
2020-03-11 13:05,279.71,176.475,214.47,153.005,151.0,188.885,172.635,153.845,200.585,199.135,102.075,146.545,104.485,96.795,98.12,132.495,82.32,113.06,113.4,275.225,119.08,115.19,82.22,78.84,28.64,37.56,51.52,52.06,54.25,46.785
2020-03-11 13:10,279.545,176.51,214.85,153.355,151.215,189.015,172.9,153.3,199.82,199.175,102.2,146.77,104.37,96.85,97.83,132.48,82.575,113.525,113.64,275.64,119.1,115.19,82.27,78.96,28.78,37.53,51.61,52.2,54.385,46.86
2020-03-11 13:15,280.38,176.31,215.415,153.74,151.795,189.66,173.26,153.08,199.75,199.825,102.34,147.005,104.66,96.875,97.755,133.24,82.55,113.54,114.06,276.16,119.3,115.315,82.47,79.09,28.775,37.6,51.915,52.37,54.53,46.92
2020-03-11 13:20,280.6,175.71,215.04,153.47,151.935,189.735,172.82,152.86,199.59,199.705,102.16,146.995,104.93,96.63,97.74,133.315,82.6,113.475,113.865,275.65,119.37,115.39,82.52,79.215,28.815,37.535,51.945,52.21,54.585,46.905
2020-03-11 13:25,282.39,176.65,215.25,154.1,152.195,190.15,173.615,153.37,200.315,200.59,102.72,147.375,105.505,97.07,98.195,133.36,82.93,113.575,114.03,276.74,119.81,115.42,82.925,79.58,28.9,37.68,52.03,52.31,54.72,46.865
2020-03-11 13:30,281.79,176.61,214.835,153.98,151.94,189.97,173.29,152.99,201.11,200.51,102.745,147.26,105.29,96.74,98.035,132.895,82.89,113.665,113.77,276.0,119.685,115.08,82.765,79.34,28.88,37.575,51.99,52.33,54.705,46.705
2020-03-11 13:35,281.425,176.155,214.345,153.79,151.69,189.49,172.88,153.21,199.73,200.295,102.35,147.095,105.025,96.395,97.83,132.825,82.78,113.42,113.675,275.69,119.265,114.67,82.785,79.32,28.79,37.515,52.02,52.155,54.72,46.555
2020-03-11 13:40,280.555,175.0,214.27,153.38,151.69,189.29,172.46,153.18,198.885,200.135,101.96,146.87,104.4,96.05,97.125,132.765,82.62,112.81,113.44,275.315,118.88,114.5,82.49,79.265,28.725,37.35,51.985,51.98,54.665,46.47
2020-03-11 13:45,281.53,175.13,215.35,154.24,151.89,190.085,173.26,154.25,199.13,200.815,102.4,147.32,104.415,96.38,97.205,133.105,83.18,112.87,113.76,276.35,119.21,115.135,82.68,79.44,28.72,37.43,52.215,52.13,54.86,46.635
2020-03-11 13:50,281.23,174.9,214.785,153.695,151.22,189.39,172.855,153.655,199.08,200.22,102.18,146.99,104.26,96.125,96.9,132.85,83.12,112.905,113.14,275.54,118.89,114.85,82.77,79.25,28.64,37.28,52.05,52.02,54.75,46.445
2020-03-11 13:55,281.74,175.265,215.435,154.16,151.57,190.17,173.335,154.105,199.92,200.73,102.405,147.24,104.695,96.46,97.12,133.125,83.265,113.17,113.335,276.55,119.0,115.05,83.14,79.29,28.65,37.28,52.08,52.085,54.89,46.5
2020-03-11 14:00,280.46,174.72,214.45,153.7,151.12,189.33,172.73,153.66,199.03,199.635,102.1,146.855,103.97,96.03,96.78,132.72,83.04,112.665,112.69,275.1,118.455,114.48,82.87,79.05,28.575,37.02,51.83,51.88,54.75,46.515
2020-03-11 14:05,280.03,174.53,214.08,153.63,150.7,188.94,172.245,153.53,198.515,198.995,101.89,146.77,103.55,96.06,96.615,132.805,82.945,112.665,112.31,274.74,118.26,114.24,82.81,78.92,28.47,36.96,51.705,51.74,54.615,46.3
2020-03-11 14:10,279.525,174.42,214.085,153.835,150.28,188.875,172.15,153.16,197.35,198.975,101.82,146.78,103.36,95.96,96.54,133.04,83.105,112.665,112.17,275.02,118.08,114.36,82.49,78.955,28.45,36.915,51.74,51.64,54.645,46.255
2020-03-11 14:15,278.59,174.29,213.8,153.25,150.34,188.89,172.225,152.895,196.055,199.135,101.875,146.9,103.24,95.93,96.46,133.45,83.515,112.6,111.985,274.95,118.14,114.545,82.34,78.99,28.505,36.9,51.74,51.675,54.67,46.23
2020-03-11 14:20,278.79,174.09,214.09,153.06,150.42,188.615,171.63,153.185,196.4,199.34,101.81,146.95,103.45,95.8,96.02,133.5,83.62,112.21,111.735,274.485,118.09,114.59,82.255,79.055,28.415,36.85,51.685,51.73,54.535,46.375
2020-03-11 14:25,278.035,174.11,213.76,152.94,150.455,189.08,171.45,153.15,196.24,199.19,101.985,147.53,103.36,95.905,95.99,133.65,83.61,112.115,111.58,274.79,118.07,114.41,82.285,79.025,28.42,36.815,51.6,51.665,54.52,46.345
2020-03-11 14:30,278.16,174.265,213.32,152.735,150.97,188.95,172.01,153.43,196.11,199.735,102.125,147.69,103.4,96.005,95.925,133.485,83.55,112.155,111.625,275.645,118.3,114.24,82.59,79.13,28.48,36.725,51.76,51.78,54.65,46.36
2020-03-11 14:35,278.11,174.45,214.035,152.55,150.97,189.375,172.13,153.535,196.74,199.57,102.43,148.34,103.55,96.12,96.245,133.635,83.91,112.48,111.795,276.595,118.625,114.25,82.77,79.27,28.505,36.77,51.78,51.91,54.83,46.495
2020-03-11 14:40,277.98,174.4,213.835,152.52,151.73,189.055,172.28,153.42,196.3,199.745,102.085,148.215,103.565,95.98,95.9,133.54,83.66,112.58,111.295,276.59,118.4,113.83,82.74,79.19,28.34,36.75,51.685,51.67,54.695,46.29
2020-03-11 14:45,277.145,174.38,214.35,152.9,151.765,189.38,172.29,153.315,196.09,199.5,101.92,148.57,103.695,95.87,95.985,133.06,83.7,112.59,111.07,275.87,118.435,113.85,82.84,79.085,28.3,36.86,51.63,51.71,54.64,46.26
2020-03-11 14:50,276.87,173.98,213.345,152.81,151.7,188.525,172.085,153.31,195.4,199.26,101.59,148.84,103.78,95.59,95.935,132.95,83.57,112.66,110.96,275.76,118.04,113.93,82.455,78.995,28.32,36.745,51.575,51.59,54.645,46.195
2020-03-11 14:55,277.32,173.98,213.1,152.735,152.11,188.225,172.1,153.375,193.55,199.12,101.58,148.73,103.77,95.38,95.975,132.69,83.47,112.66,110.97,275.87,117.73,113.74,82.435,78.87,28.335,36.68,51.47,51.525,54.61,46.095
2020-03-11 15:00,275.58,173.24,212.505,152.5,151.67,187.27,171.46,152.66,191.58,198.115,100.945,148.05,103.355,94.93,95.72,132.38,83.31,112.26,111.18,274.4,117.47,113.33,82.15,78.725,28.125,36.575,51.35,51.41,54.43,45.84
2020-03-11 15:05,274.72,171.94,211.62,151.93,150.62,186.645,170.59,152.1,191.27,197.09,100.52,147.83,103.2,94.16,95.02,132.06,82.86,111.65,111.0,273.74,116.98,113.17,81.88,78.58,27.925,36.51,51.32,51.26,54.34,45.75
2020-03-11 15:10,273.85,171.535,211.12,151.72,150.285,186.315,170.505,152.12,190.12,196.03,100.31,147.49,103.245,94.16,94.695,131.88,82.55,111.455,110.98,272.67,116.52,112.86,81.9,78.305,27.865,36.4,51.175,51.13,54.25,45.595
2020-03-11 15:15,275.14,171.86,211.675,152.35,151.68,186.78,171.22,152.62,193.55,197.01,100.35,147.795,103.485,94.4,95.005,132.295,82.64,111.73,111.655,274.025,116.98,113.295,81.84,78.615,27.96,36.525,51.49,51.24,54.46,45.645
2020-03-11 15:20,275.07,171.51,210.73,151.19,150.48,185.91,170.23,151.69,191.31,196.26,100.1,147.05,102.88,94.01,94.86,131.86,82.58,111.415,111.34,272.27,116.58,113.3,82.03,78.12,27.95,36.46,51.195,51.01,54.245,45.555
2020-03-11 15:25,276.53,172.34,212.075,152.51,152.25,186.95,171.53,152.58,191.6,198.06,100.65,147.72,103.34,94.8,95.57,132.4,83.625,112.12,112.12,274.45,117.195,114.08,82.35,78.76,28.025,36.69,51.65,51.49,54.61,45.825
2020-03-11 15:30,278.525,172.93,213.365,154.06,153.65,188.02,173.83,153.84,194.7,198.57,101.22,148.55,104.23,95.58,96.19,133.14,84.2,113.03,113.39,276.54,117.81,114.66,83.21,79.345,28.195,37.015,51.94,51.735,54.97,46.005
2020-03-11 15:35,279.42,173.235,213.95,154.92,153.95,188.69,174.215,153.95,194.07,199.525,101.41,148.63,104.99,95.71,96.33,132.94,84.24,113.39,113.05,277.0,118.48,114.71,83.315,79.34,28.215,37.28,52.115,52.03,55.07,46.04
2020-03-11 15:40,279.61,172.225,213.175,154.29,153.99,188.235,173.7,153.66,192.75,198.79,101.06,147.935,104.99,95.33,96.015,132.33,84.01,113.13,112.45,276.14,118.04,114.665,82.91,79.185,28.235,37.26,52.085,51.84,55.065,45.825
2020-03-11 15:45,278.555,173.04,213.81,154.67,154.19,188.555,173.89,153.8,192.735,199.43,101.11,148.165,105.54,95.455,96.005,132.47,84.28,113.11,112.54,277.295,118.435,115.055,83.2,79.455,28.165,37.24,52.29,51.965,55.03,46.12
2020-03-11 15:50,278.91,171.62,213.69,153.3,154.23,188.725,174.32,153.32,190.87,198.67,101.08,148.0,105.775,95.27,95.505,132.44,84.23,112.83,111.515,275.05,118.3,114.57,83.26,79.49,28.15,37.085,52.12,51.845,54.92,46.08
2020-03-11 15:55,277.73,171.89,212.99,153.56,154.53,188.33,172.98,153.48,188.7,199.04,100.62,147.35,105.57,95.31,95.94,131.68,83.99,112.56,111.58,275.4,117.965,114.465,83.065,79.22,27.97,37.01,52.215,51.655,54.85,46.05
2020-03-12 09:30,265.81,159.73,195.5,143.97,146.52,174.805,160.24,142.28,162.04,187.08,92.765,140.875,97.375,85.935,89.58,127.625,76.66,106.015,104.99,255.82,106.65,108.575,77.01,75.82,24.915,33.76,48.03,48.83,51.9,43.24
2020-03-12 09:35,265.59,159.87,195.5,143.94,147.07,174.56,160.02,142.02,162.365,186.785,92.71,141.42,97.06,86.05,89.12,128.1,76.72,105.82,104.99,255.765,107.48,108.66,76.74,76.835,24.82,33.69,48.29,48.81,52.01,43.24
2020-03-12 09:40,265.59,159.87,195.5,143.94,147.07,174.56,160.02,142.02,162.365,186.785,92.71,141.42,97.06,86.05,89.12,128.1,76.72,105.82,104.99,255.765,107.48,108.66,76.74,76.835,24.82,33.69,48.29,48.81,52.01,43.24
2020-03-12 09:45,265.59,159.87,195.5,143.94,147.07,174.56,160.02,142.02,162.365,186.785,92.71,141.42,97.06,86.05,89.12,128.1,76.72,105.82,104.99,255.765,107.48,108.66,76.74,76.835,24.82,33.69,48.29,48.81,52.01,43.24
2020-03-12 09:50,260.055,156.41,186.0,145.09,143.13,171.025,159.19,142.02,161.27,183.39,91.06,141.42,95.055,83.02,87.24,126.71,73.94,101.84,104.99,254.195,105.79,105.99,76.74,74.65,22.725,33.64,47.34,47.88,51.82,42.34
2020-03-12 09:55,263.26,158.47,194.14,147.11,147.33,173.66,161.82,143.9,167.55,188.2,91.335,141.42,96.425,84.62,90.02,128.86,76.59,104.56,107.545,258.42,107.04,108.51,76.25,76.415,22.9,34.855,49.265,49.185,53.21,43.06
2020-03-12 10:00,260.355,156.45,192.33,143.92,146.56,170.935,159.66,140.57,160.56,186.935,90.0,137.75,94.89,81.85,89.47,128.11,75.725,103.28,105.13,254.205,105.025,107.46,76.04,75.02,23.33,34.2,48.11,48.23,52.12,42.22
2020-03-12 10:05,262.11,155.235,191.525,144.015,146.65,171.23,159.49,140.9,159.505,184.465,88.97,137.045,94.15,82.57,88.945,126.285,75.935,103.115,104.255,255.85,105.845,109.08,75.48,74.28,23.285,34.03,47.775,48.14,51.9,42.25
2020-03-12 10:10,267.06,155.05,192.93,144.92,145.41,171.8,159.495,141.81,163.42,186.59,89.13,137.33,96.41,82.905,90.11,128.655,76.18,104.69,104.845,256.84,106.73,110.04,75.53,75.03,23.29,34.18,48.325,48.125,52.655,42.165
2020-03-12 10:15,266.51,155.37,191.23,144.43,145.46,171.48,160.045,141.28,162.485,186.14,89.07,136.09,95.515,83.12,90.04,127.415,75.5,104.355,104.98,257.1,106.93,108.85,75.11,74.845,23.4,34.145,48.38,48.25,52.45,42.56
2020-03-12 10:20,265.59,155.47,193.41,145.645,145.0,171.71,160.07,141.08,164.145,187.345,89.505,135.34,95.99,83.61,89.84,128.12,76.14,104.6,105.23,260.44,107.135,109.665,75.515,75.435,23.095,34.05,48.4,48.495,52.6,42.67
2020-03-12 10:25,267.63,156.02,194.64,145.18,145.0,172.335,160.09,140.74,163.245,188.0,90.11,135.46,96.96,83.49,88.33,128.25,75.94,104.58,105.135,259.54,106.22,109.81,75.345,75.72,22.74,33.965,48.56,48.24,52.68,42.41
2020-03-12 10:30,269.34,157.41,196.0,145.73,146.49,171.975,161.09,142.125,162.32,189.095,90.37,135.53,97.67,84.43,88.99,128.87,76.05,105.21,105.56,260.95,106.395,110.38,75.56,76.7,22.93,34.17,48.76,48.11,53.28,42.57
2020-03-12 10:35,268.06,157.46,194.71,144.99,145.81,172.35,160.72,141.815,162.69,188.215,90.015,135.055,97.105,84.615,88.725,127.545,75.74,105.34,105.44,259.92,106.145,109.93,75.22,76.07,23.04,34.02,48.465,47.85,52.87,42.69
2020-03-12 10:40,267.54,158.0,193.525,145.155,145.26,171.635,161.34,142.21,161.88,187.985,89.33,134.895,96.785,84.675,88.195,127.45,75.73,105.42,105.22,258.77,106.14,109.34,75.185,76.0,23.1,34.075,48.01,47.81,52.735,42.72
2020-03-12 10:45,265.88,159.8,192.86,145.835,145.21,172.2,161.78,142.43,163.64,187.465,89.75,135.18,96.8,85.8,88.645,127.21,76.19,105.53,105.365,259.83,106.27,109.12,75.235,75.63,23.56,34.355,48.1,48.0,52.69,42.7
2020-03-12 10:50,267.445,161.21,193.66,147.42,145.58,172.48,163.46,143.61,164.66,188.96,90.21,135.2,97.14,86.065,89.46,127.63,76.45,105.695,105.705,261.595,107.08,109.0,76.115,75.44,23.89,34.825,48.39,48.45,52.81,42.8
2020-03-12 10:55,264.225,160.27,193.885,146.525,146.18,172.485,163.575,143.31,166.64,188.445,90.3,134.64,96.9,85.44,88.53,126.345,76.44,105.455,105.19,259.455,106.155,108.41,75.73,75.0,23.77,34.66,48.26,48.29,52.615,42.51
2020-03-12 11:00,261.2,157.78,193.19,146.24,145.625,170.92,162.67,141.86,167.515,186.82,89.745,134.025,95.49,84.625,87.64,125.495,75.38,104.545,104.55,258.44,105.12,107.48,75.23,74.915,23.7,34.535,47.99,47.96,52.165,42.14
2020-03-12 11:05,259.61,157.6,193.05,145.055,145.08,170.575,162.115,140.845,167.68,185.965,89.37,134.165,95.1,84.57,87.505,124.84,75.12,103.78,104.08,256.74,105.005,107.7,75.385,74.68,23.605,34.435,47.65,47.81,52.09,42.09
2020-03-12 11:10,259.99,157.09,192.13,143.87,143.57,170.8,161.385,140.26,165.975,186.42,89.44,134.635,94.27,83.765,86.985,125.165,75.07,103.48,103.795,255.4,104.57,107.16,75.355,74.31,23.515,34.16,47.555,47.61,52.01,42.1
2020-03-12 11:15,259.54,156.89,192.89,143.9,143.68,171.26,161.555,139.435,166.5,186.815,89.21,134.615,94.285,83.41,86.86,125.95,74.825,103.94,104.29,255.375,104.605,106.59,75.1,74.54,23.415,34.225,47.615,47.56,52.01,41.86
2020-03-12 11:20,260.09,156.99,193.855,143.8,144.14,171.62,162.21,139.07,167.09,186.87,89.07,134.53,94.85,83.54,87.095,126.755,75.22,104.31,104.415,255.96,104.64,107.565,74.74,74.765,23.48,34.48,47.66,47.92,51.94,42.16
2020-03-12 11:25,260.475,156.68,194.08,143.26,143.415,172.02,161.98,138.77,166.98,186.505,88.995,133.7,94.65,83.35,87.02,126.64,75.07,104.415,104.985,255.08,104.39,107.265,74.86,74.745,23.485,34.52,47.84,47.745,51.975,42.08
2020-03-12 11:30,259.76,156.785,193.72,142.36,143.175,172.12,161.915,137.66,166.55,186.16,88.95,133.12,94.6,83.54,86.96,126.08,74.795,104.22,104.185,254.48,104.235,106.82,74.81,74.5,23.62,34.44,47.895,47.685,51.865,42.095
2020-03-12 11:35,259.225,157.06,192.65,142.115,143.065,172.85,161.965,137.4,165.405,185.32,89.03,132.61,94.04,83.27,87.06,126.09,74.365,104.12,103.735,253.78,103.805,105.95,75.035,74.33,23.92,34.36,47.67,47.59,51.82,42.05
2020-03-12 11:40,259.22,157.04,192.755,142.665,142.84,172.55,162.03,137.495,166.015,184.82,88.87,132.37,94.26,82.92,86.905,126.245,74.56,104.33,103.77,253.67,103.27,106.245,75.145,74.65,24.1,34.28,47.57,47.74,51.93,41.84
2020-03-12 11:45,259.46,157.07,191.405,142.5,142.58,171.355,161.37,136.9,164.32,185.025,88.1,132.0,93.42,82.535,87.31,126.165,74.265,104.14,103.46,252.56,103.05,105.62,74.87,74.6,23.92,34.205,47.52,47.38,51.555,41.755
2020-03-12 11:50,258.56,157.01,191.66,142.39,142.58,170.755,161.235,136.455,165.56,184.685,88.22,131.26,93.13,82.435,86.975,125.935,74.015,103.6,103.305,251.925,103.035,105.82,74.685,74.59,24.05,34.02,47.38,47.22,51.56,41.62
2020-03-12 11:55,260.6,157.2,192.49,143.24,142.68,171.14,161.99,137.605,165.015,185.11,88.565,131.6,93.15,82.59,87.185,126.19,74.06,103.975,104.295,252.81,103.19,106.6,74.83,75.015,24.43,34.045,47.755,47.19,51.92,41.98
2020-03-12 12:00,258.04,156.925,191.87,142.165,142.075,170.17,161.795,136.06,163.1,184.605,88.1,130.985,92.845,82.305,86.905,125.65,73.835,103.98,104.085,250.8,102.89,106.37,74.575,74.405,24.27,33.92,47.72,46.915,51.56,41.64
2020-03-12 12:05,256.96,156.75,191.78,141.66,141.22,169.915,161.595,136.11,164.08,184.6,88.38,130.705,92.16,82.26,86.995,125.405,73.63,103.61,103.88,250.45,102.57,106.095,74.095,74.12,24.33,33.77,47.57,46.705,51.37,41.48
2020-03-12 12:10,255.95,156.52,191.175,142.16,142.01,170.09,161.045,135.895,164.245,184.525,88.42,130.85,92.415,82.025,87.0,125.31,73.79,103.29,104.18,251.255,102.505,105.985,74.135,74.115,24.22,33.745,47.4,46.79,51.25,41.23
2020-03-12 12:15,255.78,156.28,191.35,142.91,142.765,170.05,161.17,136.22,164.365,184.815,87.955,131.09,92.005,81.99,87.345,125.31,73.65,103.675,103.61,250.82,102.615,106.15,73.7,74.02,24.285,33.6,47.375,46.77,51.33,41.175
2020-03-12 12:20,258.03,157.165,193.84,144.305,143.81,171.475,162.26,138.175,167.27,186.78,88.54,132.81,92.93,82.625,88.305,126.915,74.03,104.15,104.62,252.61,103.735,107.17,74.02,74.88,24.61,33.89,47.745,47.225,51.875,41.545
2020-03-12 12:25,258.76,157.3,194.725,143.76,144.005,171.14,162.405,138.82,170.63,187.39,89.045,133.565,93.76,83.36,88.17,126.545,74.045,104.815,104.635,252.85,104.035,107.435,74.27,74.5,24.77,33.8,47.805,47.16,51.46,41.515
2020-03-12 12:30,255.75,156.265,193.065,143.55,143.37,170.825,161.495,137.51,168.73,185.45,88.76,133.07,92.34,83.185,87.77,125.6,74.105,104.065,103.46,251.48,103.055,106.22,73.395,73.975,24.54,33.625,47.33,47.045,50.865,41.09
2020-03-12 12:35,256.125,156.52,193.095,144.71,143.81,170.775,162.08,137.87,169.03,186.2,88.31,133.075,92.165,83.07,88.035,126.13,74.46,104.54,103.67,252.65,103.02,106.09,73.455,74.02,24.5,33.73,47.34,47.01,51.16,41.04
2020-03-12 12:40,254.44,155.365,192.05,143.225,143.19,170.145,161.5,137.77,168.26,184.72,87.845,133.01,92.21,82.56,87.445,125.19,73.92,103.87,103.005,251.275,102.71,105.42,73.175,73.515,24.275,33.615,46.97,46.96,50.93,40.705
2020-03-12 12:45,254.07,154.985,191.35,143.56,142.82,169.71,161.92,137.72,166.97,185.24,87.535,132.59,91.75,83.04,87.95,125.505,73.765,104.065,103.66,251.2,102.54,105.455,72.91,73.515,24.2,33.59,46.9,46.935,50.81,40.6
2020-03-12 12:50,261.255,158.94,196.16,147.01,145.475,173.39,166.795,141.0,171.02,189.26,89.16,135.515,94.31,85.57,90.555,128.03,75.21,106.64,107.16,255.14,103.96,108.59,73.59,75.37,24.92,34.155,48.14,47.86,51.935,41.09
2020-03-12 12:55,263.49,162.15,198.95,148.22,147.85,175.66,169.16,144.71,176.25,192.605,91.66,139.86,96.305,87.515,94.345,132.37,76.025,108.78,109.67,257.9,106.785,109.21,74.755,76.475,25.37,34.735,48.97,48.34,52.59,41.69
2020-03-12 13:00,263.9,164.23,204.05,152.79,150.15,178.81,171.145,143.895,183.03,194.305,92.86,139.22,99.315,88.35,95.22,132.95,76.97,110.05,111.0,266.92,108.59,110.49,75.915,77.0,26.055,35.53,49.78,49.73,53.73,42.785
2020-03-12 13:05,262.44,164.72,201.93,148.995,147.74,178.145,168.645,143.63,188.445,192.41,93.07,139.44,98.79,87.92,95.16,130.735,76.3,109.24,109.76,264.425,108.11,109.67,77.15,76.04,26.36,35.47,49.63,49.6,53.68,42.955
2020-03-12 13:10,260.41,160.59,198.105,147.31,146.28,177.01,165.78,140.92,176.36,190.175,92.18,138.49,97.32,86.58,92.22,130.21,75.52,107.345,108.115,260.41,106.96,109.005,75.615,75.38,25.69,35.0,49.4,48.72,52.805,42.46
2020-03-12 13:15,260.305,160.42,197.41,147.465,145.87,176.34,166.01,140.99,177.4,190.89,91.93,138.425,95.94,86.41,92.13,130.44,75.0,107.16,107.71,260.25,106.8,108.91,76.005,75.595,25.515,34.88,49.235,48.785,52.71,42.74
2020-03-12 13:20,260.72,160.905,197.825,147.93,147.12,176.12,166.54,140.82,174.985,191.705,92.38,138.35,95.28,86.24,91.625,130.16,75.21,106.975,106.97,260.66,106.405,108.78,75.585,75.43,25.45,34.835,49.145,48.7,52.55,42.55
2020-03-12 13:25,260.685,159.93,197.465,147.99,147.44,175.685,166.9,141.2,175.89,189.655,92.09,137.93,95.14,86.375,91.185,130.18,75.19,107.005,106.57,262.13,106.08,108.53,75.655,75.54,25.23,34.84,49.24,48.38,52.6,42.435
2020-03-12 13:30,257.605,159.59,196.805,147.105,146.54,175.755,165.77,141.06,173.34,189.79,91.57,136.82,95.155,85.905,90.485,129.78,74.66,106.735,106.29,260.08,105.97,108.275,76.04,75.41,25.0,34.68,48.875,48.19,52.24,42.245
2020-03-12 13:35,254.505,157.08,194.15,144.69,145.34,173.32,163.655,139.72,167.27,187.33,90.24,135.21,94.5,84.39,88.57,128.1,73.57,105.355,104.82,256.43,104.63,106.75,76.37,74.42,24.63,34.295,48.36,47.5,51.535,41.495
2020-03-12 13:40,253.37,156.625,195.18,144.97,145.1,173.42,163.71,139.19,166.87,187.52,90.06,134.17,94.1,83.8,88.395,128.29,74.315,105.205,105.56,256.98,104.31,107.56,75.265,74.46,24.56,34.325,48.53,47.42,51.87,41.55
2020-03-12 13:45,256.075,156.93,196.94,146.475,146.44,175.3,165.7,140.155,170.12,189.2,91.04,134.86,94.86,84.76,89.22,129.95,75.03,106.38,106.48,258.98,105.0,108.495,75.615,75.12,24.61,34.475,48.97,47.84,52.16,41.87
2020-03-12 13:50,256.33,157.1,195.52,145.35,145.47,175.335,164.47,139.885,169.64,188.255,90.96,134.64,94.54,84.965,88.92,129.87,74.54,106.485,106.06,256.815,104.65,108.32,75.335,75.15,24.56,34.285,48.485,47.475,51.86,41.96
2020-03-12 13:55,258.42,156.89,197.07,147.23,146.395,175.26,165.94,140.76,171.005,189.65,91.2,133.715,94.95,85.375,89.46,130.05,75.505,106.01,106.81,259.29,104.51,108.54,75.855,75.64,24.705,34.545,48.72,48.08,52.225,42.06
2020-03-12 14:00,256.76,156.03,196.89,146.105,146.72,174.805,165.15,139.895,171.095,189.04,90.99,134.06,94.41,84.97,89.385,129.595,75.16,106.125,106.25,257.03,103.81,108.17,75.86,75.045,24.725,34.42,48.5,47.83,51.905,41.88
2020-03-12 14:05,257.28,155.9,197.005,145.45,145.975,174.455,165.25,139.26,171.12,188.48,90.96,133.47,94.29,84.77,88.925,129.19,74.64,106.235,105.725,256.67,103.82,107.53,75.42,75.05,24.66,34.3,48.45,47.66,51.79,41.79
2020-03-12 14:10,255.965,155.0,195.36,144.63,145.85,173.63,164.44,138.64,169.6,187.185,90.81,133.57,93.85,84.66,88.59,128.8,74.52,105.88,105.49,255.31,103.425,107.385,75.335,74.685,24.66,34.06,48.245,47.35,51.54,41.47
2020-03-12 14:15,255.54,154.68,193.67,144.19,146.165,173.305,163.21,138.315,168.36,186.185,90.705,133.45,93.37,84.975,88.42,128.32,74.19,105.64,105.03,253.98,103.19,107.245,75.155,74.44,24.655,33.975,47.865,47.34,51.35,41.38
2020-03-12 14:20,254.9,154.17,193.815,143.56,145.915,172.39,163.28,138.0,165.0,185.85,90.25,133.015,93.01,84.73,88.53,127.46,74.055,105.09,104.495,252.98,103.13,106.54,75.115,74.215,24.58,33.885,47.64,47.11,51.205,41.34
2020-03-12 14:25,255.03,154.51,194.2,144.22,145.42,173.145,163.9,138.3,165.895,187.17,90.69,133.48,93.62,84.89,88.53,128.31,74.33,105.585,105.25,254.215,103.845,107.505,76.1,74.77,24.62,33.9,47.88,47.05,51.535,41.53
2020-03-12 14:30,254.475,153.89,193.99,143.475,145.61,172.84,163.26,138.6,165.305,185.275,90.31,133.18,92.88,84.81,88.22,127.94,74.3,105.06,105.09,253.99,103.485,106.4,75.35,74.56,24.51,33.825,47.615,46.885,51.45,41.305
2020-03-12 14:35,253.92,152.835,193.265,143.2,145.18,172.56,163.39,138.44,164.06,184.31,90.4,132.68,93.12,84.735,87.82,127.01,74.285,104.89,104.745,254.79,103.27,106.17,75.165,74.36,24.365,33.745,47.31,46.72,51.26,41.14
2020-03-12 14:40,254.83,152.83,193.39,143.41,144.63,172.66,163.525,138.7,163.1,184.805,90.84,132.955,93.35,84.71,87.78,127.58,74.76,105.325,104.795,254.24,103.605,106.33,75.445,74.56,24.42,33.8,47.42,46.895,51.3,41.22
2020-03-12 14:45,257.345,154.84,194.995,145.31,145.74,174.435,164.88,138.99,163.95,186.375,91.68,134.6,93.98,85.36,88.71,129.09,75.13,106.08,105.88,256.73,104.71,107.565,76.48,75.315,24.51,34.145,47.945,47.33,51.79,41.22
2020-03-12 14:50,256.1,155.09,193.69,143.945,144.67,173.58,164.15,138.28,161.57,186.015,91.33,133.59,93.795,84.91,88.79,128.08,74.54,105.53,104.92,254.765,104.035,106.43,75.5,75.07,24.37,33.945,47.735,46.94,51.485,41.47
2020-03-12 14:55,255.225,154.965,193.03,143.25,144.025,172.965,162.745,137.31,161.08,184.585,91.12,133.02,93.035,84.565,88.695,127.53,74.58,104.775,104.015,253.91,103.39,105.8,75.49,74.7,24.385,33.67,47.34,46.855,51.15,41.19
2020-03-12 15:00,255.765,155.31,193.26,143.1,144.265,172.47,163.12,138.185,162.61,184.085,91.27,133.47,93.025,84.49,89.435,127.0,74.715,104.64,103.805,253.725,103.54,105.76,75.78,74.6,24.35,33.785,47.25,46.98,51.165,41.23
2020-03-12 15:05,257.08,155.495,194.03,143.09,144.91,173.52,163.82,138.54,162.925,185.235,91.665,134.65,93.45,84.62,90.0,128.33,74.82,104.82,104.36,253.41,104.04,105.92,75.9,75.12,24.6,33.84,47.6,47.01,51.52,41.545
2020-03-12 15:10,255.245,155.56,193.255,142.445,144.935,173.72,164.015,138.61,162.52,185.445,91.46,134.525,93.16,84.71,90.9,127.685,74.74,104.63,104.15,253.56,104.295,106.03,76.31,75.195,24.56,33.925,47.475,46.99,51.64,41.2
2020-03-12 15:15,253.83,155.365,192.51,142.1,143.84,173.695,163.0,137.95,160.415,184.72,91.37,134.205,92.84,84.225,90.15,127.165,74.54,104.08,103.33,252.82,103.41,105.57,76.005,74.99,24.53,33.755,47.015,46.815,51.31,41.505
2020-03-12 15:20,252.45,154.61,192.745,141.725,143.095,173.82,162.195,137.125,160.54,183.895,91.55,133.91,92.96,84.29,90.75,127.19,74.54,104.11,102.99,253.415,103.22,104.865,75.285,74.915,24.45,33.73,47.105,46.87,51.305,41.375
2020-03-12 15:25,252.285,153.45,192.43,141.295,142.97,173.84,162.53,136.845,160.345,184.105,91.58,134.04,92.505,84.155,90.47,126.835,74.955,104.145,102.99,252.29,103.11,104.72,75.075,74.88,24.435,33.645,46.995,46.95,51.26,41.195
2020-03-12 15:30,251.3,153.11,193.03,141.33,142.5,174.85,162.505,136.3,160.0,183.88,91.33,133.64,92.09,84.14,89.805,127.53,74.79,103.84,102.875,253.09,103.01,105.01,75.08,74.87,24.47,33.67,46.995,46.77,51.25,41.335
2020-03-12 15:35,251.84,153.11,194.06,142.15,142.72,174.49,163.28,136.96,156.635,184.61,91.56,134.035,91.93,84.07,89.955,128.2,74.68,103.575,103.44,254.01,102.98,105.63,75.2,75.48,24.545,33.725,47.18,46.97,51.33,41.525
2020-03-12 15:40,253.44,152.97,194.4,143.215,142.7,173.19,163.555,137.225,157.56,185.805,91.605,133.8,92.28,84.42,89.58,127.93,74.34,103.73,103.315,254.405,102.9,104.92,75.205,75.54,24.395,33.675,47.1,46.89,51.64,41.59
2020-03-12 15:45,256.85,153.72,194.88,143.295,142.85,173.15,164.27,137.74,157.33,185.89,91.92,133.93,92.5,85.15,89.68,128.21,74.87,104.315,103.59,255.205,103.29,105.81,75.43,76.24,24.395,33.855,47.465,46.895,52.085,41.92
2020-03-12 15:50,256.44,153.73,194.915,142.15,142.69,172.71,164.35,136.945,157.24,186.205,92.09,133.78,92.78,84.8,89.775,128.27,75.14,104.12,103.735,252.64,103.62,105.615,76.66,76.07,24.425,33.615,47.565,46.95,52.165,41.82
2020-03-12 15:55,250.66,150.6,190.62,138.76,140.59,170.17,160.12,134.75,155.005,182.34,92.255,131.885,91.89,83.58,88.135,125.37,74.18,102.095,101.81,248.34,102.785,104.38,75.53,74.3,23.94,33.205,47.16,45.51,51.34,41.02
2020-03-13 09:30,257.06,159.63,196.97,146.39,148.98,175.825,168.31,141.05,171.72,191.86,96.705,135.005,100.045,89.48,94.96,128.59,77.01,105.57,106.9,265.0,108.14,105.82,79.52,75.64,25.69,35.34,49.055,49.28,52.67,42.52
2020-03-13 09:35,255.885,152.49,195.535,145.13,146.69,175.37,167.42,141.28,168.97,192.48,95.34,133.23,98.72,89.13,94.49,128.11,77.04,105.265,107.96,260.27,105.105,105.64,79.33,75.26,25.69,35.18,48.5,49.26,52.95,42.115
2020-03-13 09:40,253.76,158.225,195.9,145.77,144.63,175.37,168.395,140.58,166.59,191.99,94.7,132.925,96.485,88.57,94.0,126.235,76.4,104.99,108.98,259.02,104.5,106.42,78.71,75.47,24.505,35.02,48.25,49.43,53.04,41.69
2020-03-13 09:45,250.14,158.48,195.8,144.94,143.46,176.92,167.68,139.78,169.71,192.35,94.77,133.58,96.22,88.78,94.0,127.15,76.42,105.56,108.345,256.96,104.56,107.14,78.81,75.12,24.525,35.19,48.35,49.425,53.25,41.89
2020-03-13 09:50,249.715,156.57,193.19,143.885,142.24,173.69,165.45,138.335,164.5,190.14,92.83,131.575,95.17,87.79,93.38,126.28,75.18,104.26,107.3,256.67,103.73,106.58,77.16,74.175,23.92,34.945,47.645,48.97,52.62,41.77
2020-03-13 09:55,250.28,157.96,193.4,144.74,142.55,173.665,166.13,140.19,164.695,192.81,92.53,132.28,97.44,88.51,93.745,127.05,75.405,103.33,107.94,259.375,103.09,107.04,76.83,73.85,24.22,34.865,47.79,48.97,52.425,41.675
2020-03-13 10:00,249.88,159.17,194.705,145.86,144.44,174.91,168.21,140.535,167.46,192.49,93.185,132.79,98.925,89.45,95.255,126.91,75.8,103.58,107.51,261.22,104.18,107.925,76.85,74.47,24.77,34.885,47.71,48.92,52.72,41.905
2020-03-13 10:05,247.57,159.195,195.22,145.86,144.05,172.96,167.835,140.065,168.22,192.78,92.42,131.655,98.43,89.5,95.26,126.88,75.865,102.435,108.2,261.35,103.96,107.79,77.025,74.205,24.84,34.775,47.545,49.17,52.5,41.78
2020-03-13 10:10,249.705,158.89,194.785,145.72,142.74,173.045,168.125,140.38,167.78,192.97,92.65,131.63,98.115,89.26,94.71,127.23,75.92,101.65,108.72,261.77,103.86,107.585,76.97,74.245,24.86,34.56,47.59,49.045,52.815,42.095
2020-03-13 10:15,253.605,162.435,197.545,147.045,143.82,175.195,170.82,141.895,171.345,196.07,93.84,133.255,99.745,90.045,96.185,129.29,76.78,102.925,110.14,263.575,105.545,108.755,78.33,75.085,25.03,34.99,48.165,49.79,53.38,42.67
2020-03-13 10:20,252.89,162.92,197.8,147.02,143.92,175.23,170.89,143.13,171.495,196.07,93.67,133.65,99.32,90.56,96.155,129.04,76.34,102.49,109.67,263.76,106.115,108.635,79.04,75.015,25.21,34.83,48.41,50.015,53.47,42.95
2020-03-13 10:25,251.545,162.71,195.47,146.735,143.44,173.575,168.99,141.79,172.13,196.58,92.52,132.22,99.225,89.29,95.79,127.33,76.39,101.095,108.695,262.545,104.75,107.675,77.705,74.645,24.88,34.68,47.935,49.95,53.24,42.84
2020-03-13 10:30,249.3,163.23,195.28,146.325,142.7,171.83,168.275,141.665,170.83,195.13,92.475,133.29,99.875,89.075,96.29,126.72,76.23,101.07,108.06,261.94,104.845,106.315,77.95,73.695,24.81,34.56,47.735,50.01,53.06,42.755
2020-03-13 10:35,250.35,161.51,195.93,145.56,142.72,172.54,167.96,141.455,170.55,194.79,92.08,133.445,99.505,88.42,96.06,126.895,76.56,100.915,108.065,260.45,104.235,106.505,77.67,73.59,24.6,34.475,47.685,49.645,53.145,42.55
2020-03-13 10:40,248.195,161.58,195.375,144.59,142.13,172.32,167.07,140.465,168.95,194.245,91.42,133.355,98.895,87.605,95.215,126.65,76.42,100.905,107.55,259.67,104.19,106.3,77.02,73.24,24.66,34.565,47.275,49.71,53.03,42.545
2020-03-13 10:45,248.05,161.03,195.65,144.72,141.485,172.1,167.17,140.065,170.54,194.13,91.6,133.01,99.01,87.375,94.98,126.62,75.4,100.95,107.02,260.33,103.87,106.25,77.005,73.27,24.61,34.58,47.09,49.88,52.95,42.49
2020-03-13 10:50,249.21,160.46,195.65,144.63,141.14,172.055,167.0,140.085,170.235,193.72,91.74,133.015,98.6,87.24,95.34,126.39,75.03,101.035,107.255,260.155,104.165,105.79,76.985,73.26,24.42,34.52,47.34,49.85,52.77,42.515
2020-03-13 10:55,246.59,159.81,195.305,143.04,140.33,170.905,165.6,139.6,166.29,192.89,91.14,132.19,97.185,86.51,94.845,125.18,74.46,100.58,107.36,257.04,103.95,105.25,76.3,72.5,24.115,34.1,47.51,48.96,52.27,42.245
2020-03-13 11:00,249.78,161.02,197.035,144.85,140.66,171.86,167.01,140.36,168.89,194.625,91.55,132.885,96.74,87.05,95.66,126.23,73.9,101.695,108.155,259.01,104.48,106.37,76.35,73.33,24.385,34.46,47.59,49.15,52.14,42.61
2020-03-13 11:05,250.29,161.69,198.69,145.03,143.03,172.07,167.0,140.495,170.28,194.295,91.75,133.43,97.16,87.19,96.08,126.205,74.96,101.83,108.19,260.66,104.69,106.185,76.47,73.66,24.36,34.44,47.7,49.375,52.25,42.77
2020-03-13 11:10,250.56,162.005,199.445,145.19,142.21,172.15,167.35,141.21,171.96,194.315,91.65,133.71,97.105,87.6,95.92,126.38,74.545,101.86,108.39,260.595,104.54,106.1,76.995,73.685,24.02,34.6,47.77,49.36,52.255,42.98
2020-03-13 11:15,249.22,161.17,198.725,143.89,141.665,171.575,166.07,140.725,170.985,193.125,91.39,133.11,96.69,87.0,95.32,126.225,73.54,101.365,107.72,259.1,103.855,105.65,76.89,73.52,23.75,34.335,47.36,49.055,52.25,42.92
2020-03-13 11:20,249.49,161.085,197.82,143.66,141.28,171.205,165.42,140.355,169.435,193.505,91.07,133.26,96.07,86.685,95.6,126.39,73.36,101.2,107.42,259.05,103.58,105.415,76.905,73.45,23.74,34.335,47.12,48.925,52.13,42.95
2020-03-13 11:25,247.19,159.75,195.63,142.225,139.8,169.71,163.98,139.72,167.45,189.68,91.025,132.41,95.505,85.92,94.66,125.54,72.59,99.93,106.245,257.27,102.59,104.22,76.175,73.11,23.8,33.98,46.875,48.44,51.68,42.51
2020-03-13 11:30,244.055,157.89,193.435,141.725,139.25,168.76,162.965,139.01,163.36,188.895,90.71,132.02,94.315,85.13,93.305,124.96,71.86,99.36,105.69,255.235,101.935,104.465,75.395,72.515,23.28,33.99,46.99,48.165,51.62,41.95
2020-03-13 11:35,244.66,158.76,193.8,141.89,139.34,169.1,163.395,139.67,164.57,190.1,90.64,132.12,94.02,85.65,93.86,125.085,72.72,99.665,106.3,256.075,102.095,104.44,76.245,72.65,23.315,33.935,47.06,48.38,51.9,42.06
2020-03-13 11:40,242.725,158.35,193.205,141.53,138.14,168.49,162.755,138.35,162.625,189.005,90.2,131.18,92.575,85.125,93.1,125.43,72.74,99.665,105.71,254.92,101.66,104.685,76.06,72.57,23.25,33.705,46.775,48.07,51.685,42.46
2020-03-13 11:45,244.57,157.635,192.565,140.84,137.23,168.21,162.35,138.105,162.05,189.69,90.315,131.1,92.63,84.33,92.82,125.93,72.36,99.375,105.81,253.305,101.435,104.34,75.05,72.52,23.115,33.495,46.61,47.765,51.61,42.16
2020-03-13 11:50,246.95,158.26,193.71,142.57,138.19,168.86,162.92,139.08,164.73,190.48,91.17,131.93,92.84,84.91,94.06,126.3,73.355,100.11,106.35,255.835,101.43,104.36,75.37,72.885,23.085,33.62,46.96,48.4,52.25,42.42
2020-03-13 11:55,247.68,159.38,194.905,144.36,138.9,169.75,164.99,140.465,164.12,190.7,91.22,132.33,94.59,86.07,95.05,126.78,73.37,100.855,107.175,257.56,101.3,104.96,74.995,73.35,23.03,33.72,47.315,48.82,52.31,42.89
2020-03-13 12:00,246.36,158.16,192.69,143.38,138.895,169.37,163.56,140.3,163.27,189.91,90.825,131.86,93.2,85.66,94.4,126.235,72.92,100.03,106.75,255.75,101.18,104.69,75.34,73.145,23.035,33.47,47.07,48.38,52.105,42.85
2020-03-13 12:05,248.48,157.98,194.07,142.84,138.39,169.46,164.35,140.665,162.38,191.685,91.15,132.5,94.14,85.895,94.375,127.11,73.255,100.86,107.205,256.73,101.29,105.46,75.565,73.3,22.66,33.605,47.29,48.36,52.43,43.07
2020-03-13 12:10,249.09,158.63,194.32,143.33,139.08,169.55,164.72,141.2,162.45,193.01,91.15,132.76,94.19,86.19,94.075,127.69,73.23,101.35,106.97,257.9,101.625,105.05,75.85,73.515,22.795,33.815,47.24,48.74,52.29,43.21
2020-03-13 12:15,248.535,158.95,194.52,143.49,138.28,169.885,164.415,140.65,162.46,193.65,90.6,133.01,94.5,86.375,93.98,127.555,73.365,101.78,106.7,257.44,101.69,105.045,75.43,73.39,23.02,33.845,47.27,48.61,52.34,43.7
2020-03-13 12:20,249.17,159.68,193.9,142.67,137.92,169.25,163.66,140.995,162.7,193.405,90.53,133.32,94.66,86.29,94.1,127.82,73.36,101.67,106.12,256.74,101.88,105.01,75.69,73.54,23.06,33.71,47.175,48.47,52.33,43.775
2020-03-13 12:25,248.515,160.755,193.28,143.16,138.34,168.665,163.47,141.65,162.785,194.04,90.405,133.22,94.775,86.07,93.945,127.93,73.49,101.61,106.165,256.915,101.97,104.78,75.535,73.33,22.95,33.77,47.175,48.17,52.27,43.91
2020-03-13 12:30,249.955,162.33,195.535,145.0,140.86,170.53,165.285,142.82,162.955,196.36,91.21,134.245,95.53,87.455,94.955,128.88,74.05,102.42,107.41,259.84,103.2,105.685,75.7,74.03,23.095,34.13,47.67,48.36,52.92,43.79
2020-03-13 12:35,248.19,161.555,195.995,145.05,140.935,170.32,165.14,143.92,162.925,195.74,91.18,134.135,95.8,87.67,94.83,127.765,74.235,102.18,107.52,260.18,103.08,106.075,75.47,73.76,23.0,34.11,47.61,48.1,52.92,43.845
2020-03-13 12:40,250.245,162.1,195.82,145.95,142.53,170.66,166.685,144.73,165.045,196.93,91.82,135.11,96.485,88.33,95.855,127.8,74.82,102.125,108.33,262.11,103.775,106.505,75.94,74.335,23.05,34.37,47.81,48.685,53.04,44.265
2020-03-13 12:45,251.64,162.24,196.08,145.73,142.93,171.61,167.31,144.005,164.93,197.53,92.165,135.55,96.76,88.31,95.445,128.19,74.44,102.065,109.24,261.45,104.1,106.46,75.67,74.42,23.01,34.365,47.905,48.7,53.09,44.675
2020-03-13 12:50,253.77,162.95,195.57,145.96,142.92,172.745,167.07,142.695,164.59,197.48,92.765,135.785,96.435,88.45,95.305,128.165,74.48,102.14,109.43,261.95,104.04,107.2,75.56,74.38,23.045,34.31,47.87,48.84,52.925,44.805
2020-03-13 12:55,252.37,162.41,194.25,144.93,141.34,171.57,165.775,142.11,163.56,195.595,92.39,135.22,95.585,87.67,95.11,128.57,74.04,101.775,109.37,260.4,103.19,106.47,75.445,74.11,22.85,34.01,47.71,48.37,52.665,44.635
2020-03-13 13:00,252.14,161.87,193.53,144.28,140.825,171.4,165.62,141.87,163.91,195.65,92.2,135.325,95.3,87.065,94.15,127.76,73.915,101.525,108.9,259.79,103.17,106.46,75.19,73.66,22.9,33.97,47.545,48.21,52.16,44.53
2020-03-13 13:05,252.39,161.91,193.96,144.2,140.45,171.555,165.79,142.0,163.895,195.405,92.405,135.495,95.475,87.13,94.22,128.02,73.93,100.925,108.44,259.46,103.49,106.515,75.5,74.01,23.03,33.99,47.435,48.495,52.29,44.57
2020-03-13 13:10,253.475,163.28,194.27,144.505,141.17,172.245,166.89,143.0,164.94,196.34,93.17,135.94,96.48,87.59,95.26,128.9,74.04,101.535,108.95,260.805,103.92,107.36,75.67,74.31,23.185,34.15,47.66,48.92,52.53,44.925
2020-03-13 13:15,257.135,163.23,194.27,144.97,141.665,172.82,167.06,143.05,165.1,197.605,93.59,136.145,97.525,87.995,94.865,129.615,73.97,101.715,109.68,261.26,104.04,107.73,75.65,74.32,23.44,34.15,47.84,48.875,52.68,45.04
2020-03-13 13:20,258.08,164.075,194.7,146.055,141.815,173.675,168.215,143.47,166.41,197.55,94.035,136.925,98.26,88.95,95.85,129.7,74.07,101.97,109.955,262.545,103.975,108.05,76.03,74.985,23.615,34.175,48.015,49.065,52.985,45.05
2020-03-13 13:25,258.265,164.72,195.21,146.79,142.64,174.22,169.045,144.05,166.11,197.96,94.565,137.79,98.835,89.19,95.98,130.28,74.385,102.39,110.35,262.435,104.025,108.105,76.22,75.1,23.68,34.3,48.055,49.13,52.94,45.235
2020-03-13 13:30,257.865,166.205,195.305,146.625,142.21,173.6,168.395,144.37,167.055,197.22,94.7,137.74,98.48,89.8,95.82,129.73,74.69,102.38,109.71,261.63,104.055,107.72,75.95,74.945,23.715,34.23,48.25,49.18,52.82,45.185
2020-03-13 13:35,257.64,165.83,194.215,146.37,142.26,173.16,167.995,144.36,165.75,196.625,94.78,137.31,97.41,89.955,95.295,129.81,74.95,101.875,109.79,260.81,103.495,107.3,75.6,75.25,23.73,34.12,48.28,48.825,52.72,45.06
2020-03-13 13:40,259.66,166.92,194.495,146.64,142.33,173.38,168.275,144.65,165.84,197.13,95.31,137.65,97.22,90.03,95.805,130.28,75.22,101.955,110.07,261.395,103.695,107.745,76.005,74.62,23.91,34.29,48.38,48.99,52.56,45.16
2020-03-13 13:45,259.15,167.695,194.165,146.99,143.27,173.34,168.89,144.525,169.65,197.68,95.67,137.895,97.13,90.78,96.48,130.315,75.48,102.275,109.9,262.9,104.045,108.08,76.73,74.91,24.26,34.57,48.6,49.415,52.66,45.445
2020-03-13 13:50,260.48,167.795,194.015,146.885,143.42,173.93,168.745,145.15,169.735,197.94,96.055,138.35,97.755,91.11,96.445,130.22,75.39,102.3,110.1,262.24,103.99,108.09,77.41,75.22,24.36,34.785,48.76,49.44,52.82,45.39
2020-03-13 13:55,258.87,167.865,194.035,146.52,142.93,173.45,168.455,144.82,171.145,196.78,95.365,137.87,96.98,90.92,96.845,129.95,75.36,102.185,109.67,262.35,104.02,108.27,77.5,75.17,24.25,34.67,48.605,49.515,52.98,45.23
2020-03-13 14:00,257.65,167.41,192.86,145.81,142.185,171.475,167.43,143.26,169.92,195.71,94.775,136.73,97.02,91.15,96.51,129.33,75.08,101.35,109.09,260.385,103.39,107.65,77.76,75.07,24.295,34.43,48.21,49.13,52.84,44.92
2020-03-13 14:05,256.67,165.86,192.27,145.06,141.12,171.02,167.1,142.025,168.255,194.16,94.445,135.525,96.71,90.34,95.96,129.41,75.02,100.99,108.11,258.185,102.91,107.3,76.94,75.29,23.87,34.18,47.9,48.57,52.62,44.615
2020-03-13 14:10,257.195,166.31,191.95,145.155,141.425,171.48,166.535,142.25,168.475,195.21,93.59,135.175,96.545,91.76,96.005,129.7,74.7,101.22,108.98,258.44,102.96,107.67,76.6,75.28,23.925,34.205,48.005,48.79,52.75,44.79
2020-03-13 14:15,258.27,166.725,191.85,144.885,141.16,171.75,166.12,142.14,168.45,194.955,93.28,135.0,96.64,90.625,96.18,128.915,74.565,101.35,108.54,258.78,103.35,107.685,76.95,74.915,23.86,34.155,47.725,48.765,52.62,44.76
2020-03-13 14:20,257.825,166.825,192.6,145.63,141.22,172.6,166.26,142.245,169.425,194.785,93.54,134.68,96.375,90.86,96.875,129.115,74.695,101.345,109.04,259.75,103.23,107.98,76.565,74.98,23.795,34.02,47.825,48.715,52.605,44.62
2020-03-13 14:25,256.64,165.67,191.9,144.14,140.69,170.87,165.335,141.39,168.45,194.225,92.91,134.2,96.275,90.02,95.72,127.8,74.49,101.13,108.48,257.915,102.795,107.5,76.395,74.53,23.655,33.885,47.505,48.26,52.405,44.52
2020-03-13 14:30,255.51,165.82,191.495,144.62,140.75,170.375,164.73,141.17,167.055,194.32,93.14,133.255,96.51,89.89,95.86,127.56,74.76,101.16,108.62,258.145,102.77,107.39,77.03,74.225,23.69,34.0,47.595,48.47,52.18,44.44
2020-03-13 14:35,255.635,165.64,190.39,143.43,139.34,169.48,164.005,140.66,166.69,192.865,92.575,133.26,95.195,90.22,95.01,126.67,74.63,101.07,108.03,257.275,102.315,106.79,76.48,73.79,23.64,33.8,47.31,48.21,51.99,43.96
2020-03-13 14:40,261.11,167.09,192.69,144.46,141.07,170.855,165.13,142.335,168.47,194.57,93.695,134.865,96.365,90.975,96.18,128.44,75.32,102.215,109.04,259.59,102.96,107.6,76.69,75.04,24.165,34.16,47.91,49.1,52.3,44.11
2020-03-13 14:45,259.77,166.6,192.15,144.59,139.955,170.66,164.2,141.87,167.34,193.83,93.46,134.325,96.44,90.375,95.93,128.52,74.425,101.655,109.0,258.8,102.745,107.38,76.85,74.695,23.915,34.015,47.905,48.96,52.22,44.0
2020-03-13 14:50,259.705,166.2,191.98,144.61,139.835,170.265,164.505,141.13,166.53,194.31,93.33,134.01,95.54,90.43,96.14,129.25,74.125,101.88,108.655,258.88,102.76,107.04,77.0,75.35,23.925,34.1,47.95,48.795,52.12,43.955
2020-03-13 14:55,260.21,166.755,193.03,144.68,139.62,170.6,165.19,141.175,167.0,194.88,93.435,134.58,97.15,91.26,96.68,128.99,73.75,102.09,109.52,259.335,102.76,107.52,77.2,75.22,23.97,34.14,47.92,49.02,52.305,44.01
2020-03-13 15:00,260.53,166.975,193.04,145.09,140.14,170.52,165.725,141.37,167.92,195.69,93.5,134.73,97.59,91.22,96.85,129.24,73.8,102.365,109.82,259.95,103.01,107.7,77.12,75.37,24.02,34.28,47.99,49.19,52.48,44.015
2020-03-13 15:05,260.53,166.975,193.04,145.09,140.14,170.52,165.725,141.37,167.92,195.69,93.5,134.73,97.59,91.22,96.85,129.24,73.8,102.365,109.82,259.95,103.01,107.7,77.12,75.37,24.02,34.28,47.99,49.19,52.48,44.015
2020-03-13 15:10,260.53,166.975,193.04,145.09,140.14,170.52,165.725,141.37,167.92,195.69,93.5,134.73,97.59,91.22,96.85,129.24,73.8,102.365,109.82,259.95,103.01,107.7,77.12,75.37,24.02,34.28,47.99,49.19,52.48,44.015
2020-03-13 15:15,260.53,166.975,193.04,145.09,140.14,170.52,165.725,141.37,167.92,195.69,93.5,134.73,97.59,91.22,96.85,129.24,73.8,102.365,109.82,259.95,103.01,107.7,77.12,75.37,24.02,34.28,47.99,49.19,52.48,44.015
2020-03-13 15:20,260.53,166.975,193.04,145.09,140.14,170.52,165.725,141.37,167.92,195.69,93.5,134.73,97.59,91.22,96.85,129.24,73.8,102.365,109.82,259.95,103.01,107.7,77.12,75.37,24.02,34.28,47.99,49.19,52.48,44.015
2020-03-13 15:25,260.53,166.975,193.04,145.09,140.14,170.52,165.725,141.37,167.92,195.69,93.5,134.73,97.59,91.22,96.85,129.24,73.8,102.365,109.82,259.95,103.01,107.7,77.12,75.37,24.02,34.28,47.99,49.19,52.48,44.015
2020-03-13 15:30,260.53,166.975,193.04,145.09,140.14,170.52,165.725,141.37,167.92,195.69,93.5,134.73,97.59,91.22,96.85,129.24,73.8,102.365,109.82,259.95,103.01,107.7,77.12,75.37,24.02,34.28,47.99,49.19,52.48,44.015
2020-03-13 15:35,260.175,168.34,194.405,145.895,138.03,171.71,165.54,143.71,165.125,196.19,95.91,136.245,97.155,93.45,97.96,128.28,73.065,102.025,110.14,261.0,103.57,107.87,75.2,74.885,24.53,34.715,48.14,49.6,52.63,43.94
2020-03-13 15:40,261.01,169.635,197.56,148.14,140.42,172.745,167.98,143.74,164.33,197.88,95.8,136.1,98.23,94.275,99.17,129.7,74.16,102.77,110.69,263.46,103.625,108.595,76.02,75.5,24.54,35.005,48.49,50.155,52.905,44.08
2020-03-13 15:45,263.25,171.24,199.695,149.51,142.33,175.23,169.46,145.7,165.06,199.92,96.71,136.805,99.105,96.06,99.82,131.62,74.15,103.92,112.09,266.54,105.29,110.82,76.49,76.49,24.85,35.315,48.835,50.9,53.895,44.65
2020-03-13 15:50,268.6,174.28,204.23,154.555,145.02,176.275,171.99,147.985,168.36,200.31,97.955,140.17,101.04,97.175,101.395,133.32,74.45,105.24,113.165,271.905,106.095,113.82,80.35,77.13,25.525,36.365,48.655,52.98,54.18,44.9
2020-03-13 15:55,272.09,176.915,205.78,158.88,147.775,176.83,176.05,149.515,169.96,202.48,99.64,141.425,102.325,99.945,103.9,134.36,75.465,107.47,114.06,278.02,107.92,114.09,83.39,76.63,25.685,37.62,48.16,54.425,54.19,46.16
2020-03-16 09:30,272.09,176.915,205.78,157.45,147.775,176.83,176.05,149.515,169.96,202.48,99.64,141.425,102.325,99.945,103.9,134.36,75.465,107.47,114.06,241.49,107.92,114.49,83.39,76.63,25.685,33.095,48.16,47.41,50.61,46.16
2020-03-16 09:35,272.09,176.915,205.78,157.45,147.775,176.83,176.05,149.515,169.96,202.48,99.64,141.425,102.325,99.945,103.9,134.36,75.465,107.47,114.06,241.49,107.92,114.49,83.39,76.63,25.685,33.095,48.16,47.41,50.61,46.16
2020-03-16 09:40,272.09,176.915,205.78,157.45,147.775,176.83,176.05,149.515,169.96,202.48,99.64,141.425,102.325,99.945,103.9,134.36,75.465,107.47,114.06,241.49,107.92,114.49,83.39,76.63,25.685,33.095,48.16,47.41,50.61,46.16
2020-03-16 09:45,236.695,152.54,181.47,138.51,133.21,155.4,155.26,130.75,140.505,188.145,92.745,128.43,90.34,82.16,85.775,126.995,65.955,96.75,103.06,246.23,96.52,103.79,72.24,70.36,22.965,32.72,42.74,46.7,49.27,42.65
2020-03-16 09:50,240.23,154.42,184.49,143.73,135.36,158.07,159.04,132.02,145.165,187.81,95.45,132.15,92.38,83.57,88.09,128.74,66.995,97.32,108.11,252.29,97.45,106.965,73.32,72.45,23.635,33.97,43.42,48.32,50.38,43.55
2020-03-16 09:55,237.76,157.51,181.645,142.525,136.995,154.73,157.44,132.51,138.025,191.48,94.14,132.7,93.16,84.43,89.26,128.77,66.92,96.92,108.53,249.82,96.55,108.01,74.015,73.565,23.62,33.985,43.59,49.26,49.975,43.325
2020-03-16 10:00,235.4,154.08,176.49,141.54,133.76,154.79,158.13,129.835,139.0,188.27,91.87,131.9,91.77,83.965,87.99,126.27,65.79,94.54,108.82,248.995,95.21,107.23,72.26,72.04,23.165,33.56,43.13,48.11,50.11,42.755
2020-03-16 10:05,240.74,157.82,179.005,143.3,134.76,157.785,158.88,130.76,144.9,191.31,93.735,132.46,92.815,85.45,89.29,127.19,66.06,96.785,110.32,251.78,95.95,107.64,73.67,72.26,23.55,34.055,43.48,49.92,51.19,43.21
2020-03-16 10:10,241.16,157.315,179.025,142.98,134.37,156.81,158.19,133.16,143.855,191.19,94.28,132.41,93.905,85.88,88.055,126.88,65.46,95.35,110.305,251.3,95.38,107.36,73.59,72.02,23.27,34.065,43.585,49.175,50.655,43.56
2020-03-16 10:15,239.09,157.48,178.11,142.37,133.1,158.32,157.92,133.15,142.845,190.17,94.47,131.49,92.91,85.735,87.54,126.54,65.76,94.93,109.84,249.62,95.33,107.33,73.1,72.015,23.57,33.925,43.515,48.965,50.46,43.39
2020-03-16 10:20,241.63,159.43,177.96,143.665,133.87,158.54,158.24,133.04,143.5,192.95,95.67,132.61,93.65,86.64,88.22,127.14,65.505,95.15,110.98,251.1,96.2,107.76,73.855,72.52,23.88,34.47,44.045,49.875,51.03,43.45
2020-03-16 10:25,240.46,159.35,177.52,143.545,133.07,156.385,157.72,133.28,140.34,192.55,96.615,132.245,93.525,87.64,88.9,126.29,66.4,93.69,109.305,249.345,96.43,107.94,74.205,72.445,24.01,34.635,43.88,49.38,51.275,43.9
2020-03-16 10:30,243.0,161.275,180.72,145.98,134.94,160.285,160.06,135.99,141.885,194.98,97.51,134.36,95.39,89.03,90.67,127.47,67.365,94.79,112.31,252.84,97.89,109.28,74.305,73.01,24.36,35.32,44.76,50.37,51.81,44.625
2020-03-16 10:35,245.655,162.56,181.01,147.735,134.815,159.01,160.415,135.09,143.24,196.58,98.665,134.68,95.295,89.89,91.58,128.53,68.245,94.96,113.535,254.73,98.81,109.9,74.975,73.57,24.73,35.665,45.12,50.31,52.32,45.225
2020-03-16 10:40,244.115,163.85,181.75,146.05,135.19,159.145,159.7,137.26,142.27,198.94,99.02,134.315,95.5,89.95,91.98,130.03,68.07,94.96,113.33,254.74,99.6,110.005,75.925,74.51,24.915,35.795,45.155,50.17,52.49,45.37
2020-03-16 10:45,243.47,164.68,182.065,146.5,134.385,159.47,159.86,138.185,141.99,199.3,100.225,132.54,95.95,89.665,91.74,130.19,68.58,94.93,113.81,255.71,100.01,109.87,76.3,74.29,24.68,35.575,45.27,50.03,52.55,45.31
2020-03-16 10:50,240.125,164.74,181.23,146.04,133.41,158.44,158.9,137.52,140.085,199.33,99.345,132.94,94.8,89.605,90.32,131.0,68.695,94.53,113.54,256.0,100.25,110.16,75.51,74.12,24.65,35.34,45.73,50.565,52.37,45.64
2020-03-16 10:55,239.8,164.635,180.84,145.93,133.215,158.255,161.03,136.45,141.23,197.31,99.02,133.1,94.29,89.83,90.86,129.805,69.38,93.69,114.2,253.81,99.89,109.435,75.22,73.805,24.71,35.15,45.895,50.585,52.395,45.8
2020-03-16 11:00,239.94,163.825,180.9,146.26,133.6,158.39,161.54,137.065,141.78,198.04,99.08,132.285,94.49,89.64,90.7,129.86,69.37,93.07,113.175,254.74,100.155,109.21,75.435,73.9,24.745,35.535,45.73,51.215,52.345,45.88
2020-03-16 11:05,240.85,164.43,180.675,147.19,135.31,158.64,161.525,138.375,139.685,199.2,99.97,132.95,95.15,90.29,91.11,131.115,70.39,93.32,112.8,254.87,101.27,110.115,76.32,74.77,24.78,35.94,46.22,51.71,52.36,46.36
2020-03-16 11:10,240.44,166.19,183.59,147.585,137.44,160.17,162.71,140.88,140.665,200.38,101.04,133.7,97.86,90.25,92.02,131.86,70.99,93.52,113.92,256.175,102.28,110.07,76.62,75.08,24.985,36.06,46.685,51.05,52.8,46.41
2020-03-16 11:15,240.65,169.19,185.23,148.925,138.845,161.815,163.71,141.63,141.295,200.57,102.865,133.825,97.245,91.52,93.87,132.49,71.79,94.015,114.675,256.76,103.44,110.19,77.12,75.355,25.26,36.255,46.795,51.585,52.91,47.42
2020-03-16 11:20,241.6,168.66,185.33,148.94,141.16,161.84,164.975,142.92,144.015,200.63,103.37,133.54,96.84,92.46,92.86,133.55,72.14,93.985,115.65,258.25,103.955,110.76,78.445,75.88,25.4,36.395,47.24,51.655,52.905,47.75
2020-03-16 11:25,241.19,168.4,185.02,147.945,140.34,160.41,164.595,142.255,143.345,201.77,103.05,133.86,97.0,92.19,92.59,133.125,72.71,93.92,114.915,258.31,103.44,110.67,77.335,76.035,25.18,36.14,47.255,51.78,52.9,47.48
2020-03-16 11:30,238.19,164.31,181.85,145.9,137.445,157.805,163.0,140.64,140.095,198.69,103.28,132.915,96.01,91.15,91.09,132.41,71.53,92.995,113.54,255.91,103.17,109.15,76.72,74.52,24.995,35.79,46.61,50.69,52.24,46.885
2020-03-16 11:35,241.34,164.46,182.435,147.305,137.33,159.15,164.71,140.17,141.92,201.27,104.82,133.37,95.77,91.79,91.28,133.25,71.42,93.23,113.84,257.705,104.0,109.79,77.24,75.5,25.16,35.9,46.98,51.13,52.47,46.95
2020-03-16 11:40,238.97,162.32,180.42,146.325,136.25,158.01,162.895,138.45,140.6,200.03,104.54,131.23,95.76,90.75,90.83,130.805,70.99,92.225,112.47,256.6,103.575,109.12,76.04,74.91,24.88,35.64,46.625,50.645,52.12,46.63
2020-03-16 11:45,239.3,162.38,179.02,145.565,136.365,157.86,162.2,139.02,139.82,201.01,104.075,131.66,95.225,91.28,90.9,131.23,71.01,92.2,112.24,256.42,104.27,109.62,76.07,74.6,24.715,35.82,46.61,50.99,52.495,47.07
2020-03-16 11:50,239.82,161.86,178.3,145.4,137.18,158.13,162.67,138.865,140.36,201.34,104.19,132.345,95.12,91.55,90.395,131.705,70.94,91.63,112.27,256.69,104.925,109.345,76.72,74.37,24.88,36.16,46.96,51.23,52.305,47.1
2020-03-16 11:55,240.29,163.12,179.85,146.035,137.685,159.05,163.49,140.34,141.515,203.01,104.445,133.37,95.71,92.31,91.42,132.56,71.5,91.91,113.19,257.93,105.44,109.59,76.85,74.8,24.83,36.56,47.52,51.25,52.875,46.995
2020-03-16 12:00,241.565,163.79,179.985,146.5,137.0,159.37,163.98,140.79,143.97,204.735,105.77,135.01,97.0,92.37,91.74,132.71,71.735,92.035,113.65,258.125,107.305,110.215,77.08,74.94,24.835,36.935,47.67,51.49,53.0,47.285
2020-03-16 12:05,241.335,162.82,179.84,145.525,136.315,158.91,163.13,139.645,143.47,203.235,104.55,134.41,96.43,91.375,91.06,133.45,71.25,92.08,112.92,257.09,106.79,109.91,76.435,75.16,24.475,36.785,47.545,51.33,52.66,47.465
2020-03-16 12:10,240.245,161.895,179.355,145.035,135.16,158.42,162.44,138.68,141.135,201.47,103.63,134.35,96.0,90.98,90.62,133.03,71.16,91.825,112.7,256.085,106.045,109.53,75.815,74.825,24.26,36.705,47.21,50.94,52.59,47.47
2020-03-16 12:15,239.03,160.0,178.94,143.64,134.23,157.14,161.22,137.05,140.07,199.98,102.03,134.13,95.18,90.635,90.07,131.5,70.66,91.12,110.9,254.065,104.905,109.19,75.16,74.09,24.06,36.545,46.865,50.44,52.085,47.3
2020-03-16 12:20,238.89,159.92,178.595,143.865,134.3,157.15,161.585,136.25,140.35,200.48,100.88,133.595,95.405,90.51,89.82,131.315,70.77,90.98,111.55,254.345,104.425,109.41,74.64,73.945,23.895,36.37,47.065,50.545,52.185,47.44
2020-03-16 12:25,238.275,159.94,179.47,144.27,133.95,157.025,162.215,136.84,141.95,199.6,99.89,134.385,95.55,91.09,89.9,131.98,70.765,92.305,112.65,254.8,104.345,109.96,75.81,74.06,23.895,36.36,47.37,50.36,52.37,47.47
2020-03-16 12:30,238.65,160.28,180.15,144.94,134.045,157.445,162.98,136.68,141.52,199.74,100.075,134.405,95.825,91.155,89.42,131.505,70.82,92.56,111.925,255.59,104.02,110.245,75.91,73.905,23.8,36.315,47.37,50.18,52.21,47.52
2020-03-16 12:35,238.445,160.25,180.6,145.2,134.035,157.755,162.88,136.24,141.63,199.55,100.37,134.44,95.575,91.19,89.76,130.85,70.6,92.8,111.47,255.185,104.34,110.54,76.085,73.82,23.735,36.275,47.44,50.12,52.12,47.895
2020-03-16 12:40,237.92,160.31,180.555,145.21,133.33,157.87,162.04,136.315,141.88,200.305,100.75,134.275,95.47,91.03,89.93,130.945,70.345,92.85,112.02,256.185,103.76,110.36,75.41,73.86,23.73,36.265,47.375,50.19,52.165,47.7
2020-03-16 12:45,237.09,159.93,179.24,144.315,133.005,156.7,162.52,135.45,140.91,198.67,100.45,133.6,94.89,90.29,89.58,130.115,70.24,92.945,110.98,255.02,102.41,109.94,74.87,72.96,23.485,35.805,47.375,49.925,51.85,47.745
2020-03-16 12:50,236.775,160.16,178.25,143.22,131.725,155.52,160.84,134.58,139.755,196.91,99.18,132.76,94.44,89.99,89.58,128.19,70.03,91.97,110.42,253.3,101.465,108.87,74.44,72.65,23.315,35.655,46.945,49.765,51.565,46.87
2020-03-16 12:55,236.77,161.36,178.53,142.46,131.83,155.5,159.675,135.0,139.95,198.415,99.67,133.33,94.78,90.21,89.72,129.86,70.35,92.19,111.26,253.34,101.675,109.35,74.32,73.0,23.205,35.63,47.295,49.66,51.945,47.3
2020-03-16 13:00,238.38,161.55,179.09,142.62,131.705,156.56,160.365,136.92,140.045,198.685,100.015,134.07,94.845,90.43,90.16,130.48,70.45,93.34,111.76,254.15,102.625,109.66,74.34,73.465,23.31,35.83,47.58,49.83,52.165,47.22
2020-03-16 13:05,236.94,160.69,178.27,141.7,130.85,156.55,160.375,138.04,138.41,198.5,99.985,133.91,94.12,90.47,90.015,130.54,70.01,92.63,111.34,253.57,102.235,109.0,74.135,73.23,23.24,35.585,47.16,49.45,52.04,47.03
2020-03-16 13:10,240.61,162.365,180.5,143.19,132.665,157.73,161.11,139.245,139.66,199.685,100.88,135.19,95.05,91.07,90.91,131.13,70.565,93.7,112.2,255.32,103.27,110.15,74.13,73.71,23.565,35.7,47.7,49.835,52.39,47.59
2020-03-16 13:15,239.79,161.015,179.39,142.56,131.83,157.235,160.985,138.91,139.015,198.035,100.09,134.7,95.06,91.165,90.66,130.915,70.65,93.08,111.48,254.43,102.775,109.69,74.115,73.48,23.28,35.335,47.575,49.255,52.16,47.27
2020-03-16 13:20,240.265,162.19,178.325,143.115,131.095,158.28,160.7,138.53,139.665,197.77,99.97,135.14,95.64,91.475,90.58,132.205,71.17,93.245,111.99,254.98,102.955,110.16,75.235,73.615,23.26,35.45,47.51,49.33,52.385,47.48
2020-03-16 13:25,238.93,162.41,177.5,142.385,130.77,157.3,159.78,138.37,138.25,198.63,99.25,134.8,95.23,91.5,90.72,130.985,70.55,92.775,111.57,254.765,103.11,109.8,74.595,73.06,23.2,35.46,47.4,49.23,52.335,47.41
2020-03-16 13:30,237.83,161.42,175.12,141.52,130.22,156.34,158.155,136.865,137.77,196.7,98.635,133.765,95.0,90.91,90.515,130.7,70.02,92.23,110.385,253.62,102.185,108.875,73.745,72.585,23.08,35.38,47.045,49.12,51.665,47.16
2020-03-16 13:35,239.13,161.475,174.105,141.35,130.075,155.745,157.245,137.93,137.605,197.46,98.69,134.44,94.36,90.79,90.07,131.46,70.14,92.405,111.32,252.78,101.62,108.635,73.68,72.54,23.16,35.45,47.1,49.01,52.035,47.01
2020-03-16 13:40,239.21,161.79,172.49,140.79,130.51,155.035,157.845,139.015,137.79,196.37,98.67,134.25,94.4,90.49,90.29,131.26,69.97,91.79,110.505,252.43,101.955,108.42,73.43,72.165,23.16,35.255,47.03,49.05,52.16,47.04
2020-03-16 13:45,239.06,162.51,172.75,140.635,130.67,155.27,158.18,140.88,137.65,196.96,98.64,134.62,94.47,90.94,90.58,131.275,69.975,91.99,110.96,252.25,102.155,108.925,73.55,72.45,23.37,35.36,47.16,49.43,52.23,47.46
2020-03-16 13:50,238.945,161.87,173.03,140.35,129.89,154.81,157.63,141.15,137.685,197.0,99.08,134.09,94.345,90.59,90.46,131.2,69.94,90.925,110.76,250.93,102.08,108.735,73.33,72.5,23.305,35.2,46.98,49.145,52.065,47.64
2020-03-16 13:55,238.64,161.63,173.08,140.77,130.615,154.72,157.96,140.38,138.04,196.57,98.83,134.05,94.465,90.38,90.79,131.35,69.93,91.09,111.1,251.27,102.45,108.905,73.58,72.365,23.255,35.24,46.76,49.12,52.085,47.64
2020-03-16 14:00,236.81,161.25,171.53,140.73,129.97,153.16,157.99,139.255,138.52,195.3,99.275,133.28,94.145,89.82,90.26,130.69,69.9,90.23,110.85,250.14,101.73,108.795,72.885,71.98,23.075,35.05,46.62,48.9,51.765,47.575
2020-03-16 14:05,235.63,161.16,170.5,140.365,129.585,152.38,157.465,139.1,137.89,195.93,99.35,133.48,93.53,89.94,90.1,130.93,69.95,90.24,111.39,250.18,102.015,108.81,72.55,71.91,23.025,34.955,46.83,48.81,51.58,47.645
2020-03-16 14:10,235.715,161.96,170.245,140.66,129.65,152.78,158.34,139.005,137.18,196.245,99.86,133.67,93.37,90.37,90.16,130.645,69.91,90.755,111.43,250.7,102.42,108.88,72.43,71.94,23.03,35.08,46.915,48.95,51.725,47.61
2020-03-16 14:15,236.81,161.13,170.07,140.105,128.77,152.28,157.465,138.74,136.02,195.08,99.76,132.69,93.0,90.06,89.56,129.325,69.19,91.09,111.82,250.09,102.0,108.885,72.155,71.47,22.955,34.975,46.73,48.365,51.46,47.52
2020-03-16 14:20,235.995,160.745,170.585,140.005,128.86,151.665,157.1,138.865,135.88,195.065,99.52,132.82,92.52,89.94,89.47,129.68,68.35,90.63,111.35,249.98,101.695,108.76,72.185,71.375,22.805,34.955,46.845,48.41,51.59,47.18
2020-03-16 14:25,236.91,161.7,171.785,141.56,129.85,151.985,157.78,139.705,135.69,196.82,100.0,133.8,93.83,90.76,89.725,130.54,69.04,91.035,112.705,250.955,102.03,109.24,72.51,72.16,22.95,35.11,46.96,49.03,52.1,47.0
2020-03-16 14:30,240.41,164.48,175.31,143.79,131.77,154.98,160.005,141.72,136.83,199.72,101.085,134.33,95.12,92.45,90.88,132.86,70.06,91.79,114.39,254.34,103.845,110.795,73.69,73.22,23.375,35.695,47.685,49.99,52.77,47.585
2020-03-16 14:35,238.12,163.39,173.59,142.34,129.9,153.4,158.225,140.72,136.07,197.76,99.5,134.3,93.92,91.155,91.1,131.6,69.755,91.92,113.91,251.55,103.24,110.28,72.88,72.43,23.34,35.31,47.48,49.25,52.36,47.21
2020-03-16 14:40,236.4,162.81,173.095,141.46,129.48,152.575,158.11,140.375,135.815,196.765,99.115,133.105,93.63,90.86,90.76,131.02,69.335,91.74,113.3,250.54,102.385,109.89,72.475,72.65,23.195,35.235,47.205,48.975,52.17,46.85
2020-03-16 14:45,234.895,162.5,172.01,141.145,129.2,152.215,157.61,140.24,136.68,196.96,99.355,133.49,93.61,91.47,90.745,131.37,69.2,91.485,113.42,250.53,102.4,109.63,72.27,72.23,23.11,35.27,47.38,48.635,52.025,46.6
2020-03-16 14:50,235.655,162.71,172.22,142.03,129.76,152.61,158.33,140.09,137.545,197.59,99.3,133.775,94.43,91.485,90.66,131.89,69.47,91.265,112.9,252.72,102.77,109.63,72.61,72.5,23.125,35.42,47.355,49.05,52.115,46.72
2020-03-16 14:55,238.85,162.88,172.93,142.845,129.41,153.19,159.88,140.545,137.04,199.245,99.425,134.27,94.76,91.645,90.51,132.45,69.62,91.205,113.55,252.6,103.245,109.745,72.82,72.605,23.29,35.655,47.475,49.22,52.325,47.0
2020-03-16 15:00,237.52,161.33,172.42,142.89,129.205,152.66,159.24,139.35,136.89,199.93,99.2,133.75,94.79,92.19,90.48,131.95,69.02,89.6,113.86,253.49,102.85,109.62,72.63,72.575,23.185,35.635,47.355,49.12,52.505,47.18
2020-03-16 15:05,238.62,160.93,172.05,142.09,129.305,152.9,159.74,139.9,137.58,199.175,99.01,134.04,94.975,91.33,90.21,132.11,69.21,89.44,114.5,252.615,102.94,109.785,72.44,72.785,23.16,35.6,47.475,49.11,52.51,47.38
2020-03-16 15:10,236.765,160.03,170.17,141.45,129.15,151.84,159.79,139.975,137.0,197.78,98.45,133.57,95.42,91.55,90.21,131.93,68.935,88.605,113.02,251.36,102.5,109.22,72.13,72.11,23.04,35.87,47.295,48.59,52.15,46.865
2020-03-16 15:15,234.94,160.45,170.06,142.2,129.25,152.18,160.12,140.64,137.18,198.68,98.445,134.38,96.025,91.965,90.17,131.6,68.9,88.73,113.32,252.815,103.1,109.46,72.23,72.19,23.23,36.075,47.57,48.59,52.485,47.1
2020-03-16 15:20,235.415,159.61,171.05,142.33,129.44,152.31,160.225,140.52,136.705,197.475,98.52,134.155,95.315,91.59,89.845,130.9,68.76,88.085,112.82,253.01,102.885,109.19,72.37,72.15,23.06,36.11,47.09,48.005,52.21,46.62
2020-03-16 15:25,233.01,158.59,169.68,141.05,128.78,151.455,158.44,139.58,135.25,196.5,97.66,133.21,95.03,91.33,89.605,130.11,68.305,87.52,111.82,250.4,102.42,107.89,71.73,71.32,22.845,35.815,46.63,47.91,51.81,46.42
2020-03-16 15:30,230.71,157.12,166.6,140.385,126.2,148.66,156.055,135.85,133.52,193.12,96.78,131.85,94.84,89.61,88.15,128.77,67.51,87.1,110.26,250.61,101.3,107.54,70.525,70.9,22.6,35.1,45.9,47.065,51.15,45.9
2020-03-16 15:35,230.585,156.59,166.78,139.31,124.94,148.995,154.505,135.18,132.4,193.41,96.36,132.17,94.825,88.88,88.365,129.325,67.13,86.93,110.42,248.22,100.67,107.2,70.35,70.69,22.65,35.015,45.805,47.0,51.18,45.99
2020-03-16 15:40,231.36,158.22,168.02,142.11,126.405,149.075,158.695,135.75,136.53,194.11,95.99,133.5,95.755,89.19,89.72,130.08,68.3,87.525,113.0,252.27,100.84,108.69,71.13,72.04,22.83,35.77,46.66,47.595,52.25,46.84
2020-03-16 15:45,230.905,156.91,167.52,139.58,126.125,149.57,156.02,136.79,133.09,195.23,95.365,134.38,94.98,88.855,88.5,129.72,67.765,87.17,111.6,249.22,100.91,108.2,70.26,71.595,22.51,35.09,46.12,46.855,52.14,46.44
2020-03-16 15:50,228.79,155.47,165.115,138.005,125.21,149.12,153.725,137.28,131.01,190.365,94.015,132.52,95.215,86.01,88.235,127.19,67.155,86.45,108.73,246.2,100.03,107.105,70.005,70.58,22.39,34.64,45.67,46.015,51.56,45.755
2020-03-16 15:55,225.0,154.71,164.965,135.42,124.43,149.04,152.01,135.255,129.74,188.82,93.38,131.1,95.15,85.365,88.35,126.95,66.88,85.06,108.27,241.83,99.2,106.745,69.7,69.9,21.995,33.705,45.3,44.545,50.965,45.19
2020-03-17 09:30,236.79,156.02,166.27,139.68,127.48,146.05,152.98,138.725,130.16,193.67,96.51,130.59,96.16,87.77,89.75,129.14,67.98,85.76,113.635,247.9,99.51,111.63,69.855,72.21,24.5,34.42,46.64,46.315,52.45,45.39
2020-03-17 09:35,236.165,156.19,163.91,136.94,126.215,144.59,150.38,138.07,125.15,195.0,95.73,130.39,94.47,86.435,88.45,128.65,67.51,84.05,111.1,243.41,97.87,111.52,68.69,71.69,22.95,34.69,46.615,46.055,51.84,44.165
2020-03-17 09:40,235.27,152.33,160.67,136.54,125.365,140.005,150.28,136.67,118.4,195.86,95.18,130.51,92.69,85.17,87.89,128.43,66.24,83.76,111.8,240.625,97.32,111.31,67.065,71.49,22.84,34.235,46.13,45.27,52.46,43.785
2020-03-17 09:45,237.04,152.005,160.42,137.18,124.35,140.19,150.95,137.43,119.0,198.72,95.445,132.04,93.385,85.95,88.64,129.425,65.19,84.915,114.1,240.98,98.7,111.5,68.56,72.14,22.985,34.53,46.28,45.715,52.89,44.5
2020-03-17 09:50,235.01,150.865,156.55,135.44,123.57,138.9,150.14,135.785,118.145,197.355,94.36,130.675,92.205,85.14,87.565,129.16,64.12,84.035,114.07,239.5,97.67,110.79,67.285,72.225,22.815,33.885,45.845,45.635,52.26,45.23
2020-03-17 09:55,234.34,150.26,157.14,136.305,123.9,138.15,149.8,135.765,116.82,196.985,94.2,130.27,91.665,84.38,88.08,129.655,62.965,83.5,114.2,240.51,97.72,111.41,66.91,71.845,22.8,33.815,45.76,45.525,52.025,45.17
2020-03-17 10:00,234.425,152.38,156.2,135.83,126.99,138.41,150.38,136.25,117.525,200.68,93.61,130.25,92.55,84.46,88.99,131.24,63.6,83.605,114.53,240.0,98.4,111.81,67.145,72.12,23.29,33.92,45.72,45.845,52.22,45.66
2020-03-17 10:05,232.83,152.71,158.39,136.58,127.18,139.79,151.43,138.35,113.065,201.93,93.97,131.71,92.09,85.295,90.3,132.69,64.91,82.925,115.86,241.9,99.72,113.385,66.7,71.9,23.5,33.745,45.805,45.9,52.145,46.11
2020-03-17 10:10,232.62,152.645,159.295,137.625,127.63,139.965,150.74,138.945,111.3,202.47,93.34,131.53,92.1,85.84,89.03,133.11,63.84,82.72,115.36,243.21,100.01,113.725,67.14,72.39,23.7,33.78,45.88,46.155,52.46,45.95
2020-03-17 10:15,231.47,152.52,159.99,138.73,127.21,140.07,151.745,140.3,106.68,202.11,93.28,132.37,92.415,85.195,90.0,134.6,64.395,82.13,117.05,243.84,99.92,115.23,66.785,72.3,23.96,34.03,45.94,46.61,52.97,46.22
2020-03-17 10:20,232.2,152.3,160.37,137.445,128.98,140.81,151.475,141.07,105.0,202.25,94.88,133.11,93.465,84.88,89.855,134.06,63.82,81.305,117.45,242.52,100.615,115.99,67.075,72.76,23.82,34.125,46.05,46.79,53.065,46.89
2020-03-17 10:25,233.95,153.99,161.29,138.95,128.49,140.27,152.225,141.01,110.025,202.67,95.59,133.0,93.55,85.21,90.21,133.45,63.955,81.155,118.26,244.985,101.0,117.11,67.0,73.205,24.375,34.56,46.365,48.145,53.43,46.845
2020-03-17 10:30,231.045,153.69,159.8,139.965,129.95,140.22,152.18,140.42,104.825,200.95,95.27,132.48,93.23,84.0,88.5,131.8,64.21,80.745,116.35,245.22,100.41,116.21,66.37,73.24,23.86,34.275,45.875,48.34,53.225,46.93
2020-03-17 10:35,230.59,153.14,158.59,139.755,132.545,137.21,152.42,140.98,106.19,201.41,94.685,132.12,93.19,83.39,88.16,131.85,63.82,80.925,116.54,245.05,99.61,116.14,65.83,73.715,23.93,34.14,46.01,48.02,53.34,46.73
2020-03-17 10:40,231.245,153.92,159.21,141.4,134.425,138.27,153.85,141.42,108.745,201.405,95.045,133.78,93.02,84.405,88.65,132.14,64.79,82.865,116.38,247.3,100.535,116.43,67.38,74.195,24.13,34.43,46.255,48.64,54.05,47.185
2020-03-17 10:45,230.15,155.075,158.64,142.88,136.53,138.155,155.14,140.705,110.45,201.4,94.76,133.64,93.52,84.89,89.01,130.37,65.755,83.87,115.99,248.205,101.43,116.57,67.415,73.94,24.03,34.36,45.94,48.795,53.71,47.08
2020-03-17 10:50,229.44,154.815,156.77,142.17,132.82,135.8,154.71,138.46,110.01,199.005,94.39,132.04,92.06,84.52,88.62,130.635,65.615,84.57,116.06,249.7,100.71,116.36,67.39,73.92,23.965,34.14,45.66,48.22,53.245,46.61
2020-03-17 10:55,232.21,157.01,157.145,142.29,134.04,136.55,154.945,140.3,110.83,201.51,94.27,132.56,93.105,84.445,88.555,130.87,65.8,85.41,116.1,250.295,100.93,116.53,67.7,74.24,23.96,34.16,45.98,48.53,53.42,46.985
2020-03-17 11:00,231.83,157.0,156.515,143.425,134.07,136.98,155.69,138.98,110.095,201.605,94.15,132.17,92.76,84.28,88.87,130.805,66.75,85.29,116.66,250.745,100.59,117.275,67.515,74.58,24.0,34.015,46.16,48.73,53.465,47.22
2020-03-17 11:05,233.19,158.03,158.53,144.76,135.71,138.01,157.59,139.455,111.93,203.89,95.0,132.8,94.04,84.81,89.86,131.175,67.11,85.44,117.13,252.85,101.39,116.9,67.53,75.025,24.28,34.18,46.26,49.375,53.84,47.64
2020-03-17 11:10,233.24,165.03,158.73,145.77,135.26,139.16,158.21,140.215,111.3,206.21,94.895,133.62,94.68,86.0,91.92,131.17,67.76,85.92,117.82,253.855,102.295,117.6,68.55,75.5,25.045,34.59,46.525,49.46,54.05,47.98
2020-03-17 11:15,234.84,162.47,160.89,145.415,136.0,139.69,158.14,138.99,113.795,207.11,96.68,133.23,95.14,85.54,93.26,132.28,68.72,86.015,117.79,253.31,102.305,117.65,68.865,75.78,25.18,34.81,46.71,49.425,54.355,48.12
2020-03-17 11:20,234.595,162.095,162.35,143.39,135.64,139.46,157.855,133.985,111.62,205.05,96.59,132.47,94.455,85.3,91.46,131.3,69.01,86.02,117.06,251.92,101.92,116.91,68.415,75.42,25.04,34.5,46.36,49.135,53.8,47.36
2020-03-17 11:25,234.095,161.95,164.915,143.59,135.8,139.335,158.17,136.33,112.92,205.55,97.245,132.76,95.035,85.83,92.21,131.31,69.17,86.295,116.94,251.72,101.705,116.62,68.38,75.54,25.41,34.695,46.445,49.11,53.61,47.6
2020-03-17 11:30,235.27,162.11,166.58,144.01,136.48,139.695,158.03,136.88,111.955,204.3,97.615,132.99,95.545,85.47,92.865,133.045,69.9,86.49,116.89,251.09,101.23,116.84,68.37,75.705,25.2,35.0,46.7,48.99,53.54,47.56
2020-03-17 11:35,235.005,160.44,166.005,142.75,135.57,138.455,156.32,136.17,110.08,201.82,97.39,133.135,94.35,84.62,91.21,132.65,69.5,86.02,116.45,248.88,99.855,116.34,67.69,74.885,25.16,34.65,46.46,48.555,53.26,47.49
2020-03-17 11:40,237.79,161.31,166.79,143.985,136.42,138.645,158.585,137.24,111.28,203.63,97.29,133.88,94.345,85.245,91.535,133.46,69.18,86.43,117.545,250.84,99.82,116.78,68.45,74.53,25.1,34.98,46.585,48.94,53.28,48.0
2020-03-17 11:45,239.9,161.76,168.04,144.95,136.81,140.05,159.48,138.63,113.19,204.345,97.27,134.24,94.345,85.41,92.15,133.61,69.495,86.525,117.3,251.78,99.88,117.02,69.3,74.605,25.355,35.08,46.47,49.12,53.16,48.25
2020-03-17 11:50,240.69,161.45,168.57,145.29,137.32,140.78,159.715,138.98,113.2,204.4,97.45,134.55,94.59,85.84,93.05,133.99,70.265,86.92,117.8,253.95,100.16,117.71,69.75,74.56,25.545,35.205,46.72,49.435,53.47,48.1
2020-03-17 11:55,239.73,161.59,169.755,145.5,137.37,141.33,160.0,139.03,115.6,203.73,98.7,134.73,94.85,85.87,92.95,133.91,70.98,86.8,117.745,254.7,100.85,117.915,69.85,74.585,25.79,35.02,46.55,50.09,53.54,48.17
2020-03-17 12:00,240.12,160.43,169.12,144.85,136.15,144.755,160.4,138.76,119.52,203.19,98.16,134.215,95.29,86.46,92.62,133.46,71.26,86.48,117.02,254.94,101.03,117.47,70.21,74.665,25.77,35.2,45.98,50.905,53.67,47.98
2020-03-17 12:05,241.55,163.9,172.29,146.47,137.97,146.27,162.21,141.24,128.44,206.08,99.73,136.17,96.165,87.83,94.99,134.8,72.74,87.63,119.15,257.2,102.92,117.885,71.52,75.825,26.16,35.805,46.54,51.61,54.4,48.365
2020-03-17 12:10,243.2,165.185,173.78,147.38,137.9,148.9,163.59,141.395,121.15,206.27,99.85,136.4,96.7,88.525,95.415,136.08,73.24,88.51,119.45,257.26,103.355,117.705,72.635,75.935,26.78,36.22,46.765,51.46,54.77,48.355
2020-03-17 12:15,241.2,162.59,171.45,146.215,136.93,148.79,162.82,140.11,120.38,205.35,99.26,135.28,96.195,88.02,97.125,134.415,72.54,88.74,118.42,255.93,102.55,116.92,70.83,75.0,26.505,35.775,46.35,50.815,54.445,47.955
2020-03-17 12:20,239.95,160.36,169.81,145.2,135.44,149.145,160.365,139.34,118.26,204.82,99.11,133.96,94.58,86.955,95.75,134.68,72.29,88.26,117.02,254.03,101.77,115.995,69.81,74.26,26.095,35.29,46.195,50.46,54.33,47.58
2020-03-17 12:25,239.89,159.885,170.135,144.33,135.25,148.44,159.955,138.8,116.97,203.995,98.85,133.73,93.69,86.82,94.545,134.35,71.475,87.72,115.755,253.045,101.27,115.75,69.48,74.18,26.01,35.105,46.27,50.165,53.97,47.51
2020-03-17 12:30,239.15,158.66,170.06,144.985,136.775,148.27,159.76,139.27,117.12,204.425,98.55,132.73,94.21,86.92,94.055,134.315,71.28,87.64,116.45,253.345,101.5,115.85,68.57,74.28,26.0,35.075,46.41,50.08,53.6,47.355
2020-03-17 12:35,238.61,158.79,169.33,143.65,136.21,146.88,158.79,138.675,115.98,203.3,97.775,132.57,93.705,86.525,92.9,134.96,70.77,87.175,116.675,251.57,101.35,115.785,68.895,73.97,25.79,34.91,46.39,49.785,53.68,47.17
2020-03-17 12:40,239.02,158.13,169.525,142.73,135.67,146.805,158.29,137.855,115.24,204.18,97.3,132.28,93.25,86.45,92.52,134.42,70.62,86.855,116.75,250.57,101.39,115.48,68.95,73.785,25.77,34.82,46.36,49.515,53.575,47.075
2020-03-17 12:45,239.265,159.015,170.46,142.655,135.755,146.33,158.245,137.73,114.42,205.32,97.74,132.695,92.6,86.435,92.82,133.83,70.67,87.01,116.65,251.36,101.72,114.86,68.94,73.995,25.98,34.92,46.385,49.715,53.755,47.185
2020-03-17 12:50,238.59,157.85,170.3,141.94,133.07,145.145,156.905,137.75,113.13,203.07,96.785,131.525,92.71,86.35,92.5,133.325,70.33,86.675,116.29,250.13,100.93,115.41,68.91,73.91,25.74,34.72,46.24,49.14,53.72,46.77
2020-03-17 12:55,238.88,157.48,171.02,143.13,132.64,144.89,157.34,137.89,119.5,204.55,96.555,132.09,92.86,86.56,93.02,133.47,70.17,87.14,116.605,252.31,101.17,114.94,68.61,73.93,25.51,34.725,46.36,49.47,54.025,46.575
2020-03-17 13:00,239.95,157.5,170.82,142.64,133.455,146.54,156.17,138.94,117.44,202.84,96.68,132.24,93.115,86.31,93.145,133.07,70.41,87.205,116.46,251.845,101.675,115.73,68.325,73.94,25.48,34.52,46.345,49.495,54.05,46.935
2020-03-17 13:05,239.725,156.625,170.15,142.0,132.97,146.71,155.37,137.8,117.39,202.53,95.85,131.295,93.04,86.05,93.06,132.39,70.14,87.105,115.45,250.29,101.33,115.43,68.23,73.645,25.35,34.24,46.21,49.2,53.88,46.605
2020-03-17 13:10,237.08,156.53,168.75,141.42,132.47,144.95,155.13,137.36,118.47,201.24,95.92,130.485,92.56,85.97,92.28,131.1,69.96,86.63,113.93,249.01,101.17,115.115,68.09,73.1,25.19,33.95,45.9,48.86,53.75,46.32
2020-03-17 13:15,237.885,156.12,169.52,141.65,132.07,145.65,155.3,136.61,119.0,201.23,95.44,130.01,93.04,86.17,92.52,132.6,69.965,86.73,114.56,249.39,101.205,114.605,68.32,73.53,25.235,34.15,46.06,48.965,54.12,46.53
2020-03-17 13:20,238.11,154.96,169.64,142.05,132.22,145.26,154.39,135.09,119.83,201.22,95.65,130.88,92.89,85.82,92.46,132.58,70.1,87.055,113.775,250.66,101.44,115.185,67.93,73.44,25.12,34.195,45.86,48.79,54.03,46.46
2020-03-17 13:25,238.97,155.49,169.71,142.675,132.68,144.58,154.49,135.985,120.435,202.655,95.47,130.76,92.91,85.87,92.6,133.64,69.78,87.39,114.7,250.325,101.3,115.57,67.905,73.625,25.16,34.29,45.92,48.355,53.98,46.91
2020-03-17 13:30,240.98,155.67,170.02,143.75,134.31,145.0,156.29,136.315,123.8,202.82,95.61,131.22,93.12,86.245,92.68,133.325,69.65,88.055,115.17,252.035,102.94,116.1,67.76,73.855,25.25,34.39,46.06,48.64,54.04,47.21
2020-03-17 13:35,240.75,156.25,169.635,143.63,134.57,145.3,156.65,136.47,123.855,203.95,95.265,130.53,93.325,86.115,92.58,134.49,69.82,88.28,115.945,252.86,103.7,116.205,67.585,74.04,25.37,34.32,46.395,48.905,54.12,47.075
2020-03-17 13:40,239.73,157.52,170.56,144.18,134.85,144.94,156.61,136.75,126.07,204.28,95.28,131.02,93.725,86.63,92.815,134.64,70.1,88.89,116.095,251.86,103.95,115.935,67.95,73.895,25.53,34.485,46.19,49.31,54.21,47.12
2020-03-17 13:45,242.4,158.11,172.25,144.86,135.75,144.825,157.36,138.02,124.62,206.24,96.01,131.53,94.46,87.1,93.18,134.935,70.72,89.05,116.335,253.07,104.86,115.905,68.09,74.17,25.755,34.79,45.995,49.6,54.275,47.33
2020-03-17 13:50,241.68,157.495,169.395,144.595,134.895,143.71,157.17,137.24,122.07,205.2,95.66,131.13,94.17,86.71,92.94,134.745,70.44,88.8,116.25,252.97,104.31,115.77,68.08,73.685,25.69,34.66,46.01,49.305,54.35,47.22
2020-03-17 13:55,242.085,157.03,169.27,144.72,135.49,143.715,157.47,136.69,122.84,205.81,95.74,131.12,94.63,86.67,92.98,134.89,70.65,89.02,116.855,253.375,104.45,116.02,67.97,73.94,25.75,34.685,45.97,49.41,54.45,47.26
2020-03-17 14:00,242.365,156.3,169.63,144.48,134.96,143.87,157.52,136.62,122.08,205.9,96.08,131.125,94.815,86.47,93.18,135.07,70.84,88.98,116.935,252.225,104.45,116.47,68.13,74.1,25.945,34.6,46.015,49.39,54.55,47.32
2020-03-17 14:05,244.58,157.96,171.56,145.23,136.25,144.7,157.35,137.275,124.01,207.65,96.98,131.73,95.19,86.97,94.5,135.68,71.205,90.32,117.3,253.705,105.38,116.785,69.2,74.53,26.27,34.83,46.18,49.935,54.87,47.8
2020-03-17 14:10,244.37,157.91,171.385,145.61,136.61,145.47,157.255,137.435,125.09,208.13,97.6,131.8,95.45,86.895,94.4,135.785,71.78,90.38,117.38,254.285,105.305,116.75,69.13,74.635,26.43,34.82,46.335,49.905,54.87,47.76
2020-03-17 14:15,247.18,159.11,172.24,146.48,137.92,146.1,158.03,137.82,126.7,209.515,98.34,132.035,95.315,86.775,95.42,136.43,72.905,91.04,117.89,255.77,105.91,117.2,70.22,74.915,26.6,34.955,46.76,50.2,55.06,47.91
2020-03-17 14:20,243.125,157.42,170.83,144.5,136.0,145.63,157.19,137.32,124.17,206.27,97.82,131.44,94.94,85.485,94.64,135.31,72.275,90.71,117.62,253.465,104.56,116.73,69.67,74.43,26.915,34.495,46.625,49.645,54.79,47.545
2020-03-17 14:25,246.31,159.07,172.375,145.89,136.9,146.805,157.99,137.46,125.31,206.46,98.695,133.01,94.86,86.175,95.74,136.11,72.74,91.58,118.14,254.79,105.22,117.145,70.47,74.685,27.09,34.77,46.975,50.315,55.085,47.81
2020-03-17 14:30,247.545,159.92,173.805,146.44,137.93,147.425,158.14,138.1,125.47,207.71,99.54,134.005,95.57,85.74,96.2,136.08,73.16,91.795,118.845,255.5,105.725,117.705,71.04,75.035,27.46,35.015,47.275,50.495,55.275,47.92
2020-03-17 14:35,245.63,160.08,173.99,146.12,137.57,147.85,158.085,138.01,124.97,206.765,99.01,133.875,95.01,85.82,96.825,136.29,72.66,92.31,119.38,255.615,105.51,117.94,71.01,74.895,27.29,35.09,47.365,50.425,55.315,48.03
2020-03-17 14:40,244.35,158.36,172.195,145.38,137.5,147.36,157.5,137.965,124.09,205.46,98.645,133.44,94.55,85.08,96.21,135.82,72.0,91.9,118.255,254.325,105.04,117.04,70.77,74.855,27.17,34.945,47.135,50.01,54.85,47.67
2020-03-17 14:45,243.57,157.41,170.46,143.68,136.43,145.44,156.015,136.395,122.67,202.91,97.47,132.175,93.365,84.87,95.34,134.03,71.31,91.41,117.5,251.755,104.02,116.23,70.53,74.26,26.81,34.41,46.845,49.28,54.11,47.29
2020-03-17 14:50,241.68,156.47,170.075,144.13,136.71,145.79,156.04,135.19,122.52,203.02,97.19,131.39,93.29,84.71,94.52,133.63,70.97,91.47,116.81,251.88,103.375,116.01,71.0,74.25,26.71,34.48,46.76,49.315,53.785,47.14
2020-03-17 14:55,243.62,157.635,169.91,145.47,137.77,146.04,156.86,135.38,121.67,204.46,97.32,132.5,93.57,85.33,94.76,134.215,71.18,91.64,116.62,253.215,104.28,116.33,70.99,74.35,26.645,34.7,47.005,49.75,53.94,47.48
2020-03-17 15:00,241.43,156.16,167.83,142.79,135.61,144.39,154.725,132.2,119.48,201.72,96.24,130.77,93.03,84.935,93.355,132.34,70.325,91.4,115.03,249.82,103.06,115.59,70.345,73.655,26.52,34.225,46.285,48.945,53.26,47.12
2020-03-17 15:05,241.84,157.05,168.91,144.34,136.3,144.97,154.93,132.69,119.55,203.06,96.84,131.685,93.41,84.965,94.12,133.76,70.72,92.615,116.43,251.46,103.63,115.91,70.74,73.99,26.605,34.55,46.81,49.475,53.82,47.63
2020-03-17 15:10,242.36,156.61,168.825,144.445,136.17,145.48,154.86,132.635,120.04,204.57,96.83,131.26,92.85,84.99,94.26,134.32,71.05,93.465,117.31,251.66,103.87,117.52,71.02,74.365,26.59,34.405,46.895,49.53,53.905,47.765
2020-03-17 15:15,243.13,156.58,169.21,144.765,135.66,145.02,154.15,132.02,119.85,205.25,96.875,131.36,93.06,85.14,94.375,134.32,70.82,93.735,116.99,251.36,104.13,117.35,70.79,74.62,26.39,34.54,46.885,49.735,53.905,47.81
2020-03-17 15:20,242.7,156.44,167.51,143.69,134.885,143.89,153.81,132.23,119.53,205.31,96.695,131.49,92.54,84.84,93.52,133.18,70.64,93.47,116.28,250.57,103.78,117.42,70.78,74.34,26.4,34.365,46.63,49.425,53.755,47.795
2020-03-17 15:25,241.6,155.085,167.57,143.74,134.68,143.26,153.13,130.79,118.785,204.61,96.3,130.515,92.355,84.295,92.95,132.595,70.165,93.79,115.91,249.805,103.405,116.965,70.9,73.525,26.165,34.39,46.435,49.525,53.51,47.51
2020-03-17 15:30,241.82,156.49,168.645,144.84,135.69,143.63,154.975,131.4,120.65,206.77,96.435,131.04,92.005,84.715,93.54,133.48,70.395,94.4,116.76,252.885,103.59,117.675,70.67,74.26,26.145,34.875,46.635,50.145,53.96,47.8
2020-03-17 15:35,245.76,157.74,170.475,146.42,136.14,144.935,156.005,132.775,121.26,208.41,97.11,130.815,92.04,85.11,94.25,134.41,70.4,95.07,116.99,254.36,104.29,117.7,70.44,74.705,26.175,34.925,46.72,50.385,54.175,48.07
2020-03-17 15:40,248.31,158.09,171.88,146.15,136.95,147.3,157.51,133.505,121.7,209.81,97.79,131.93,92.73,85.39,94.525,136.465,70.4,95.82,118.39,255.58,105.28,118.52,70.7,75.79,26.355,35.355,47.06,50.67,54.44,48.405
2020-03-17 15:45,245.48,157.39,172.17,146.31,136.0,146.835,156.685,132.825,121.51,208.84,97.76,131.65,92.77,84.835,94.46,135.93,70.1,95.93,118.12,253.18,105.27,118.41,70.51,75.84,26.245,35.335,46.815,49.505,54.16,48.725
2020-03-17 15:50,243.41,156.79,170.87,146.115,134.25,145.88,156.11,131.23,123.07,206.43,98.91,133.9,92.28,85.07,93.6,135.24,69.635,95.38,117.29,252.86,105.17,117.95,71.12,74.48,26.25,35.275,46.43,49.71,53.99,48.605
2020-03-17 15:55,243.75,158.68,173.28,146.53,135.75,147.74,157.91,131.84,124.34,208.06,100.215,134.71,93.475,86.51,93.66,136.66,69.97,96.41,118.36,252.8,106.755,119.095,70.67,74.35,26.63,35.445,47.095,50.05,54.17,49.515
2020-03-18 09:30,230.245,151.41,161.78,139.36,126.93,140.155,147.375,122.11,100.93,204.735,97.045,131.16,87.92,80.01,89.07,132.71,64.37,91.98,116.43,244.01,102.08,118.27,64.32,72.45,26.63,34.13,44.11,48.24,53.715,49.14
2020-03-18 09:35,227.8,151.07,156.07,140.66,126.685,139.79,147.265,120.8,99.99,202.38,95.355,131.165,87.25,78.9,88.7,131.05,65.05,90.935,115.19,243.72,100.69,118.675,63.55,72.025,26.63,34.0,43.325,47.67,53.405,49.275
2020-03-18 09:40,228.335,152.52,156.02,141.78,128.62,140.325,149.13,122.11,100.79,202.58,97.245,131.935,86.72,79.04,89.36,131.425,65.32,91.56,117.7,244.03,102.27,118.46,62.76,72.33,26.63,34.59,42.96,47.94,54.42,48.78
2020-03-18 09:45,225.94,153.82,156.15,141.46,128.75,139.46,148.955,121.04,101.19,202.16,96.235,132.09,86.83,78.19,89.3,130.51,64.94,91.7,116.555,243.64,103.23,120.19,63.365,72.5,26.63,34.28,42.575,48.32,53.86,49.8
2020-03-18 09:50,226.315,155.3,157.92,143.33,130.835,140.525,150.0,122.21,102.43,204.635,97.44,133.84,87.24,78.74,89.66,130.935,64.98,92.895,119.18,244.75,104.96,121.785,64.61,73.445,26.63,35.27,42.935,49.38,54.775,50.715
2020-03-18 09:55,226.02,153.23,156.755,143.14,130.8,139.495,148.775,121.375,102.76,206.86,97.295,133.54,86.52,77.78,89.07,132.39,65.38,91.44,118.9,244.78,104.925,122.47,64.77,73.21,26.63,35.2,42.945,49.365,54.54,51.455
2020-03-18 10:00,225.66,153.33,159.27,145.05,132.31,140.23,149.72,122.8,105.0,207.42,98.47,135.045,87.045,78.01,89.225,133.785,65.72,92.75,120.285,247.41,106.42,123.87,64.76,73.67,26.63,36.3,43.36,49.825,55.035,51.92
2020-03-18 10:05,226.11,151.86,159.5,143.75,132.02,139.33,148.045,122.67,103.635,205.46,97.57,135.02,87.55,78.04,88.64,133.95,65.14,91.09,119.64,245.94,104.985,123.48,64.77,73.55,26.63,36.53,42.91,48.975,54.92,51.215
2020-03-18 10:10,225.96,152.875,159.57,144.355,131.92,138.19,148.49,122.49,106.0,206.375,98.33,135.06,87.48,77.77,88.9,134.07,65.24,90.27,120.445,245.87,105.75,124.53,64.67,73.32,26.63,36.53,43.37,49.27,55.28,51.8
2020-03-18 10:15,227.97,152.73,160.23,142.9,131.81,138.84,147.22,121.865,104.18,205.89,97.975,134.95,87.96,77.475,88.6,133.71,65.31,90.75,120.62,245.47,105.01,124.45,64.35,73.82,26.63,36.45,43.145,48.54,54.975,52.22
2020-03-18 10:20,225.42,150.74,159.765,142.13,131.02,138.86,147.235,121.645,103.715,205.05,96.965,133.905,88.07,76.58,87.96,132.16,65.15,88.02,120.82,244.96,104.77,124.75,63.355,73.645,26.63,36.14,43.025,48.46,54.665,52.05
2020-03-18 10:25,226.33,151.74,159.66,143.43,132.395,138.36,148.205,121.995,105.045,207.425,98.415,135.89,88.4,76.425,88.055,133.29,65.0,89.19,121.15,247.22,105.29,125.775,63.665,73.82,26.63,36.56,43.085,49.17,55.055,52.175
2020-03-18 10:30,225.555,150.75,158.97,144.37,132.32,138.775,148.88,121.75,104.13,206.82,98.47,135.48,88.0,76.23,87.82,134.14,64.72,88.42,121.17,246.55,105.375,126.22,63.76,74.43,26.63,36.32,43.075,49.11,55.24,52.45
2020-03-18 10:35,223.73,149.88,158.42,144.29,132.19,139.92,149.23,120.645,103.37,207.515,98.905,136.19,88.06,75.95,87.62,134.64,65.0,88.385,120.96,246.895,105.15,126.34,63.52,74.41,26.63,36.66,42.83,49.495,55.39,52.575
2020-03-18 10:40,224.005,148.915,159.27,145.27,132.58,140.06,149.74,120.55,104.04,209.46,100.865,137.65,88.2,76.08,87.595,134.86,65.28,88.75,120.265,247.13,105.17,126.255,63.88,74.48,26.63,36.79,43.085,49.63,55.285,52.74
2020-03-18 10:45,222.98,146.36,158.73,143.885,131.39,140.1,148.98,118.61,102.555,205.12,99.83,136.4,87.355,76.0,87.005,133.82,65.21,87.46,119.76,246.39,104.13,126.36,63.89,73.86,26.63,36.235,42.87,49.085,55.07,52.08
2020-03-18 10:50,220.98,142.975,156.92,142.2,129.3,139.46,148.38,117.1,101.415,203.38,99.11,136.42,86.66,75.76,85.025,133.485,64.42,86.31,119.22,244.975,103.36,125.89,63.73,72.87,26.63,36.2,42.215,48.79,54.455,52.0
2020-03-18 10:55,220.775,142.075,156.605,142.36,129.17,138.39,148.155,116.73,100.625,204.8,99.4,137.64,86.49,75.86,84.765,133.17,64.42,86.335,119.04,245.54,105.435,126.985,63.115,72.7,26.63,36.41,42.005,48.64,54.975,52.64
2020-03-18 11:00,220.47,143.53,157.145,142.08,128.24,137.305,148.01,115.925,100.3,204.95,99.56,136.65,86.56,76.37,85.55,132.98,64.99,86.31,119.88,245.21,106.77,127.395,63.115,72.355,26.63,36.515,41.87,48.595,54.91,52.415
2020-03-18 11:05,219.92,142.81,156.465,140.995,125.89,137.025,147.31,114.43,100.92,204.56,99.84,133.52,86.09,76.105,85.02,132.855,64.65,86.39,119.35,243.88,106.69,126.58,63.155,72.45,26.63,36.675,41.765,48.57,55.565,52.035
2020-03-18 11:10,217.41,141.275,156.41,141.13,125.26,136.13,146.395,115.2,100.915,206.715,99.655,133.8,86.28,75.61,84.88,132.615,64.08,86.94,118.13,244.23,105.55,125.3,62.725,72.58,26.63,36.78,41.72,48.805,55.08,51.805
2020-03-18 11:15,218.255,139.995,155.8,141.56,125.17,135.7,147.04,114.63,101.83,205.59,101.015,133.97,86.6,75.37,84.5,132.845,63.82,87.025,118.39,244.59,105.03,126.79,62.23,72.215,26.63,37.075,41.88,48.8,55.26,51.97
2020-03-18 11:20,219.565,141.12,155.51,142.38,125.84,135.28,147.91,114.77,103.37,206.74,101.5,133.7,86.76,75.54,85.15,133.38,63.77,87.575,119.49,245.025,105.47,127.17,62.44,72.21,26.63,37.33,41.92,49.18,55.305,52.11
2020-03-18 11:25,217.6,141.34,155.12,141.74,125.455,133.575,147.54,114.04,102.15,206.95,101.505,133.93,86.48,75.64,84.92,133.6,63.18,86.76,119.23,244.27,104.45,126.37,62.12,72.24,26.63,37.09,41.95,48.84,54.255,51.705
2020-03-18 11:30,217.15,141.0,155.09,142.35,125.75,134.1,147.13,112.92,102.47,207.355,101.625,133.055,86.07,75.13,85.125,133.05,63.43,87.71,119.29,244.05,104.695,126.7,61.99,72.61,26.63,36.97,42.04,48.95,54.565,51.75
2020-03-18 11:35,215.7,140.925,156.135,142.92,124.83,133.65,148.09,112.835,102.76,207.19,101.89,133.035,85.225,74.95,85.2,133.475,63.0,88.325,119.395,244.51,104.23,126.015,62.05,72.32,26.63,36.855,42.055,49.29,54.385,52.055
2020-03-18 11:40,216.01,140.2,155.77,141.63,123.88,133.955,147.46,112.64,102.735,206.94,101.62,132.2,84.885,74.865,84.95,133.17,63.16,87.82,120.15,244.3,103.705,125.46,61.655,72.63,26.63,36.82,42.195,48.89,54.16,52.09
2020-03-18 11:45,216.64,142.125,156.25,142.575,124.19,134.795,147.32,113.75,103.225,208.2,101.93,133.2,84.99,75.51,85.47,133.53,63.46,87.44,120.17,244.785,104.25,125.73,61.65,72.795,26.63,36.96,42.56,48.925,54.1,52.0
2020-03-18 11:50,217.56,143.16,158.21,143.75,125.42,135.96,148.45,115.005,106.18,210.17,102.12,134.0,85.685,76.05,86.345,134.34,64.17,88.26,120.42,246.44,104.625,126.39,61.56,73.255,26.63,37.4,42.9,49.285,54.265,52.035
2020-03-18 11:55,217.39,143.195,159.76,143.48,126.78,135.48,148.465,115.15,105.18,210.17,102.24,133.835,85.89,75.81,85.54,134.44,63.93,88.2,120.8,245.99,105.21,126.18,61.82,73.335,26.63,37.54,42.835,49.16,54.44,52.12
2020-03-18 12:00,215.64,141.87,158.725,142.59,126.075,135.76,147.68,114.82,104.405,210.465,101.17,131.97,85.67,75.295,85.19,134.205,63.73,87.455,120.2,244.99,105.34,126.58,61.5,72.795,26.63,37.13,42.935,48.55,53.945,51.845
2020-03-18 12:05,215.46,143.055,158.2,142.76,125.8,135.86,147.345,114.55,104.64,210.51,101.785,133.145,84.97,74.835,85.14,133.57,63.7,87.5,119.175,245.09,105.88,126.26,61.575,73.04,26.63,37.485,43.115,48.705,54.02,51.77
2020-03-18 12:10,214.08,142.89,158.01,142.16,125.575,135.34,146.805,114.495,102.58,209.14,100.865,132.495,84.94,73.75,85.11,133.14,63.78,87.415,118.85,244.93,105.67,125.96,61.305,73.11,26.63,37.21,43.03,48.385,53.73,51.925
2020-03-18 12:15,212.0,142.29,158.23,141.77,124.27,135.185,146.48,113.16,100.8,206.8,99.705,131.86,84.37,71.61,85.06,131.19,63.29,86.095,118.34,243.86,104.92,124.745,61.35,72.46,26.63,37.04,43.025,47.855,53.305,52.03
2020-03-18 12:20,212.25,142.645,158.81,142.8,124.865,134.855,147.68,113.175,101.27,207.74,100.0,133.0,84.7,70.88,85.14,130.55,63.25,86.81,117.93,245.485,105.19,124.44,62.14,72.665,26.63,37.36,43.11,48.43,53.855,51.965
2020-03-18 12:25,211.9,142.46,158.8,142.905,124.87,133.44,148.49,113.73,101.32,207.62,100.15,132.95,84.495,71.38,85.64,130.28,63.425,86.505,117.61,245.97,105.46,124.745,62.225,72.46,26.63,37.32,43.29,48.575,54.035,51.495
2020-03-18 12:30,211.375,141.53,158.675,142.145,123.76,132.9,147.84,114.0,100.245,207.805,99.41,132.825,84.005,72.0,85.88,131.15,63.38,86.25,117.02,245.19,105.05,124.975,62.63,72.705,26.63,37.16,43.085,47.9,54.46,51.665
2020-03-18 12:35,208.765,141.265,157.93,142.245,123.1,133.64,147.52,113.86,99.28,208.04,99.37,132.0,82.76,71.92,85.36,131.08,63.02,86.54,116.19,245.785,104.525,126.0,62.38,72.78,26.63,37.18,43.225,48.13,55.315,51.885
2020-03-18 12:40,208.55,141.365,157.395,142.655,123.46,133.71,147.54,113.455,99.63,209.585,99.295,132.02,82.84,72.545,85.52,131.28,63.62,86.475,117.17,245.22,104.43,126.21,62.36,72.57,26.63,37.18,43.38,48.36,55.86,51.935
2020-03-18 12:45,208.13,140.17,157.7,140.98,122.86,133.37,147.09,112.865,98.59,207.895,99.42,132.62,82.79,73.13,85.315,130.4,63.705,86.48,116.8,243.8,104.46,126.02,62.185,72.21,26.63,36.775,43.205,47.67,55.345,51.905
2020-03-18 12:50,207.525,139.64,156.92,140.06,121.81,133.06,146.16,112.2,98.01,208.645,99.03,132.68,82.615,72.395,84.74,130.99,63.37,86.515,117.255,242.91,103.72,126.11,62.27,72.3,26.63,36.8,43.27,47.99,55.565,51.965
2020-03-18 12:55,207.16,139.12,156.92,139.45,122.055,133.22,145.71,112.0,96.655,208.645,98.42,132.45,82.49,72.05,84.95,131.26,63.28,86.385,117.55,242.02,103.55,126.11,62.19,71.99,26.63,36.66,43.035,47.83,55.52,51.95
2020-03-18 13:00,207.16,139.12,156.92,139.45,122.055,133.22,145.71,112.0,96.655,208.645,98.42,132.45,82.49,72.05,84.95,131.26,63.28,86.385,117.55,242.02,103.55,126.11,62.19,71.99,26.63,36.66,43.035,47.83,55.52,51.95
2020-03-18 13:05,207.16,139.12,156.92,139.45,122.055,133.22,145.71,112.0,96.655,208.645,98.42,132.45,82.49,72.05,84.95,131.26,63.28,86.385,117.55,242.02,103.55,126.11,62.19,71.99,26.63,36.66,43.035,47.83,55.52,51.95
2020-03-18 13:10,206.81,138.11,156.02,138.28,121.75,132.08,143.93,111.58,96.7,204.24,97.48,131.84,81.57,71.99,84.305,130.51,62.61,85.125,117.355,240.62,102.41,125.52,62.13,71.78,26.63,36.475,43.86,48.03,55.45,51.72
2020-03-18 13:15,205.77,138.15,155.27,139.03,121.095,131.48,142.16,110.97,94.62,204.315,97.77,132.32,81.85,72.415,84.7,131.12,62.735,85.205,118.0,241.32,101.69,124.26,61.965,72.06,26.63,36.98,43.555,48.525,55.535,52.095
2020-03-18 13:20,204.78,137.97,155.67,139.56,120.26,129.53,142.78,109.97,92.15,204.1,97.865,132.035,81.07,71.73,85.1,131.64,62.99,85.2,119.21,241.88,101.89,123.625,62.05,72.1,26.63,36.62,42.85,47.6,55.4,52.27
2020-03-18 13:25,204.67,136.68,154.33,138.5,117.58,127.805,141.57,109.01,90.19,203.1,97.23,131.6,80.8,71.01,84.46,131.775,62.55,83.64,118.96,240.48,101.68,122.225,61.58,71.37,26.63,36.365,42.3,46.975,54.16,52.32
2020-03-18 13:30,200.3,136.41,151.665,136.465,115.81,127.58,140.005,107.93,92.62,201.13,96.75,131.12,79.57,70.22,84.14,130.88,62.445,83.28,118.89,238.51,101.55,120.935,61.37,71.38,26.63,36.13,42.16,46.08,54.315,51.625
2020-03-18 13:35,205.375,137.46,150.95,138.71,117.8,129.66,141.965,108.695,93.445,200.87,97.67,131.81,80.39,70.52,84.54,131.835,62.44,85.07,119.25,240.995,103.14,123.86,60.28,71.51,26.63,36.855,42.53,46.94,54.9,51.92
2020-03-18 13:40,207.815,138.28,150.85,138.73,119.34,128.39,142.77,107.92,95.1,201.335,97.92,131.8,80.52,69.13,84.41,133.0,62.43,84.275,118.805,241.04,103.81,123.28,60.375,71.7,26.63,36.65,42.39,46.61,54.64,51.48
2020-03-18 13:45,211.935,139.06,150.28,138.815,119.335,128.67,141.39,107.565,93.74,201.15,97.0,130.84,81.42,68.75,85.025,133.085,62.02,83.99,118.22,241.6,103.25,124.15,60.7,71.67,26.63,36.44,42.355,46.695,53.96,51.65
2020-03-18 13:50,211.97,138.89,150.72,138.705,118.97,128.62,142.28,104.61,92.84,201.49,96.89,130.0,81.71,69.095,84.56,132.48,61.665,84.1,119.045,241.24,103.72,123.87,60.18,71.92,26.63,36.15,42.315,46.48,54.19,51.69
2020-03-18 13:55,209.51,140.205,150.04,138.43,118.94,126.91,141.12,102.505,92.22,199.63,96.875,129.54,80.565,68.27,84.025,132.2,60.99,83.075,117.47,240.975,102.87,123.42,59.835,71.35,26.63,35.77,42.19,45.87,53.4,51.52
2020-03-18 14:00,212.47,140.255,146.67,137.13,118.32,126.045,140.46,102.76,92.46,199.455,96.46,129.75,79.755,67.105,83.75,131.695,60.68,82.37,116.37,239.85,102.355,122.49,58.3,71.355,26.63,35.55,42.035,45.705,53.04,51.825
2020-03-18 14:05,217.28,139.71,146.1,137.215,119.05,125.89,140.015,102.185,93.81,201.74,96.24,130.03,79.815,67.705,83.62,131.07,60.87,81.7,116.11,239.61,102.325,122.515,57.65,71.5,26.63,35.55,42.055,46.44,52.57,51.665
2020-03-18 14:10,210.1,139.25,142.125,136.56,118.19,125.39,141.18,101.93,92.22,201.33,95.93,130.0,79.98,67.71,83.04,131.33,61.015,81.44,115.71,239.0,101.935,122.225,57.28,71.42,26.63,35.355,42.45,46.1,52.02,51.52
2020-03-18 14:15,206.11,139.1,141.075,136.145,119.41,124.64,140.21,102.475,90.54,201.13,95.645,131.32,80.145,68.085,82.55,131.995,60.26,81.13,114.38,238.47,102.005,121.735,56.17,71.22,26.63,35.135,42.35,45.915,51.29,51.645
2020-03-18 14:20,206.46,139.925,141.85,135.585,118.955,125.19,140.61,102.975,91.14,200.96,95.96,131.52,80.405,67.78,82.26,131.26,60.52,80.38,114.01,238.63,102.275,121.55,55.22,71.125,26.63,35.13,42.065,45.91,51.89,51.44
2020-03-18 14:25,204.45,139.585,141.1,135.405,120.34,124.88,140.46,103.19,90.99,201.41,95.78,131.77,80.96,67.56,82.845,131.72,61.04,80.24,114.34,237.79,102.57,121.03,55.15,71.12,26.63,35.14,42.11,46.09,51.925,51.52
2020-03-18 14:30,205.07,139.83,142.39,135.4,120.635,126.6,140.57,105.34,91.33,201.09,95.545,132.195,81.89,67.79,82.615,132.095,60.94,80.87,116.4,238.45,102.79,120.665,55.375,71.24,26.63,35.295,42.065,46.12,52.3,51.43
2020-03-18 14:35,204.57,140.18,144.96,136.915,123.435,129.88,141.645,106.775,92.37,202.19,96.13,132.75,82.91,68.77,84.0,133.135,61.645,80.95,116.15,240.33,103.695,121.795,55.82,71.55,26.63,35.765,42.11,46.73,52.415,52.06
2020-03-18 14:40,202.705,138.71,145.96,136.64,123.93,134.19,142.31,106.195,92.27,200.885,95.565,131.2,83.41,68.67,82.765,132.65,62.01,80.66,115.42,239.66,103.0,120.5,55.43,71.16,26.63,35.66,41.975,46.65,52.11,51.48
2020-03-18 14:45,203.895,138.44,148.17,136.62,122.41,132.11,142.165,106.32,91.48,199.63,95.365,131.46,83.98,70.25,82.66,132.335,62.93,80.06,114.59,238.98,102.68,120.27,55.875,71.03,26.63,35.52,41.835,46.42,52.53,51.14
2020-03-18 14:50,205.19,138.64,150.42,137.82,122.84,135.04,143.78,108.105,93.94,201.14,96.11,133.195,85.36,71.39,83.27,133.14,62.98,79.77,115.385,240.62,103.155,120.585,56.03,70.86,26.63,35.94,42.0,46.79,52.925,51.195
2020-03-18 14:55,208.48,139.215,150.145,138.58,123.845,136.41,144.815,108.25,95.07,202.205,96.86,133.51,87.185,71.57,83.54,133.32,62.92,78.82,114.52,241.7,103.26,121.6,56.1,70.85,26.63,36.16,42.19,46.87,53.325,50.96
2020-03-18 15:00,204.52,138.405,150.05,135.81,125.005,137.71,142.47,106.415,93.79,200.625,96.705,133.23,85.845,72.02,82.36,133.27,62.9,77.49,114.44,239.56,102.675,121.82,55.72,71.01,26.63,35.68,42.195,46.36,53.125,51.2
2020-03-18 15:05,204.02,138.065,152.52,136.82,125.475,138.295,143.86,107.99,97.6,202.795,98.205,133.91,85.17,72.485,82.835,133.905,63.69,78.465,115.25,240.56,102.25,121.35,56.785,71.18,26.63,36.08,42.53,46.61,53.185,51.36
2020-03-18 15:10,207.95,139.315,153.8,138.375,126.52,139.51,144.55,109.785,99.745,203.39,98.985,135.08,86.3,73.51,84.035,135.12,64.6,79.665,115.815,241.1,103.23,121.69,57.56,71.525,26.63,36.62,43.035,46.65,53.825,51.835
2020-03-18 15:15,208.45,139.045,153.8,138.13,128.22,138.9,144.31,110.45,99.89,201.4,99.01,135.175,86.57,74.48,83.505,134.09,64.38,79.72,114.56,239.96,102.75,121.035,57.15,70.825,26.63,36.51,42.45,46.45,53.46,51.83
2020-03-18 15:20,204.04,138.105,150.92,136.14,127.98,137.09,141.99,110.96,98.74,198.685,98.995,134.81,85.97,72.89,82.98,131.37,64.45,78.235,112.31,239.0,101.78,119.54,55.89,70.2,26.63,36.315,42.255,45.905,53.215,51.36
2020-03-18 15:25,203.815,136.65,148.505,136.125,127.85,134.89,141.745,111.245,99.08,199.215,98.3,133.82,85.68,72.06,82.14,129.84,64.88,78.22,112.415,239.52,100.67,118.54,55.33,69.81,26.63,36.04,42.385,45.6,53.1,51.13
2020-03-18 15:30,206.56,136.74,147.11,137.27,127.51,132.24,141.88,115.18,98.97,199.39,97.5,133.9,86.095,72.39,81.59,130.335,64.74,77.52,114.21,240.11,100.41,119.12,55.33,69.64,26.63,36.32,42.8,45.715,53.375,51.48
2020-03-18 15:35,206.045,136.54,144.66,136.43,125.82,133.64,140.72,111.51,97.8,199.175,97.27,132.28,85.48,71.84,80.57,130.55,64.76,77.18,113.39,239.48,99.66,118.9,55.115,69.0,26.63,36.05,42.4,45.64,53.0,51.42
2020-03-18 15:40,209.265,137.395,149.04,137.83,126.94,135.09,142.76,115.79,99.66,201.455,98.71,134.5,87.01,71.32,80.88,132.17,67.0,78.42,114.65,241.55,101.525,121.29,55.5,70.195,26.63,36.79,42.655,45.73,53.235,51.92
2020-03-18 15:45,211.635,137.695,152.46,139.5,125.8,135.135,144.64,117.065,101.625,203.29,99.27,135.05,86.77,72.55,81.91,132.31,67.73,78.89,115.32,243.18,101.4,121.35,55.915,71.44,26.63,37.2,42.87,46.47,53.69,51.795
2020-03-18 15:50,217.7,140.215,154.39,140.17,129.63,137.725,146.52,119.78,102.0,208.15,99.72,137.08,88.315,74.3,82.345,133.75,67.015,82.24,117.17,245.75,103.16,122.37,56.04,70.92,26.63,36.8,44.07,46.48,54.46,52.015
2020-03-18 15:55,216.98,139.305,155.72,143.7,132.37,136.96,148.3,120.06,101.57,207.86,100.25,137.38,88.83,73.75,84.34,135.21,68.08,81.55,116.58,249.88,103.785,122.63,54.94,71.58,26.63,37.0,44.935,49.77,54.32,52.75
2020-03-19 09:30,217.68,136.71,149.06,141.53,132.125,132.83,145.865,116.735,92.455,203.59,98.325,135.21,86.745,72.79,80.25,131.83,66.195,79.325,113.78,245.08,100.075,123.35,54.83,70.42,26.12,36.37,43.98,46.72,52.87,52.165
2020-03-19 09:35,213.07,134.37,144.155,140.7,132.04,130.415,144.0,116.64,93.165,202.575,98.9,134.66,85.9,71.56,79.66,129.9,65.125,78.62,115.62,243.98,99.7,125.835,53.81,70.92,26.06,37.145,43.27,46.43,53.495,53.78
2020-03-19 09:40,210.04,133.89,143.43,141.385,131.19,128.7,142.77,115.69,93.715,203.67,97.6,134.0,85.95,70.29,77.37,130.31,64.48,78.54,114.63,243.565,98.83,126.44,53.33,70.78,26.11,37.135,42.42,46.15,53.45,53.37
2020-03-19 09:45,214.53,132.99,142.37,141.7,129.485,129.495,142.14,114.67,94.5,205.36,99.075,135.315,86.83,71.47,77.725,130.54,65.32,78.56,114.31,246.2,99.4,126.4,52.18,70.94,26.74,37.055,41.61,45.94,53.375,53.855
2020-03-19 09:50,216.845,135.195,145.49,142.91,130.295,130.93,143.505,114.11,97.59,206.125,100.31,135.81,88.36,74.045,78.86,129.66,67.165,79.57,113.22,248.14,100.78,124.04,51.98,71.17,26.99,36.76,41.735,46.29,53.22,52.965
2020-03-19 09:55,217.375,136.465,146.57,144.735,133.255,134.06,145.82,115.69,98.24,204.55,100.635,137.36,90.925,73.9,79.075,128.71,66.58,80.195,111.69,250.01,101.21,124.86,52.34,71.025,27.21,37.365,42.02,46.9,53.39,52.37
2020-03-19 10:00,216.815,138.49,147.24,144.19,132.305,135.2,144.52,114.19,98.125,203.43,100.25,136.69,90.93,74.08,79.72,128.14,66.65,80.46,113.7,249.35,101.525,124.7,52.87,70.86,27.33,37.215,42.155,46.635,53.445,51.87
2020-03-19 10:05,217.87,142.355,148.755,145.63,133.725,138.58,145.45,114.47,100.54,204.87,100.41,135.28,91.82,74.92,81.9,128.775,67.64,81.09,114.6,250.1,102.285,125.1,52.845,71.335,28.1,37.42,42.25,47.085,54.045,52.22
2020-03-19 10:10,221.56,146.42,153.765,146.86,134.92,140.48,147.06,116.71,102.815,206.65,101.805,136.695,92.29,76.45,83.6,130.11,68.735,81.06,114.89,251.87,102.27,125.59,54.635,72.22,28.53,37.835,42.97,47.665,54.49,52.6
2020-03-19 10:15,221.75,143.805,152.93,146.56,132.53,141.08,146.36,115.34,100.65,206.27,101.34,136.5,92.345,76.28,81.7,129.57,67.39,80.62,113.71,250.53,101.36,124.18,53.355,71.86,27.8,37.41,42.74,47.265,54.42,51.4
2020-03-19 10:20,220.81,145.47,152.055,146.35,132.85,142.28,146.52,114.2,100.895,208.43,102.02,136.325,93.36,75.3,81.945,129.96,67.89,80.395,114.72,250.155,101.83,124.44,53.82,72.62,27.735,37.555,43.085,47.61,54.88,51.44
2020-03-19 10:25,223.01,146.16,151.925,145.83,134.035,147.91,146.19,114.95,100.86,207.83,103.24,136.28,94.72,74.6,82.85,129.0,68.825,80.73,111.59,248.8,102.33,124.77,54.14,72.23,28.17,37.805,42.62,47.605,54.65,51.56
2020-03-19 10:30,221.27,147.795,153.48,146.53,135.63,145.16,148.255,114.385,101.78,207.58,103.59,135.68,94.925,73.74,83.39,128.49,70.12,81.85,112.95,249.48,102.07,125.08,55.73,71.83,28.69,38.05,42.905,48.03,54.62,51.24
2020-03-19 10:35,220.785,145.655,150.34,143.895,132.81,142.3,146.71,112.33,99.1,204.92,101.405,133.165,93.46,72.01,81.78,127.15,68.41,81.5,112.85,246.02,100.465,123.85,54.61,71.185,28.435,37.645,42.39,47.015,53.97,50.54
2020-03-19 10:40,220.2,145.19,150.325,143.28,132.905,142.0,146.02,113.52,99.29,203.155,101.48,134.67,93.87,71.59,81.78,128.13,68.13,82.21,112.75,245.48,100.525,124.23,54.39,70.315,28.845,37.84,42.305,47.175,53.76,50.82
2020-03-19 10:45,218.66,143.55,149.495,141.535,132.22,142.9,145.72,114.175,97.405,201.85,101.205,134.34,93.625,72.51,82.015,127.15,67.38,81.37,113.005,243.27,99.955,123.77,53.885,69.71,28.96,37.515,42.155,46.71,53.63,50.71
2020-03-19 10:50,218.04,143.61,150.43,141.75,132.22,141.88,145.91,114.68,97.2,201.9,101.12,134.75,92.58,71.94,82.58,127.35,67.495,81.43,114.305,244.165,100.21,124.5,53.08,69.71,29.13,37.38,42.035,46.8,53.695,51.15
2020-03-19 10:55,220.28,145.07,150.82,143.055,132.715,142.62,146.73,114.985,96.895,202.015,101.665,134.195,93.73,73.09,84.23,127.22,67.9,81.84,115.59,245.14,100.29,123.855,53.1,69.92,29.225,37.45,41.91,47.05,53.59,50.58
2020-03-19 11:00,218.29,146.665,149.815,143.105,133.01,141.88,148.27,115.01,96.815,201.41,101.87,134.52,93.43,72.925,85.32,126.73,67.555,81.35,115.275,245.37,100.68,122.99,53.215,70.63,29.5,37.54,42.055,47.105,53.68,50.31
2020-03-19 11:05,217.55,145.99,150.89,143.035,132.09,144.16,148.05,114.56,97.35,201.605,102.125,134.17,93.51,72.595,84.41,127.61,66.37,81.12,114.11,245.19,100.6,122.86,53.15,70.515,29.88,37.505,41.68,47.06,53.76,50.37
2020-03-19 11:10,220.345,146.98,152.24,144.555,133.27,144.97,149.04,116.585,98.54,201.3,103.425,135.65,94.0,73.025,85.83,128.64,67.05,82.46,115.3,246.85,101.265,123.49,54.26,70.365,30.15,38.01,42.04,47.53,54.06,50.88
2020-03-19 11:15,220.775,146.53,151.68,144.045,133.56,145.27,149.16,116.42,98.705,201.28,102.945,135.3,94.26,73.335,85.18,128.235,66.775,82.49,115.07,247.61,101.2,123.14,54.17,70.245,30.42,38.065,42.085,47.61,53.55,50.26
2020-03-19 11:20,221.03,147.89,153.19,145.375,134.47,145.34,151.47,116.84,99.54,203.565,103.31,135.93,94.27,74.32,85.75,128.48,66.64,83.68,115.31,248.72,101.65,123.02,54.1,70.46,30.75,38.32,42.305,48.24,53.87,50.35
2020-03-19 11:25,223.97,150.86,159.15,145.79,135.6,147.39,153.41,117.14,99.6,207.77,103.815,136.56,94.95,75.945,86.86,129.38,67.4,83.75,117.61,249.29,102.81,124.6,54.99,70.88,30.965,38.84,42.74,48.89,54.195,50.785
2020-03-19 11:30,225.15,151.09,158.98,146.0,134.735,147.97,152.8,117.12,99.34,205.66,103.54,136.215,94.45,75.26,86.67,129.19,67.03,83.835,117.5,249.35,102.32,124.055,54.825,70.74,30.63,38.62,42.53,48.715,54.37,50.1
2020-03-19 11:35,225.72,151.01,161.51,145.25,134.58,148.44,153.705,117.79,100.675,205.565,103.01,136.47,94.075,75.29,86.35,129.08,68.2,84.97,117.525,249.38,102.745,124.15,54.92,70.125,30.71,38.46,42.15,48.625,54.425,50.18
2020-03-19 11:40,221.5,150.79,158.38,146.165,135.31,148.215,153.44,117.66,100.57,204.33,103.395,136.23,94.44,74.765,86.695,128.365,68.72,84.26,117.315,250.05,102.6,123.8,56.64,69.88,30.825,38.72,42.11,49.04,54.49,49.935
2020-03-19 11:45,221.57,151.28,159.1,146.73,135.38,147.79,153.21,117.28,100.03,204.625,103.63,136.62,94.71,74.89,86.67,128.78,68.58,84.55,117.26,250.515,102.85,123.88,56.025,69.94,30.71,39.055,42.07,49.095,54.335,49.68
2020-03-19 11:50,223.66,151.53,159.95,146.87,135.34,149.36,152.89,117.455,100.0,203.215,103.82,136.62,94.415,74.84,86.94,128.2,68.26,84.08,116.42,249.63,102.99,123.86,55.79,70.01,30.37,38.84,42.105,48.8,53.99,49.45
2020-03-19 11:55,219.765,150.04,159.93,145.515,134.37,149.73,151.7,115.375,98.815,202.2,102.815,134.795,94.18,73.56,85.025,126.855,68.325,83.195,115.14,247.295,101.41,122.67,55.45,69.375,29.76,38.3,41.855,48.12,53.98,48.77
2020-03-19 12:00,220.59,148.64,156.9,145.44,133.89,146.04,150.855,116.375,98.23,201.535,100.915,133.89,94.155,72.75,85.2,127.265,67.355,82.675,115.67,247.05,101.03,123.36,55.18,69.195,29.49,38.04,41.76,47.8,53.905,48.69
2020-03-19 12:05,221.28,148.06,157.21,145.66,135.21,145.74,150.85,116.3,98.79,202.49,100.635,134.21,94.21,73.175,85.82,127.0,67.61,83.26,115.645,247.49,101.55,122.955,55.07,69.35,29.605,38.025,41.625,47.96,53.8,48.14
2020-03-19 12:10,220.31,147.52,157.83,144.9,134.46,146.28,150.285,116.605,97.925,201.255,100.52,134.38,94.425,73.19,85.5,126.895,67.34,83.13,116.07,246.76,101.36,123.76,55.12,69.56,29.44,37.915,41.995,48.195,54.14,47.92
2020-03-19 12:15,219.88,147.48,155.83,144.48,134.375,146.18,149.56,116.335,97.61,200.95,100.35,135.04,94.8,72.2,85.64,127.235,67.79,83.29,115.03,246.66,100.85,123.44,54.97,69.82,29.43,37.88,42.06,47.855,54.26,46.89
2020-03-19 12:20,219.01,145.73,155.53,144.79,134.04,144.68,149.71,116.555,97.095,200.4,100.11,135.555,94.02,72.37,85.1,127.58,68.23,83.14,114.75,246.57,101.69,123.54,55.01,69.93,29.1,37.835,41.865,47.615,54.11,46.69
2020-03-19 12:25,219.355,145.55,156.82,145.4,135.03,145.65,150.36,116.88,97.81,201.12,100.72,135.895,94.6,72.23,85.0,127.98,68.34,83.65,115.09,247.35,101.78,124.38,54.6,69.9,29.42,38.56,42.085,47.925,54.245,47.68
2020-03-19 12:30,217.465,144.44,155.55,144.98,134.805,144.59,149.89,116.39,97.16,199.35,100.34,135.33,93.38,72.015,84.4,127.8,68.33,83.59,114.57,246.01,101.59,123.685,55.175,69.56,29.235,38.61,41.96,47.705,54.17,48.53
2020-03-19 12:35,217.54,144.52,155.265,145.405,135.47,146.13,150.89,116.785,97.66,200.265,100.72,136.01,93.805,72.13,83.9,127.88,69.415,83.735,114.64,246.045,102.11,123.67,55.065,69.305,29.61,38.675,42.075,47.755,54.34,49.3
2020-03-19 12:40,218.27,145.5,156.59,146.53,136.88,147.44,152.055,116.435,98.69,200.52,101.62,135.865,93.65,72.29,84.2,127.95,70.06,83.55,115.245,246.83,102.71,123.505,55.335,69.145,29.865,38.55,41.98,48.12,54.39,49.42
2020-03-19 12:45,218.53,145.465,158.75,147.08,136.75,146.73,152.98,116.325,99.75,200.54,102.18,136.02,93.92,72.3,84.7,128.11,69.745,83.545,114.92,246.99,103.06,124.05,55.05,69.565,30.11,38.58,42.035,48.4,54.285,49.265
2020-03-19 12:50,220.48,144.15,159.09,147.795,136.78,149.19,154.31,117.09,100.75,200.225,102.375,136.21,94.29,72.42,85.475,128.945,71.18,83.55,115.88,248.9,103.44,124.59,55.65,69.95,29.855,38.845,42.415,48.665,54.495,49.56
2020-03-19 12:55,218.58,144.12,157.54,146.9,136.49,148.43,153.71,116.35,98.93,199.445,101.69,135.65,94.07,72.44,85.02,128.99,70.7,83.03,115.89,247.225,102.57,124.28,55.41,69.835,29.6,38.355,41.96,48.185,54.115,49.44
2020-03-19 13:00,218.73,142.605,156.23,146.32,136.45,148.17,153.265,116.255,98.96,198.57,101.01,135.265,93.84,72.08,84.74,128.87,70.835,82.775,115.165,247.675,102.07,124.0,55.835,69.635,29.56,38.315,41.915,48.125,53.89,48.705
2020-03-19 13:05,216.26,144.995,156.41,147.06,136.57,148.77,152.945,116.79,99.32,199.02,100.85,136.01,94.72,72.34,85.16,129.06,70.35,83.005,115.495,248.45,102.505,123.62,56.505,69.62,29.34,38.195,41.74,48.18,53.76,49.35
2020-03-19 13:10,217.025,146.035,158.22,147.3,136.81,148.385,153.02,117.22,99.58,199.26,100.94,136.6,94.525,72.38,85.395,129.35,70.345,82.705,115.64,248.45,102.63,123.105,56.65,69.68,29.07,38.16,41.91,48.395,53.81,49.375
2020-03-19 13:15,214.67,145.12,157.89,147.075,136.985,148.14,153.375,117.25,99.025,197.685,100.29,136.385,95.31,72.4,85.06,128.28,70.44,82.61,115.46,247.965,102.21,122.95,56.875,69.335,28.87,38.32,41.86,48.285,53.71,48.69
2020-03-19 13:20,215.64,145.7,157.68,147.665,137.83,149.53,153.575,118.31,99.61,198.46,99.705,137.46,95.635,72.66,85.23,129.7,71.005,83.05,115.99,248.91,102.265,124.22,57.2,70.025,28.73,38.52,41.965,48.56,53.94,48.91
2020-03-19 13:25,215.73,145.53,155.285,147.44,136.95,149.51,153.13,118.01,98.87,195.78,99.24,136.15,95.245,72.995,85.72,129.74,70.67,82.36,115.16,248.02,101.97,124.095,56.05,69.865,28.39,38.43,41.845,48.145,53.765,48.215
2020-03-19 13:30,216.69,145.435,155.3,147.75,137.4,149.25,153.08,118.33,99.0,196.22,98.825,137.58,94.84,72.815,85.75,129.52,70.4,82.15,114.36,247.98,101.05,123.81,56.51,70.34,28.28,38.53,41.935,48.51,54.04,48.57
2020-03-19 13:35,219.93,145.94,155.49,147.77,137.97,148.84,152.9,118.89,98.895,197.775,98.47,137.86,94.94,72.915,85.67,129.62,70.81,82.15,114.38,248.05,100.74,123.3,56.09,70.51,28.12,38.42,41.77,48.35,54.0,48.755
2020-03-19 13:40,221.815,145.98,156.215,148.015,139.71,149.145,154.025,119.395,99.06,198.315,97.925,138.54,94.965,73.05,85.6,130.155,71.585,82.79,114.29,248.895,100.565,123.7,55.83,71.57,28.43,38.44,41.565,48.21,53.86,48.465
2020-03-19 13:45,222.215,146.18,158.445,148.25,139.74,149.66,155.06,119.88,99.995,198.39,97.63,138.4,94.925,73.33,85.99,130.615,72.015,82.97,114.48,249.085,101.1,123.67,55.815,71.97,28.53,38.23,41.5,48.265,53.945,48.72
2020-03-19 13:50,223.6,147.61,160.105,149.6,143.375,150.74,156.77,121.51,101.16,199.995,99.155,139.005,95.445,74.665,87.045,130.495,72.465,83.385,115.195,250.045,102.66,124.46,56.45,71.94,28.875,38.61,41.335,48.655,54.18,48.76
2020-03-19 13:55,222.77,145.38,160.03,149.39,142.74,151.25,156.98,120.49,100.99,199.82,98.505,138.45,95.62,74.41,86.42,129.795,71.67,82.96,115.14,249.21,102.77,124.0,56.78,71.675,28.51,38.33,41.075,48.49,54.07,48.27
2020-03-19 14:00,220.26,145.245,159.025,148.06,139.94,151.07,156.73,119.96,100.41,199.095,98.105,138.34,95.895,73.83,85.685,128.75,71.2,82.39,114.715,249.04,101.435,123.25,57.21,71.65,28.365,38.04,41.33,48.225,54.02,48.165
2020-03-19 14:05,218.77,145.52,158.44,147.48,140.01,151.1,156.31,119.825,99.765,199.11,97.68,138.39,96.31,73.63,85.255,127.5,70.88,82.26,113.56,248.61,101.075,122.86,57.32,71.29,28.56,38.07,41.215,48.165,53.98,48.05
2020-03-19 14:10,217.71,146.52,159.03,148.15,141.61,151.395,155.5,120.635,99.98,200.48,98.325,138.54,96.91,74.075,85.78,127.56,71.53,82.55,112.875,249.615,101.73,122.6,57.23,71.44,28.765,38.29,41.44,48.395,54.26,48.28
2020-03-19 14:15,218.96,147.9,161.44,147.68,140.685,153.07,155.195,121.87,100.71,200.89,98.95,139.51,97.15,74.47,86.275,128.11,72.12,82.925,114.235,249.78,102.215,123.32,57.68,71.47,28.91,38.34,41.67,48.52,54.17,48.34
2020-03-19 14:20,218.08,148.15,161.01,147.815,140.855,153.51,155.795,121.97,100.7,201.01,98.815,139.18,97.23,74.89,86.87,128.72,71.77,83.26,114.405,249.91,102.29,123.15,57.645,71.8,28.72,38.435,41.88,48.4,54.3,47.96
2020-03-19 14:25,216.925,147.23,160.35,147.41,140.44,153.63,153.88,121.72,100.5,201.47,98.52,138.455,96.22,74.285,86.49,128.49,71.91,83.555,114.375,249.63,101.88,122.875,56.87,71.74,28.575,38.125,41.725,48.115,54.0,47.83
2020-03-19 14:30,218.15,147.77,161.94,148.27,141.49,154.54,155.46,121.18,100.94,203.225,98.45,138.615,96.39,74.89,86.9,130.03,71.81,83.18,114.74,250.035,102.04,122.86,56.77,72.07,28.34,38.23,41.93,48.26,54.21,48.08
2020-03-19 14:35,218.91,147.86,161.39,148.975,141.49,152.51,156.23,121.675,100.9,202.62,99.02,139.16,95.965,75.185,87.54,130.05,71.715,83.81,114.96,250.65,102.045,122.51,57.16,72.18,28.57,38.5,41.985,48.415,54.47,48.28
2020-03-19 14:40,219.5,148.71,161.385,149.13,142.285,153.46,156.93,121.3,101.565,204.48,99.22,139.93,96.33,75.33,87.62,130.5,72.28,84.29,115.2,251.24,102.965,123.26,57.565,72.4,28.88,38.69,41.83,48.51,54.55,48.36
2020-03-19 14:45,220.695,149.05,160.46,149.02,142.05,151.73,156.0,120.76,101.64,204.23,99.27,139.33,96.04,75.28,87.54,130.0,72.52,83.95,114.51,251.41,102.625,122.44,57.62,72.62,28.79,38.655,41.97,48.37,54.48,47.955
2020-03-19 14:50,220.05,149.45,158.95,147.63,141.2,149.34,154.465,119.975,100.625,203.27,99.04,138.15,95.5,75.24,85.755,128.74,70.85,84.02,113.985,249.45,102.04,121.28,56.89,71.99,28.69,38.26,42.015,47.64,54.28,47.485
2020-03-19 14:55,220.55,148.91,159.21,147.45,141.57,149.97,154.49,120.22,101.235,204.79,99.53,138.8,96.005,75.83,86.14,128.535,71.7,83.93,113.295,249.585,101.82,121.37,56.77,72.27,28.76,38.34,42.305,47.7,54.34,47.62
2020-03-19 15:00,218.51,148.16,158.54,146.98,139.74,148.455,152.94,119.41,100.69,202.73,99.31,138.56,95.64,75.695,85.325,127.78,70.71,84.42,112.41,248.595,101.895,119.85,56.025,71.645,28.5,38.09,41.985,47.53,53.77,47.24
2020-03-19 15:05,216.03,148.17,159.245,146.0,138.06,147.705,151.7,119.44,99.32,200.3,98.535,138.0,94.925,75.185,84.76,127.05,70.545,83.67,111.47,247.67,101.25,119.08,54.88,71.5,28.14,37.88,41.905,46.88,53.595,47.28
2020-03-19 15:10,217.62,148.21,159.57,146.315,139.47,147.395,151.41,119.66,99.29,202.405,98.915,137.69,95.16,75.69,84.745,126.975,70.52,84.53,111.815,248.87,101.305,118.94,54.73,71.29,27.99,38.155,42.055,47.28,53.68,47.81
2020-03-19 15:15,218.17,147.815,159.785,147.185,140.05,146.795,152.57,119.26,99.845,203.565,99.175,137.585,95.01,75.665,84.76,127.54,70.8,84.665,111.76,248.8,101.69,119.54,55.285,71.64,28.2,38.32,42.065,47.22,53.495,47.57
2020-03-19 15:20,216.425,147.96,159.91,147.935,139.92,146.425,154.14,119.51,100.0,204.625,98.975,137.125,94.65,76.31,84.79,127.29,70.77,84.64,111.24,249.665,101.49,119.205,56.03,72.0,28.365,38.395,42.05,47.2,53.39,47.485
2020-03-19 15:25,219.045,148.33,159.735,147.27,140.52,146.15,155.32,119.54,99.27,204.39,99.93,137.42,94.7,76.73,85.04,127.7,70.915,84.91,112.09,248.71,101.84,119.75,56.15,71.565,28.475,38.435,42.105,47.15,53.49,47.53
2020-03-19 15:30,218.01,148.66,160.775,146.7,139.88,146.78,155.55,120.11,100.15,203.94,100.54,138.21,95.15,76.845,84.91,127.35,70.91,85.93,112.02,248.94,101.795,119.87,55.96,71.81,28.47,38.47,42.065,46.98,53.9,47.49
2020-03-19 15:35,219.45,149.28,159.945,146.54,140.83,146.92,154.46,119.25,100.75,202.7,101.1,138.085,95.37,77.05,84.68,127.0,70.8,85.79,111.59,248.67,101.57,120.34,55.98,71.625,28.38,38.5,41.905,46.43,53.985,47.325
2020-03-19 15:40,221.025,150.33,161.345,147.395,142.1,148.01,155.79,120.01,100.89,204.435,101.25,138.5,96.15,77.69,85.9,128.08,71.45,86.245,112.485,249.53,102.195,120.89,56.63,72.44,28.64,38.565,42.045,46.605,54.405,47.68
2020-03-19 15:45,219.58,150.015,160.92,144.9,140.86,148.705,153.83,120.305,101.04,203.44,101.975,138.195,95.9,77.445,85.85,128.23,71.025,85.9,111.58,249.125,101.67,120.13,57.185,72.12,28.43,38.265,42.135,46.43,54.23,48.1
2020-03-19 15:50,218.805,149.565,161.93,144.205,139.6,148.07,152.4,118.245,100.06,199.24,101.775,137.94,94.625,77.11,85.175,126.67,70.19,85.96,110.37,246.04,99.67,118.605,57.645,71.045,28.12,37.61,41.755,46.47,53.52,48.03
2020-03-19 15:55,219.72,149.28,161.19,142.67,139.465,149.685,152.215,118.91,97.635,198.62,103.005,137.52,94.92,77.01,85.03,127.21,70.24,86.1,110.87,243.89,100.42,119.365,57.4,70.69,28.12,37.48,41.905,45.855,53.59,48.43
2020-03-20 09:30,228.71,146.19,166.43,145.645,138.36,151.94,152.38,119.2,100.245,198.99,103.08,138.3,95.71,78.69,86.17,127.29,72.4,85.81,109.265,248.48,100.03,121.79,59.315,69.52,29.1,38.225,41.81,47.3,52.76,48.02
2020-03-20 09:35,232.36,141.85,164.7,144.05,138.0,152.26,149.37,117.76,98.69,197.11,102.615,134.475,95.54,78.045,83.55,126.74,73.39,85.885,107.21,248.285,98.47,120.54,58.15,69.61,28.21,37.665,41.43,47.14,51.89,48.12
2020-03-20 09:40,228.655,140.33,161.24,143.395,138.24,150.43,150.11,116.4,97.08,195.84,101.6,132.15,94.15,77.01,83.26,126.41,70.68,85.305,106.615,246.93,96.775,119.625,57.13,69.84,27.73,36.985,41.28,46.635,51.9,48.04
2020-03-20 09:45,227.28,141.7,162.57,143.68,139.44,152.34,150.88,116.6,97.745,196.695,102.025,133.03,95.28,77.88,83.02,125.13,71.935,86.365,107.6,247.39,96.55,119.6,57.63,69.59,27.84,36.835,41.065,46.65,52.0,47.36
2020-03-20 09:50,227.56,143.4,162.27,144.21,139.74,159.53,152.63,117.28,99.0,196.28,101.7,133.67,94.54,79.35,84.855,126.7,72.965,87.615,107.71,249.15,97.41,119.26,57.35,69.89,28.08,37.03,41.38,46.9,52.37,47.345
2020-03-20 09:55,227.88,143.76,161.08,144.83,140.145,160.24,151.87,117.03,96.92,196.28,100.77,134.06,94.105,79.18,84.62,126.09,71.74,88.38,107.945,248.61,96.87,119.005,56.835,69.725,27.91,37.115,41.3,46.28,52.485,47.16
2020-03-20 10:00,228.81,146.125,162.59,145.34,140.8,159.215,152.345,117.48,98.305,198.32,101.86,134.68,94.24,80.73,85.45,126.845,71.65,90.18,108.31,249.885,98.17,118.935,58.24,70.18,28.21,37.255,41.4,47.04,52.625,48.015
2020-03-20 10:05,228.665,145.855,162.59,144.315,138.54,156.805,151.34,114.63,96.935,197.93,101.715,134.41,92.12,79.405,85.25,126.54,71.46,90.13,108.64,249.645,97.01,118.255,58.325,70.34,27.68,37.07,41.105,46.52,52.495,48.05
2020-03-20 10:10,229.545,145.32,163.0,144.675,139.43,158.34,151.56,115.83,96.7,198.11,101.845,133.95,91.36,79.43,84.98,126.03,70.93,90.71,107.575,249.52,97.1,117.45,58.42,70.54,27.81,37.12,41.19,46.755,52.735,47.615
2020-03-20 10:15,229.435,146.17,164.46,145.1,140.69,159.035,151.27,115.03,96.54,199.03,102.26,133.87,91.955,79.185,85.72,125.15,70.59,91.45,107.3,250.31,97.14,118.06,58.59,70.485,27.91,37.21,41.02,47.035,52.67,47.38
2020-03-20 10:20,228.34,146.205,165.35,145.545,141.33,159.55,151.51,116.175,97.78,201.095,103.275,134.48,92.9,79.34,86.29,126.12,70.52,92.05,107.89,250.9,97.975,118.525,59.08,70.85,27.96,37.26,41.27,47.35,52.82,47.66
2020-03-20 10:25,230.26,146.125,166.24,146.16,142.69,158.675,152.23,115.795,97.925,201.24,103.13,135.0,92.08,79.09,86.97,126.31,70.285,92.445,107.6,250.46,98.54,118.595,59.5,71.09,28.105,37.22,41.335,47.485,52.775,47.87
2020-03-20 10:30,230.23,146.44,169.4,146.67,143.72,159.49,152.275,117.07,96.93,199.935,102.93,134.75,93.47,80.11,87.39,126.73,71.66,93.16,107.04,251.21,99.13,118.285,60.08,71.505,28.49,37.345,41.555,47.75,52.785,48.13
2020-03-20 10:35,231.04,146.815,167.96,146.625,143.555,158.675,152.06,117.46,95.21,200.76,103.28,135.815,93.255,80.305,87.32,126.79,71.925,92.99,107.27,251.29,99.21,118.45,59.855,71.545,28.3,37.17,41.69,47.69,52.74,47.93
2020-03-20 10:40,230.0,146.675,166.74,146.4,144.265,158.05,153.52,116.68,94.56,199.885,102.98,134.72,93.05,80.655,87.02,126.65,72.0,93.34,106.41,250.0,98.88,117.45,59.33,71.195,28.01,37.02,41.55,47.375,52.68,47.67
2020-03-20 10:45,230.08,146.705,169.76,146.095,144.39,157.835,153.75,117.03,96.87,198.31,102.97,135.52,93.0,80.99,86.82,126.35,72.37,93.22,105.7,250.72,98.83,116.77,59.66,71.6,28.105,37.19,41.56,47.54,52.63,48.155
2020-03-20 10:50,230.46,147.12,169.6,146.69,144.245,158.49,155.31,117.7,97.14,198.66,103.73,136.395,93.55,81.375,87.265,126.385,72.61,93.59,107.115,251.54,99.745,117.045,59.72,71.91,28.29,37.34,41.61,47.91,52.7,48.1
2020-03-20 10:55,230.11,146.98,168.47,146.88,145.75,159.18,155.5,117.645,99.37,196.365,103.07,136.355,94.21,81.985,87.19,126.22,73.09,93.47,106.64,251.51,100.19,116.98,60.08,72.08,28.28,37.44,41.735,47.95,52.61,48.35
2020-03-20 11:00,229.405,147.145,168.53,146.02,144.82,159.4,156.75,116.54,100.24,194.185,101.905,135.58,93.65,81.445,88.39,125.71,72.84,93.18,106.455,250.84,100.12,116.62,59.95,71.89,27.96,37.29,41.505,48.15,52.615,47.895
2020-03-20 11:05,228.88,147.41,169.59,146.21,145.025,160.12,156.74,116.83,101.96,193.45,101.585,134.715,94.15,82.155,89.2,125.85,73.13,93.92,106.44,251.07,100.15,116.46,60.28,72.09,27.75,37.19,41.355,48.29,52.68,47.635
2020-03-20 11:10,228.005,147.545,169.35,145.88,145.02,159.96,157.27,116.855,105.03,193.5,100.5,133.8,93.29,81.795,89.26,126.07,73.79,93.54,106.325,250.65,99.46,116.49,60.22,71.825,27.34,36.98,41.225,48.385,52.79,47.385
2020-03-20 11:15,226.65,145.21,167.63,145.745,144.17,159.49,156.92,115.635,102.33,193.8,99.78,132.2,92.07,81.38,87.52,125.54,73.7,93.43,105.19,250.08,98.23,116.71,60.21,71.455,26.86,36.59,40.93,48.15,52.195,46.63
2020-03-20 11:20,224.19,143.42,164.52,143.5,142.61,155.29,154.22,114.19,99.8,190.83,98.73,130.595,90.63,79.12,85.74,123.65,73.135,92.18,104.88,248.475,97.2,115.69,58.81,70.33,26.69,36.16,40.88,47.71,51.62,46.315
2020-03-20 11:25,226.37,145.02,165.5,144.76,142.95,156.5,154.445,114.6,100.25,191.4,99.33,130.94,91.555,79.2,86.44,123.4,72.315,92.235,104.65,249.165,98.095,115.165,58.93,70.46,26.94,36.26,40.89,47.86,51.8,46.14
2020-03-20 11:30,225.615,146.84,165.705,144.19,142.83,155.8,154.295,114.38,101.71,191.11,99.96,130.83,90.965,79.655,86.55,123.76,71.99,92.47,104.57,248.83,98.55,114.635,58.495,70.64,26.93,36.41,40.965,47.76,51.62,45.99
2020-03-20 11:35,226.405,146.1,164.76,144.79,142.91,155.77,154.49,114.47,101.545,191.685,100.73,131.275,91.42,79.76,86.145,124.26,72.43,92.69,104.48,249.29,98.58,114.85,58.31,71.3,27.04,36.58,40.95,48.015,51.61,45.84
2020-03-20 11:40,226.23,145.73,164.505,144.63,143.15,156.0,154.905,114.265,101.895,191.49,100.315,130.675,91.45,79.58,86.49,124.22,72.2,92.585,104.86,249.38,98.33,115.7,58.43,71.6,27.15,36.54,40.65,48.02,51.685,46.11
2020-03-20 11:45,224.65,146.21,165.01,144.45,142.61,155.855,154.53,114.76,102.38,191.26,100.035,130.75,91.68,79.47,86.16,124.72,72.28,93.135,105.04,249.35,98.12,115.17,58.435,72.14,27.32,36.575,40.945,47.69,51.92,45.77
2020-03-20 11:50,223.89,146.11,164.785,144.06,143.0,156.15,153.65,115.58,102.59,190.99,99.935,130.27,90.985,79.35,86.58,124.87,71.875,92.87,105.8,248.48,98.04,115.01,57.99,71.93,27.2,36.4,40.835,47.81,51.62,45.665
2020-03-20 11:55,224.13,145.94,164.97,144.17,142.98,156.005,153.09,115.95,103.065,189.46,99.73,131.81,90.905,79.485,86.47,124.46,72.17,92.78,106.03,248.535,98.025,115.37,58.0,72.01,27.21,36.36,40.61,47.81,51.54,46.0
2020-03-20 12:00,223.695,146.08,163.69,144.19,142.54,156.265,152.5,115.835,102.63,188.705,99.245,130.535,90.58,79.42,86.61,124.14,72.455,92.465,105.34,248.34,97.22,114.92,58.13,71.665,27.22,36.165,40.36,47.565,51.13,45.67
2020-03-20 12:05,223.45,144.73,162.59,143.385,141.125,153.78,151.25,115.46,99.37,187.21,98.32,130.14,89.175,78.74,85.7,124.07,71.785,92.73,105.17,246.44,96.66,114.685,57.465,71.61,27.0,35.855,40.18,47.135,50.985,45.295
2020-03-20 12:10,222.02,146.0,162.35,143.45,142.22,153.1,151.7,116.33,100.01,186.91,99.45,131.68,90.175,79.37,86.52,123.88,72.255,93.215,105.915,246.84,97.22,114.97,57.85,71.81,27.43,36.25,40.43,47.305,51.17,45.13
2020-03-20 12:15,221.01,145.71,162.28,142.93,140.975,151.6,150.62,115.705,98.87,188.01,98.87,130.205,89.52,79.14,86.49,124.13,71.76,92.93,106.12,246.17,96.845,115.225,57.105,71.845,27.23,36.055,40.48,47.23,51.055,44.92
2020-03-20 12:20,221.12,144.64,161.29,142.04,139.28,153.56,150.17,115.915,98.56,187.17,99.04,129.945,89.015,78.635,86.14,123.88,71.2,92.925,105.665,246.075,96.61,114.955,56.89,71.38,27.145,35.83,40.3,46.98,51.055,44.65
2020-03-20 12:25,220.83,142.82,159.9,141.9,138.88,152.77,149.25,115.0,98.25,186.3,98.685,129.11,88.56,78.65,85.43,123.35,70.39,92.955,105.46,245.17,96.645,114.49,56.98,71.125,27.135,35.74,40.135,46.87,51.01,44.74
2020-03-20 12:30,222.79,144.11,161.7,143.33,141.37,154.16,150.82,116.425,99.63,187.45,98.82,130.16,89.08,79.73,86.33,123.78,70.905,93.5,105.5,246.57,97.24,114.735,57.2,71.23,27.49,36.15,40.405,47.32,51.28,44.77
2020-03-20 12:35,221.81,143.82,160.28,142.185,139.69,154.74,150.27,116.78,99.22,187.79,98.56,130.51,88.32,79.19,86.2,124.02,70.61,93.01,105.67,245.96,97.0,114.91,57.055,70.955,27.23,35.96,40.45,47.4,51.51,44.615
2020-03-20 12:40,222.365,143.215,161.73,141.99,140.03,155.19,149.81,117.24,97.73,188.92,98.15,130.25,88.22,78.83,86.07,124.255,70.66,92.85,106.2,246.83,96.9,115.65,56.53,71.045,27.25,36.025,40.69,47.65,51.49,44.65
2020-03-20 12:45,223.895,144.23,161.605,142.85,140.635,155.105,150.43,117.54,98.93,190.16,98.41,131.65,88.7,79.02,86.87,124.38,70.99,93.195,106.36,247.565,97.305,115.39,57.44,71.11,27.44,36.12,40.655,48.06,51.435,44.905
2020-03-20 12:50,224.04,144.96,162.41,143.88,141.39,155.745,151.51,118.29,99.265,189.59,98.79,131.64,88.34,79.32,87.59,124.78,71.0,92.98,106.4,248.57,97.435,115.75,57.75,71.22,27.51,36.37,40.83,48.465,51.54,45.265
2020-03-20 12:55,223.625,145.14,162.41,142.785,141.04,155.875,150.24,118.55,98.99,189.48,98.755,131.465,88.095,78.99,87.31,124.58,71.37,92.825,105.865,247.73,96.79,115.28,57.99,71.2,27.38,36.085,40.43,48.55,51.3,45.345
2020-03-20 13:00,224.02,145.255,164.035,143.74,141.205,155.915,150.18,118.74,99.11,190.54,98.915,132.72,89.51,79.12,87.55,124.36,71.53,92.8,105.595,248.535,97.17,115.25,58.21,71.42,27.56,36.25,40.25,48.74,51.49,45.105
2020-03-20 13:05,223.55,146.075,164.37,143.75,141.09,156.43,150.04,119.655,99.65,191.305,98.94,131.85,89.715,79.3,87.92,124.4,71.53,93.03,105.785,249.16,97.145,115.37,58.35,71.65,27.43,36.41,40.35,48.95,51.62,45.03
2020-03-20 13:10,221.42,144.69,163.12,143.58,140.705,155.525,150.37,118.48,99.08,190.45,98.28,131.16,88.615,78.645,87.49,124.275,71.28,92.845,105.63,248.98,97.175,115.16,58.195,71.52,27.31,36.31,40.11,48.94,51.55,45.37
2020-03-20 13:15,221.14,144.83,162.955,143.715,141.14,156.965,150.61,119.15,99.23,190.96,97.96,131.675,88.58,78.99,87.83,124.59,71.575,91.96,106.375,248.97,97.45,115.32,58.4,71.72,27.32,36.27,40.42,49.24,51.65,45.4
2020-03-20 13:20,220.26,144.66,162.17,143.07,140.72,156.965,150.1,117.69,99.405,191.14,97.415,131.1,88.48,78.15,87.1,124.58,70.71,91.61,106.095,247.92,97.04,115.415,58.18,71.9,27.17,36.01,40.215,48.685,51.345,45.33
2020-03-20 13:25,218.885,143.23,161.46,142.73,140.8,156.88,148.71,117.2,98.915,190.35,97.73,130.32,88.43,77.51,86.925,124.17,70.3,91.86,105.485,247.595,97.09,115.03,58.68,71.885,27.25,35.915,40.32,48.36,51.2,45.37
2020-03-20 13:30,217.23,143.97,161.94,142.82,140.99,156.885,150.15,117.22,99.41,190.16,97.895,129.98,88.395,77.8,87.17,124.08,70.48,91.97,105.23,247.87,96.96,115.17,58.4,71.83,27.24,36.17,40.5,48.51,51.43,45.5
2020-03-20 13:35,216.95,144.12,162.46,142.78,141.49,156.99,149.805,117.47,99.64,190.975,98.04,130.48,88.9,77.69,87.185,124.25,70.76,92.205,105.67,247.95,97.24,115.4,58.52,71.97,27.46,36.275,40.52,48.6,51.5,45.94
2020-03-20 13:40,217.415,143.27,162.25,142.71,141.18,157.365,149.775,117.815,99.21,190.6,97.675,130.385,88.59,77.36,87.01,124.08,70.34,91.96,105.55,247.68,97.04,115.52,58.53,72.12,27.34,36.23,40.55,48.5,51.605,46.93
2020-03-20 13:45,216.57,143.23,162.03,142.24,140.86,157.81,149.49,118.37,99.81,190.79,97.71,131.23,88.5,77.005,86.57,124.04,70.405,91.9,105.565,246.85,97.3,115.985,58.645,71.91,27.34,36.15,40.27,48.115,51.695,47.04
2020-03-20 13:50,216.19,143.825,162.185,142.45,141.22,157.71,150.105,118.725,100.545,190.9,98.05,130.93,88.595,76.76,86.805,124.12,70.52,91.925,105.21,246.63,97.35,116.3,58.795,72.025,27.36,36.16,40.07,48.42,51.635,46.895
2020-03-20 13:55,215.91,144.17,162.0,142.37,141.795,157.68,151.39,119.375,101.74,190.04,98.175,131.06,89.24,76.33,87.18,123.92,70.575,91.99,105.155,247.03,97.92,115.86,58.6,71.53,27.525,36.33,40.12,48.84,51.765,46.905
2020-03-20 14:00,216.155,143.58,161.395,142.52,142.13,157.57,150.34,117.83,100.42,191.02,97.95,130.26,89.08,76.34,86.74,123.82,70.36,90.91,106.045,246.85,97.785,116.2,58.85,72.145,27.54,36.295,40.23,48.92,51.775,47.43
2020-03-20 14:05,214.89,144.74,161.13,142.98,142.66,157.15,151.045,117.08,100.955,191.115,98.12,130.54,89.33,76.715,86.5,124.21,70.36,91.155,107.06,247.41,98.58,116.96,58.81,72.19,27.58,36.4,40.43,49.02,51.79,47.43
2020-03-20 14:10,214.795,144.06,159.68,142.22,141.905,156.55,150.245,116.22,100.175,191.055,97.65,130.34,88.86,76.59,86.295,123.65,70.095,90.02,106.66,246.49,98.36,116.8,58.64,71.93,27.6,36.24,40.42,48.54,51.82,47.06
2020-03-20 14:15,212.07,143.84,158.685,141.255,140.97,156.49,149.78,115.355,99.66,189.73,97.47,129.37,88.65,75.935,85.99,123.57,69.795,89.28,106.79,246.05,97.83,116.8,58.42,71.4,27.43,36.095,40.44,48.43,51.735,46.91
2020-03-20 14:20,213.56,143.225,156.83,141.13,141.075,154.73,149.645,115.135,99.15,189.085,97.04,128.38,88.4,75.67,85.89,123.3,69.375,89.615,107.11,245.315,97.67,115.95,58.46,71.01,27.315,35.94,40.29,48.09,51.67,46.64
2020-03-20 14:25,212.72,141.75,156.725,140.87,141.26,153.96,149.01,114.715,98.63,188.835,96.89,127.8,88.26,75.34,85.345,123.17,69.66,90.14,107.02,245.045,97.2,115.66,57.82,70.8,27.3,35.9,40.365,47.34,51.55,46.445
2020-03-20 14:30,213.425,141.0,156.37,140.495,140.85,152.99,148.99,114.725,98.12,189.18,96.31,127.44,87.73,75.03,84.76,123.07,69.32,89.9,106.505,245.0,96.75,115.6,57.33,70.835,27.16,35.87,40.05,47.125,51.67,46.68
2020-03-20 14:35,211.745,141.005,156.72,140.555,140.8,153.7,148.61,115.005,98.09,189.23,96.27,127.055,87.26,74.83,84.56,123.005,69.16,89.985,106.46,244.14,96.23,115.51,57.315,70.605,27.15,35.89,40.25,46.945,51.92,46.525
2020-03-20 14:40,210.84,141.065,155.805,140.55,140.71,152.99,148.38,115.005,98.29,188.625,96.305,126.525,87.17,74.86,84.68,122.91,69.16,90.535,106.15,243.4,96.27,115.49,56.98,70.6,27.16,35.9,40.24,46.71,51.76,46.71
2020-03-20 14:45,211.17,142.08,156.2,140.87,141.73,152.275,149.335,115.56,98.68,189.555,96.47,127.4,87.585,75.29,84.89,123.1,69.47,90.715,106.68,243.51,96.44,115.87,57.05,70.385,27.21,36.01,40.21,47.1,51.6,46.92
2020-03-20 14:50,210.69,140.99,154.725,139.735,140.455,150.415,148.87,115.38,98.75,188.54,95.66,126.365,87.07,74.26,84.05,122.3,69.085,90.345,105.245,242.195,95.945,115.03,57.055,69.885,27.19,35.72,40.045,46.5,51.3,46.53
2020-03-20 14:55,210.46,140.075,154.145,139.47,140.32,149.59,148.23,115.38,97.93,186.605,95.6,126.61,86.645,74.17,83.73,121.53,68.78,91.04,104.98,241.5,95.69,114.86,57.39,69.785,27.12,35.66,39.91,46.42,51.36,46.47
2020-03-20 15:00,212.04,140.3,154.47,139.275,140.05,150.26,147.9,114.34,97.14,188.54,94.89,126.19,86.79,73.29,83.24,121.31,68.795,90.78,104.0,241.45,95.39,114.8,57.26,69.55,27.095,35.58,39.715,46.225,51.09,46.34
2020-03-20 15:05,213.155,139.77,154.4,139.48,140.03,151.63,148.715,114.41,97.0,189.455,94.885,126.36,86.79,73.26,83.36,121.675,69.0,90.355,104.11,242.105,95.24,114.65,57.095,69.825,27.07,35.87,39.64,46.455,51.12,46.635
2020-03-20 15:10,214.86,139.5,155.33,138.82,140.31,151.265,148.48,113.41,96.28,189.28,95.29,126.16,86.77,73.43,83.29,121.825,69.2,90.45,103.705,241.78,95.325,114.91,57.04,69.73,27.07,35.89,39.485,46.56,51.22,46.805
2020-03-20 15:15,213.87,139.45,153.81,138.09,139.09,150.985,147.9,112.85,95.42,189.39,94.34,125.35,86.46,72.975,82.72,121.06,68.89,89.65,102.61,240.0,94.89,114.215,56.805,69.14,26.935,35.53,39.305,46.07,50.895,46.4
2020-03-20 15:20,215.49,140.04,154.3,138.73,138.58,151.36,147.59,112.95,95.795,189.59,94.79,125.34,87.61,73.18,83.465,121.28,68.86,89.945,102.915,240.13,94.87,114.275,57.34,69.49,27.06,35.55,39.395,46.31,51.09,46.67
2020-03-20 15:25,217.14,141.94,156.4,140.3,139.85,152.52,149.51,114.345,97.12,190.985,96.45,127.35,88.01,74.63,84.77,122.1,69.645,91.27,104.435,242.01,96.22,115.98,58.11,69.87,27.58,36.015,39.68,47.04,51.55,47.13
2020-03-20 15:30,218.81,143.22,157.775,140.38,139.88,155.045,150.71,114.74,97.14,190.33,96.23,125.95,88.49,75.08,85.28,122.71,69.58,91.805,103.29,239.77,96.55,115.935,59.765,71.42,27.6,36.17,39.715,47.24,51.94,47.16
2020-03-20 15:35,217.54,141.21,156.27,139.115,138.84,153.19,148.49,114.16,96.35,189.4,95.55,124.84,87.275,73.895,83.835,122.33,68.66,90.71,103.34,235.5,95.815,115.0,59.64,71.26,27.38,35.99,39.055,46.74,51.45,46.91
2020-03-20 15:40,217.725,141.01,156.08,139.01,138.92,151.21,148.1,113.915,95.93,190.28,96.35,124.15,87.69,74.275,83.53,122.71,68.26,90.735,103.47,236.195,95.94,114.12,59.05,71.64,27.5,36.12,38.675,46.81,51.12,46.845
2020-03-20 15:45,213.38,140.75,154.83,137.81,138.215,150.59,147.13,112.305,95.55,189.115,97.1,123.91,87.49,74.17,83.2,120.91,67.88,90.36,102.58,232.36,95.645,113.14,59.375,71.43,27.49,35.87,38.42,46.42,51.43,46.43
2020-03-20 15:50,210.465,139.43,153.74,138.27,138.81,150.52,147.2,111.92,95.805,188.65,96.155,123.23,86.8,73.855,83.18,120.335,67.86,89.95,102.62,230.285,95.62,112.48,60.07,71.67,27.7,35.795,38.08,46.03,51.22,46.67
2020-03-20 15:55,205.7,138.61,152.35,136.77,139.82,148.13,146.82,112.63,95.005,188.09,95.355,124.89,85.84,74.22,83.4,119.83,67.39,89.48,102.4,229.05,95.38,114.03,59.615,71.25,27.47,35.67,38.2,45.83,51.84,46.42
2020-10-16 09:30,327.46,208.92,289.86,220.54,259.57,230.07,200.56,174.065,172.96,235.74,167.35,169.85,127.68,105.185,101.535,147.53,129.48,113.015,144.51,121.09,125.5,145.64,73.11,79.45,49.54,39.76,49.96,54.025,58.34,37.39
2020-10-16 09:35,325.52,208.795,288.46,220.105,259.46,229.72,200.55,173.94,172.25,235.08,168.53,169.325,127.275,104.79,101.395,147.58,128.875,112.38,144.85,121.05,125.12,145.655,72.725,79.615,49.29,39.65,49.96,54.175,58.3,37.23
2020-10-16 09:40,326.54,208.82,288.95,220.35,260.67,230.24,200.8,174.05,170.77,234.79,168.95,169.965,127.52,104.925,101.125,147.62,128.9,112.34,144.9,121.05,125.37,145.54,72.68,79.625,49.23,39.71,49.985,54.23,58.255,37.08
2020-10-16 09:45,327.085,208.77,288.64,220.305,260.475,230.46,200.525,174.3,170.3,235.695,169.09,169.93,127.16,104.64,101.06,148.05,128.775,112.31,144.885,120.705,125.12,145.955,72.49,79.82,49.33,39.755,50.015,54.125,58.33,37.24
2020-10-16 09:50,327.48,208.86,289.025,219.89,259.94,230.345,200.225,174.21,170.45,236.51,168.96,170.295,126.855,104.415,101.04,147.69,128.7,111.86,145.17,120.365,124.93,145.86,72.35,79.645,49.26,39.65,50.015,54.1,58.265,36.99
2020-10-16 09:55,328.77,208.72,290.55,220.355,261.46,230.49,200.99,174.35,171.0,237.12,169.04,171.015,126.95,104.51,101.17,147.83,128.67,112.1,145.265,120.85,124.97,145.77,72.625,79.64,49.3,39.64,50.045,54.215,58.255,37.035
2020-10-16 10:00,330.085,208.32,290.695,221.105,261.125,230.76,201.165,174.62,169.99,238.27,169.62,170.99,126.895,104.45,101.22,148.02,128.77,112.13,145.465,120.97,124.96,145.905,72.595,79.785,49.41,39.825,50.145,54.335,58.22,37.06
2020-10-16 10:05,330.11,207.6,290.5,221.325,261.01,231.25,201.075,175.16,169.42,238.575,169.66,171.225,126.635,104.28,101.025,148.17,128.715,111.815,145.615,120.825,124.955,145.975,72.67,79.825,49.515,39.94,50.125,54.315,58.255,37.19
2020-10-16 10:10,330.15,207.22,290.565,221.18,261.075,230.9,201.225,175.23,169.26,238.275,169.73,170.96,126.75,104.205,100.725,148.175,128.66,111.75,145.24,120.565,124.75,145.83,72.545,79.94,49.42,39.965,50.145,54.315,58.24,37.265
2020-10-16 10:15,330.745,207.82,291.585,221.87,262.275,231.39,201.85,175.35,169.595,238.66,170.05,171.35,126.99,104.605,101.02,148.31,128.71,112.02,145.48,120.81,125.07,145.955,72.67,79.865,49.485,39.955,50.195,54.37,58.175,37.325
2020-10-16 10:20,330.905,207.7,292.475,221.96,262.02,231.52,202.13,175.67,168.835,238.46,169.95,171.675,127.055,104.69,101.135,148.255,128.95,112.07,145.65,121.1,125.21,145.92,72.755,79.925,49.61,40.075,50.205,54.415,58.245,37.26
2020-10-16 10:25,331.69,208.25,292.04,221.93,261.925,231.71,202.37,175.93,169.3,238.75,170.43,171.87,127.305,104.835,101.48,148.515,129.085,112.4,145.845,121.155,125.425,146.105,73.315,80.165,49.66,40.15,50.315,54.435,58.39,37.3
2020-10-16 10:30,331.425,208.05,291.47,222.045,262.03,231.58,202.065,176.05,168.955,238.84,170.27,171.71,127.405,104.885,101.62,148.485,128.975,112.755,145.585,121.02,125.45,146.035,73.455,80.165,49.58,40.19,50.245,54.47,58.38,37.14
2020-10-16 10:35,331.39,208.09,290.995,222.03,261.97,231.775,202.395,175.805,168.79,238.95,170.12,171.52,127.25,104.89,101.48,148.4,129.11,112.915,145.48,121.07,125.5,145.99,73.37,80.08,49.675,40.13,50.235,54.465,58.33,37.075
2020-10-16 10:40,331.51,208.59,290.335,221.575,261.54,231.46,202.1,175.465,169.56,238.66,169.97,171.39,127.125,105.01,101.575,148.41,128.665,113.1,145.385,120.945,125.245,145.59,73.535,80.115,49.66,40.215,50.215,54.47,58.38,37.13
2020-10-16 10:45,331.91,209.16,290.43,221.05,260.47,231.575,201.625,175.53,169.615,238.975,170.195,171.625,127.17,105.1,101.77,148.5,128.5,113.0,145.28,120.42,125.63,145.36,73.675,80.06,49.805,40.245,50.245,54.405,58.395,37.3
2020-10-16 10:50,332.03,208.765,290.8,221.22,260.745,231.7,201.765,175.84,168.935,238.77,169.88,171.55,127.225,105.05,101.57,148.3,128.515,113.14,145.29,120.705,125.51,145.48,73.395,80.04,49.895,40.2,50.215,54.495,58.34,37.25
2020-10-16 10:55,331.95,208.655,290.525,221.015,260.76,231.74,201.47,175.765,168.69,238.275,169.95,171.49,127.16,104.93,101.4,148.14,128.245,112.97,145.22,120.69,125.39,145.35,73.565,80.05,49.905,40.14,50.21,54.525,58.285,37.225
2020-10-16 11:00,331.95,208.73,290.32,220.9,260.455,231.56,201.475,175.91,168.63,238.01,170.025,171.6,127.06,105.025,101.55,148.04,128.265,113.21,145.105,120.635,125.59,145.095,73.655,79.955,49.945,40.195,50.215,54.66,58.245,37.25
2020-10-16 11:05,331.625,209.08,290.14,220.7,259.57,231.38,201.175,175.98,169.29,237.875,170.435,171.805,127.035,105.155,101.68,148.115,128.185,113.4,145.09,120.35,125.73,144.865,73.755,79.91,49.97,40.225,50.205,54.555,58.255,37.47
2020-10-16 11:10,330.8,209.23,289.5,220.67,259.91,230.995,201.34,175.685,169.53,237.69,170.165,171.64,126.9,105.175,101.81,148.19,128.305,113.57,145.125,120.32,125.72,144.94,73.8,80.05,49.905,40.225,50.175,54.56,58.305,37.46
2020-10-16 11:15,331.03,208.95,289.715,220.64,259.705,230.5,201.125,175.64,169.18,237.95,169.965,171.705,126.735,105.25,101.825,148.46,128.09,113.45,145.38,120.04,125.66,145.265,73.87,80.11,49.69,40.18,50.245,54.375,58.305,37.455
2020-10-16 11:20,330.53,208.625,288.68,220.04,258.89,230.47,200.72,175.61,168.755,237.43,169.9,171.49,126.575,105.285,101.73,148.35,127.83,113.47,145.125,119.67,125.75,145.075,73.9,80.015,49.69,40.15,50.145,54.295,58.245,37.445
2020-10-16 11:25,330.9,209.07,288.925,220.17,259.23,230.3,200.96,175.67,169.245,237.68,169.9,171.46,126.505,105.38,101.74,148.415,127.785,113.62,145.23,119.89,125.82,145.21,73.845,80.055,49.76,40.14,50.15,54.345,58.28,37.45
2020-10-16 11:30,330.45,208.9,288.99,220.53,259.67,230.08,201.195,175.76,169.115,237.41,169.965,171.35,126.455,105.48,101.73,148.155,127.915,113.5,145.165,119.905,125.765,145.14,73.74,79.99,49.76,40.135,50.185,54.36,58.245,37.36
2020-10-16 11:35,330.18,209.09,289.055,220.1,259.3,230.125,201.335,175.82,169.105,236.96,170.0,171.5,126.58,105.625,101.89,148.24,127.855,114.09,145.15,119.535,125.69,144.83,73.94,79.995,49.81,40.13,50.17,54.37,58.23,37.36
2020-10-16 11:40,330.08,209.075,288.855,220.29,259.49,230.06,201.33,176.0,169.785,237.25,169.84,171.28,126.71,105.47,101.92,148.26,127.895,114.11,145.16,119.615,125.645,144.8,73.765,79.885,49.705,40.095,50.145,54.365,58.255,37.315
2020-10-16 11:45,330.84,209.06,289.24,220.575,259.93,230.5,201.415,175.995,170.205,237.775,170.02,171.21,126.83,105.41,102.03,148.5,127.83,114.045,145.31,119.795,125.745,144.86,73.85,79.915,49.67,40.145,50.19,54.375,58.29,37.38
2020-10-16 11:50,331.49,208.76,289.79,220.74,260.195,230.595,201.45,175.865,169.96,237.905,169.915,170.9,126.875,105.34,101.92,148.525,127.87,113.625,145.24,119.805,125.64,145.095,73.8,80.02,49.725,40.095,50.165,54.395,58.26,37.35
2020-10-16 11:55,331.915,208.875,289.38,220.545,259.855,230.63,201.11,175.75,169.87,237.785,170.03,170.96,126.8,105.34,101.92,148.485,127.81,113.6,145.06,119.985,125.55,145.09,73.69,79.93,49.745,40.07,50.145,54.365,58.26,37.32
2020-10-16 12:00,331.75,208.83,289.605,220.405,259.85,230.915,201.105,175.52,169.63,237.87,169.75,170.54,126.68,105.08,101.825,148.625,127.945,113.25,144.95,119.97,125.43,145.02,73.6,79.905,49.69,40.09,50.14,54.495,58.275,37.34
2020-10-16 12:05,331.94,208.54,289.755,220.02,259.16,230.675,200.86,175.4,169.275,237.265,169.63,170.57,126.535,105.04,101.775,148.515,127.685,113.12,144.925,119.8,125.43,144.955,73.67,79.81,49.62,40.06,50.105,54.505,58.235,37.3
2020-10-16 12:10,332.075,208.505,290.2,220.13,259.17,230.74,200.68,175.5,169.7,237.215,170.02,170.92,126.85,105.085,101.905,148.51,127.67,113.16,145.015,119.715,125.47,145.12,73.79,79.72,49.745,40.125,50.155,54.585,58.265,37.3
2020-10-16 12:15,331.675,208.24,290.115,220.36,259.34,230.735,200.545,175.38,169.34,237.13,169.76,170.95,126.995,105.035,101.72,148.49,127.725,113.08,145.01,119.795,125.655,145.12,73.82,79.715,49.735,40.195,50.175,54.62,58.25,37.205
2020-10-16 12:20,330.95,208.375,289.82,220.335,259.1,230.765,200.45,175.565,169.725,237.0,169.78,171.055,126.82,105.08,101.92,148.46,127.89,113.105,145.03,119.705,125.745,145.12,73.93,79.735,49.665,40.15,50.195,54.59,58.22,37.19
2020-10-16 12:25,331.08,208.1,289.475,220.74,259.85,230.83,200.505,175.91,169.73,237.11,170.085,171.305,126.9,105.195,101.97,148.55,127.945,112.99,144.965,119.83,126.03,145.16,73.99,79.78,49.63,40.245,50.24,54.66,58.255,37.19
2020-10-16 12:30,330.95,208.125,289.37,220.32,259.165,230.815,200.33,175.67,169.525,237.075,169.95,171.06,126.995,105.14,102.04,148.46,127.855,112.875,144.87,119.605,125.99,145.18,73.815,79.745,49.64,40.195,50.205,54.6,58.205,37.21
2020-10-16 12:35,330.715,208.17,289.145,220.225,258.955,230.73,200.185,175.7,169.03,237.06,170.015,170.985,127.02,105.07,102.265,148.485,127.825,112.765,144.96,119.585,125.895,145.15,73.73,79.765,49.645,40.16,50.24,54.58,58.215,37.235
2020-10-16 12:40,330.705,207.995,289.15,219.895,258.98,230.525,200.235,175.585,168.915,236.75,169.725,170.97,127.03,105.1,102.265,148.52,127.725,112.74,144.92,119.425,125.86,145.14,73.645,79.77,49.575,40.135,50.195,54.515,58.205,37.12
2020-10-16 12:45,330.595,208.115,289.165,220.33,259.4,230.55,200.525,175.58,168.94,236.89,169.58,170.94,127.0,105.045,102.175,148.475,127.765,112.695,144.89,119.645,125.935,145.06,73.54,79.84,49.55,40.11,50.195,54.505,58.175,37.175
2020-10-16 12:50,330.44,208.11,289.155,220.36,259.26,230.515,200.44,175.58,168.815,236.97,169.78,171.01,127.015,105.16,102.255,148.485,127.855,112.97,144.82,119.59,126.035,145.1,73.605,79.855,49.6,40.125,50.205,54.43,58.145,37.205
2020-10-16 12:55,330.85,208.125,289.195,220.54,259.345,230.75,200.53,175.5,168.81,237.075,169.98,171.02,126.925,105.185,102.305,148.36,127.89,113.045,144.84,119.83,126.05,145.115,73.515,79.855,49.66,40.175,50.305,54.445,58.16,37.46
2020-10-16 13:00,330.38,207.945,289.13,220.465,259.36,230.855,200.7,175.54,168.84,236.965,169.87,171.005,126.97,105.125,102.175,148.39,127.97,112.975,144.81,119.785,125.945,145.18,73.4,79.83,49.615,40.135,50.255,54.4,58.155,37.48
2020-10-16 13:05,330.255,208.08,289.26,220.575,259.555,230.79,200.765,175.565,168.8,236.975,169.95,170.97,126.98,105.2,102.205,148.41,128.005,113.0,144.82,119.885,126.0,145.025,73.44,79.825,49.67,40.155,50.255,54.475,58.205,37.41
2020-10-16 13:10,330.08,207.94,289.265,220.85,259.865,230.835,200.87,175.51,168.16,236.86,170.045,171.015,127.13,105.1,101.995,148.335,127.995,112.865,144.77,120.03,126.02,145.12,73.33,79.7,49.635,40.17,50.225,54.495,58.185,37.48
2020-10-16 13:15,330.77,208.005,289.355,220.91,259.975,231.03,201.02,175.61,168.27,236.865,170.145,171.23,127.215,105.195,102.02,148.375,128.13,113.145,144.845,120.195,126.115,145.185,73.415,79.85,49.755,40.205,50.255,54.53,58.23,37.525
2020-10-16 13:20,330.75,207.985,289.19,220.88,260.015,230.92,200.885,175.505,168.14,236.88,170.04,171.095,127.38,105.125,101.99,148.415,128.25,113.05,144.84,120.16,126.08,145.25,73.44,79.845,49.695,40.21,50.255,54.52,58.235,37.51
2020-10-16 13:25,330.86,208.025,289.28,220.755,259.695,230.795,200.715,175.71,168.375,236.89,170.125,171.295,127.26,105.215,102.005,148.43,128.355,113.25,144.865,120.06,126.045,145.25,73.41,79.885,49.72,40.21,50.285,54.495,58.23,37.53
2020-10-16 13:30,331.05,208.02,289.31,220.9,259.635,230.72,200.74,175.395,168.12,237.03,170.0,171.155,127.19,105.14,101.94,148.41,128.385,113.09,144.86,120.115,125.97,145.275,73.36,79.87,49.685,40.175,50.255,54.43,58.23,37.505
2020-10-16 13:35,330.795,208.29,289.22,221.055,259.78,230.815,200.735,175.59,168.175,236.975,170.2,171.205,127.27,105.185,101.96,148.475,128.405,113.2,144.89,120.07,125.955,145.315,73.37,79.805,49.7,40.215,50.295,54.46,58.25,37.5
2020-10-16 13:40,330.53,208.625,289.3,220.99,259.56,230.935,200.765,175.43,168.275,236.665,170.155,171.2,127.355,105.195,101.95,148.365,128.4,113.145,144.79,120.08,126.02,145.3,73.215,79.725,49.665,40.215,50.295,54.485,58.23,37.525
2020-10-16 13:45,331.02,208.655,289.14,221.13,259.71,230.795,200.9,175.53,168.325,236.915,170.26,171.235,127.465,105.27,101.91,148.485,128.41,113.04,144.805,120.235,126.01,145.315,73.33,79.69,49.695,40.275,50.285,54.565,58.215,37.53
2020-10-16 13:50,331.08,208.62,289.15,221.12,259.545,230.87,200.925,175.71,168.36,237.05,170.225,171.315,127.7,105.305,101.865,148.51,128.445,113.135,144.95,120.24,126.055,145.31,73.445,79.75,49.71,40.26,50.275,54.595,58.21,37.55
2020-10-16 13:55,330.995,208.67,288.995,220.84,259.145,230.745,200.795,175.48,168.47,236.97,169.98,171.29,127.66,105.315,101.91,148.48,128.41,113.22,144.925,120.055,126.0,145.2,73.48,79.805,49.675,40.215,50.225,54.61,58.205,37.535
2020-10-16 14:00,330.7,208.41,288.96,220.585,258.85,230.755,200.625,175.54,168.515,236.695,169.91,171.21,127.615,105.295,101.945,148.47,128.27,113.215,144.91,119.925,125.925,145.13,73.41,79.81,49.61,40.18,50.175,54.57,58.175,37.485
2020-10-16 14:05,330.9,208.655,289.425,220.905,259.315,230.895,201.03,175.65,168.685,237.03,169.985,171.435,127.685,105.395,102.005,148.55,128.3,113.275,145.04,120.065,126.06,145.14,73.465,79.84,49.64,40.235,50.195,54.65,58.225,37.545
2020-10-16 14:10,331.47,208.59,289.89,221.03,259.5,230.86,201.125,175.59,168.68,237.035,170.06,171.535,127.68,105.435,102.055,148.56,128.235,113.295,145.09,120.095,126.2,145.28,73.5,79.895,49.655,40.235,50.245,54.685,58.205,37.545
2020-10-16 14:15,331.41,208.515,289.815,221.005,259.29,230.705,201.1,175.73,168.59,237.08,169.94,171.525,127.615,105.485,102.17,148.59,128.2,113.33,145.09,120.065,126.185,145.215,73.49,79.82,49.64,40.215,50.24,54.68,58.19,37.49
2020-10-16 14:20,331.175,208.52,289.86,221.12,259.205,230.71,201.145,175.66,168.53,237.305,169.895,171.6,127.55,105.59,102.24,148.53,128.1,113.27,145.185,120.105,126.19,145.22,73.54,79.825,49.61,40.26,50.245,54.66,58.195,37.58
2020-10-16 14:25,331.15,208.61,290.13,221.25,259.42,230.745,201.325,175.71,168.845,237.24,169.92,171.74,127.475,105.585,102.19,148.52,128.08,113.325,145.155,120.145,126.34,145.19,73.39,79.805,49.595,40.24,50.235,54.655,58.205,37.595
2020-10-16 14:30,331.44,208.22,289.86,221.345,259.33,230.515,201.315,175.815,168.985,237.48,169.975,171.715,127.485,105.55,102.1,148.56,128.135,113.28,145.26,120.22,126.36,145.115,73.345,79.85,49.61,40.265,50.245,54.665,58.2,37.53
2020-10-16 14:35,331.24,208.275,289.95,221.565,259.545,230.82,201.255,175.7,168.88,237.485,170.035,171.675,127.615,105.49,102.105,148.475,128.05,113.325,145.25,120.315,126.37,145.165,73.34,79.815,49.525,40.275,50.245,54.67,58.175,37.55
2020-10-16 14:40,331.165,208.14,289.73,221.56,259.69,230.585,201.145,175.455,169.125,237.305,169.87,171.495,127.555,105.46,102.04,148.36,127.955,113.305,145.11,120.27,126.245,145.14,73.3,79.845,49.54,40.22,50.235,54.625,58.15,37.53
2020-10-16 14:45,331.755,207.98,289.705,221.49,259.59,230.575,201.125,175.545,168.865,237.23,169.805,171.37,127.41,105.45,101.97,148.32,127.98,113.19,145.075,120.215,126.235,145.075,73.205,79.865,49.48,40.195,50.21,54.595,58.13,37.505
2020-10-16 14:50,332.06,207.895,289.865,221.97,260.165,230.65,201.36,175.65,169.11,237.315,169.96,171.45,127.475,105.43,102.01,148.38,128.17,113.375,145.155,120.485,126.27,145.205,73.185,79.875,49.535,40.235,50.255,54.68,58.14,37.54
2020-10-16 14:55,332.185,207.855,290.1,221.71,260.165,230.715,201.475,175.71,169.39,237.48,169.93,171.345,127.55,105.505,102.04,148.455,128.25,113.46,145.2,120.395,126.28,145.205,73.235,79.93,49.555,40.25,50.275,54.685,58.2,37.55
2020-10-16 15:00,331.74,207.71,289.6,221.26,259.93,230.415,201.115,175.525,169.075,237.05,169.765,171.22,127.27,105.41,101.98,148.195,128.15,113.55,144.99,120.075,126.1,144.965,73.1,79.875,49.595,40.175,50.185,54.605,58.145,37.505
2020-10-16 15:05,331.235,207.74,289.585,221.1,259.565,230.295,201.1,175.49,169.065,236.985,169.705,171.09,127.31,105.345,101.985,148.12,128.01,113.71,144.975,120.02,126.085,144.805,73.18,79.815,49.565,40.16,50.155,54.595,58.105,37.41
2020-10-16 15:10,330.775,207.45,289.015,220.585,259.05,230.08,200.865,175.365,168.96,236.66,169.415,171.02,127.13,105.235,101.945,148.05,127.85,113.545,144.82,119.795,125.97,144.635,73.09,79.785,49.515,40.145,50.155,54.535,58.04,37.35
2020-10-16 15:15,330.815,207.4,288.97,220.79,259.07,230.225,201.005,175.355,168.96,236.59,169.525,171.155,127.025,105.295,101.985,148.015,127.92,113.465,144.695,119.93,126.02,144.625,73.01,79.85,49.505,40.165,50.125,54.555,58.065,37.335
2020-10-16 15:20,330.75,207.21,288.755,220.92,258.93,230.2,201.03,175.27,168.6,236.33,169.745,171.21,127.045,105.26,101.945,148.02,127.995,113.405,144.71,119.84,126.1,144.605,73.0,79.95,49.54,40.175,50.135,54.53,58.045,37.36
2020-10-16 15:25,330.95,207.06,288.625,221.025,259.29,230.09,201.12,175.29,168.635,236.63,169.72,171.23,127.04,105.225,101.9,148.07,128.05,113.445,144.69,119.9,126.095,144.59,73.025,79.945,49.58,40.195,50.135,54.575,58.05,37.465
2020-10-16 15:30,330.775,206.7,288.46,220.355,259.08,229.85,200.775,175.27,168.27,236.515,169.34,171.06,126.925,105.17,101.81,148.065,128.045,113.465,144.67,119.68,125.955,144.575,72.955,80.04,49.515,40.195,50.125,54.49,58.055,37.55
2020-10-16 15:35,330.6,206.6,288.365,220.28,258.97,229.54,200.63,175.265,167.81,236.5,169.035,170.96,126.91,105.03,101.69,148.07,127.985,113.325,144.745,119.695,125.7,144.605,72.905,80.0,49.475,40.185,50.105,54.46,58.025,37.65
2020-10-16 15:40,330.435,206.68,288.34,220.305,258.895,229.66,200.615,175.35,167.615,236.475,169.04,170.925,126.885,105.055,101.665,148.08,127.92,113.485,144.7,119.59,125.76,144.755,72.8,79.985,49.47,40.185,50.045,54.43,58.03,37.62
2020-10-16 15:45,330.21,206.355,288.3,220.15,258.895,229.88,200.56,175.19,167.775,236.485,168.905,170.915,126.945,104.935,101.57,148.14,127.99,113.505,144.735,119.41,125.795,144.775,72.935,80.05,49.425,40.19,50.075,54.395,58.025,37.58
2020-10-16 15:50,329.66,206.07,287.6,219.49,258.64,229.71,200.27,175.205,167.59,235.635,168.785,170.93,126.92,104.95,101.62,148.12,127.78,113.51,144.735,118.965,125.89,144.7,72.93,80.005,49.34,40.165,50.085,54.155,58.045,37.41
2020-10-16 15:55,330.07,206.33,287.74,219.76,258.61,229.445,200.3,174.87,167.4,235.9,168.865,171.01,126.86,104.95,101.52,148.15,128.015,113.42,144.41,118.98,125.92,144.76,72.865,79.875,49.305,40.165,50.03,54.165,58.055,37.42
2020-10-19 09:30,329.64,206.85,288.93,220.99,259.23,229.775,200.53,175.08,168.5,236.76,169.08,171.75,126.69,104.715,101.8,148.66,128.94,113.47,144.73,120.165,126.86,145.08,72.795,80.3,49.63,40.145,50.39,54.47,58.205,37.145
2020-10-19 09:35,329.285,206.73,289.3,221.74,260.05,229.16,200.38,174.62,167.435,236.61,168.725,171.44,126.81,104.695,101.53,148.675,128.86,113.2,145.07,119.875,126.88,145.165,72.72,80.31,49.34,39.985,50.475,54.535,58.205,37.05
2020-10-19 09:40,329.64,206.735,289.305,221.94,260.92,229.415,200.31,174.54,168.065,235.82,168.76,171.58,126.88,104.69,101.31,148.38,129.33,113.15,145.305,120.15,127.1,145.04,72.585,80.05,49.45,39.905,50.285,54.485,58.175,37.06
2020-10-19 09:45,330.115,207.075,289.175,221.04,260.85,229.59,200.045,174.65,167.99,235.9,168.64,171.72,126.69,104.775,101.265,148.1,129.2,113.4,145.115,120.02,126.855,145.12,72.86,79.935,49.4,39.935,50.305,54.415,58.14,37.26
2020-10-19 09:50,330.14,207.28,289.105,220.51,259.16,229.84,199.93,174.86,168.83,235.83,168.595,171.78,126.965,104.805,101.57,148.07,129.08,113.99,145.22,119.57,126.87,144.965,73.125,79.97,49.66,39.925,50.36,54.295,58.185,37.49
2020-10-19 09:55,329.31,207.56,288.955,220.205,258.355,228.995,199.6,174.325,167.73,235.445,168.63,171.845,126.77,104.425,101.5,147.995,129.37,114.0,144.875,119.55,126.725,145.17,73.06,79.96,49.81,39.875,50.315,54.325,58.21,37.55
2020-10-19 10:00,328.23,207.58,289.39,220.435,258.11,229.67,199.445,174.14,168.1,235.76,168.455,171.56,126.37,104.375,101.3,147.805,129.515,113.83,144.17,119.495,126.25,145.175,72.95,79.985,49.645,39.845,50.225,54.395,58.135,37.66
2020-10-19 10:05,327.76,206.02,288.82,219.91,257.02,229.06,199.14,173.845,167.03,235.395,167.955,171.26,125.95,103.875,100.745,147.54,129.475,113.405,144.38,118.99,126.27,144.975,72.84,79.895,49.45,39.755,50.195,54.365,58.15,37.48
2020-10-19 10:10,327.44,206.02,288.795,219.86,258.13,228.885,199.045,174.02,167.33,235.24,168.43,171.635,125.87,104.17,100.905,147.455,129.4,113.585,144.45,119.23,126.25,145.03,72.89,79.8,49.45,39.845,50.165,54.425,58.06,37.64
2020-10-19 10:15,327.66,206.26,289.35,219.935,258.8,229.22,199.145,174.44,167.875,235.235,169.035,171.97,126.08,104.415,101.04,147.53,129.715,113.9,144.49,119.18,126.505,144.97,73.185,79.845,49.83,39.815,50.235,54.41,58.12,37.655
2020-10-19 10:20,328.415,206.51,289.78,219.89,258.945,229.69,198.97,174.61,168.56,234.89,169.44,172.155,125.92,104.345,101.005,147.375,129.69,113.865,144.53,119.24,126.51,144.905,73.065,79.76,50.11,39.82,50.225,54.4,58.075,37.765
2020-10-19 10:25,328.845,206.425,289.94,220.205,259.62,230.11,199.26,174.485,168.64,234.9,169.43,172.11,126.115,104.435,101.06,147.275,129.73,113.91,144.61,119.49,126.545,144.875,72.94,79.62,50.11,39.82,50.205,54.425,58.065,37.71
2020-10-19 10:30,328.32,206.485,289.65,219.2,259.01,229.76,198.97,174.87,169.585,234.665,169.7,172.28,125.99,104.555,101.22,147.35,129.51,114.04,144.675,119.015,126.53,144.665,73.08,79.75,50.195,39.825,50.17,54.36,58.045,37.765
2020-10-19 10:35,327.075,206.34,289.08,218.73,258.315,229.685,198.58,174.815,169.58,234.22,169.58,172.18,125.775,104.505,101.235,147.155,129.365,114.06,144.34,118.585,126.32,144.585,73.07,79.685,50.2,39.66,50.045,54.165,57.955,37.695
2020-10-19 10:40,327.125,205.92,288.35,218.41,257.91,229.005,198.54,174.575,169.435,233.75,169.15,171.73,126.025,104.32,101.1,147.095,129.31,113.995,144.275,118.36,126.41,144.44,73.04,79.665,50.08,39.66,50.03,54.045,57.94,37.74
2020-10-19 10:45,326.91,206.22,288.18,218.365,258.05,229.215,198.655,174.425,169.84,233.77,169.12,171.4,125.95,104.32,101.145,147.0,129.28,113.895,144.035,118.69,126.5,144.27,73.035,79.64,50.15,39.71,50.035,54.035,57.83,37.7
2020-10-19 10:50,327.23,206.68,288.11,217.975,258.38,229.12,198.625,174.25,170.42,233.355,168.99,171.335,126.245,104.305,101.23,146.885,129.25,114.02,143.945,118.57,126.53,144.2,73.155,79.585,50.1,39.715,50.02,54.055,57.835,37.67
2020-10-19 10:55,326.98,207.19,288.37,218.285,259.09,229.57,198.66,174.88,170.6,233.655,169.05,171.755,126.555,104.48,101.305,146.935,129.215,114.31,143.9,118.85,126.73,144.04,73.16,79.545,50.23,39.8,50.095,54.165,57.845,37.675
2020-10-19 11:00,326.43,207.35,288.58,218.315,259.32,229.8,198.885,174.76,170.02,233.7,168.73,171.65,126.635,104.42,101.145,146.835,129.24,114.21,144.05,119.205,126.72,144.315,72.895,79.555,50.19,39.735,50.08,54.205,57.775,37.66
2020-10-19 11:05,326.22,206.885,288.83,218.135,259.43,229.745,198.66,174.565,169.93,233.645,168.565,171.49,126.36,104.105,100.8,146.795,129.24,113.87,143.995,119.315,126.53,144.32,72.775,79.4,50.13,39.66,49.995,54.135,57.705,37.57
2020-10-19 11:10,326.075,207.31,288.845,218.44,259.3,229.655,198.725,174.43,170.06,233.43,168.49,171.515,126.22,104.14,100.93,146.73,129.325,113.83,143.95,119.54,126.64,144.255,72.835,79.285,50.085,39.735,50.025,54.135,57.68,37.57
2020-10-19 11:15,326.535,207.21,289.07,218.265,259.55,229.59,198.785,174.175,169.78,233.41,168.23,171.43,126.06,104.025,100.86,146.74,129.33,113.71,143.96,119.335,126.55,144.34,72.755,79.29,49.925,39.735,50.055,54.09,57.665,37.56
2020-10-19 11:20,325.87,206.245,288.2,217.73,258.855,228.885,198.225,173.59,169.19,233.295,167.71,171.04,125.75,103.73,100.665,146.445,128.795,113.33,143.59,119.005,126.205,143.805,72.53,79.095,49.73,39.63,49.905,53.905,57.56,37.425
2020-10-19 11:25,326.315,206.535,288.69,218.045,259.585,229.05,198.34,173.87,169.565,234.66,167.98,171.17,125.81,103.945,100.94,146.745,128.845,113.45,143.7,119.12,126.22,144.03,72.575,79.175,49.78,39.705,49.95,54.005,57.685,37.415
2020-10-19 11:30,326.33,206.58,288.79,218.125,259.0,228.695,198.285,173.55,168.97,234.99,167.88,171.16,125.685,103.91,100.795,146.705,128.81,113.38,143.695,119.135,126.095,144.055,72.465,79.2,49.675,39.665,49.95,54.03,57.7,37.285
2020-10-19 11:35,326.625,206.865,289.41,218.615,259.52,229.015,198.65,173.67,168.74,234.775,167.965,171.08,125.8,103.9,100.835,146.885,128.915,113.36,143.975,119.335,126.4,144.205,72.545,79.26,49.675,39.725,50.015,54.105,57.795,37.33
2020-10-19 11:40,326.465,206.78,289.27,218.425,258.68,228.865,198.545,173.65,168.88,234.965,168.045,171.065,125.86,103.85,100.835,146.785,128.75,113.16,143.92,119.195,126.43,144.115,72.595,79.315,49.63,39.735,50.05,54.07,57.755,37.425
2020-10-19 11:45,326.28,206.78,289.11,218.075,258.39,228.845,198.445,173.635,169.005,234.895,168.04,171.23,125.76,103.77,100.78,146.66,128.745,112.95,143.88,119.05,126.22,144.065,72.55,79.295,49.63,39.7,50.04,54.025,57.755,37.375
2020-10-19 11:50,326.39,206.95,288.865,217.925,258.62,228.705,198.375,173.61,168.96,235.155,168.235,171.325,125.72,103.78,100.79,146.515,128.52,113.03,143.845,118.925,126.085,144.115,72.565,79.31,49.66,39.675,50.045,53.995,57.715,37.42
2020-10-19 11:55,326.755,206.82,288.655,217.99,258.76,228.73,198.57,173.62,169.38,235.165,168.32,171.415,125.735,103.82,100.84,146.54,128.495,113.355,143.865,118.76,126.175,144.085,72.625,79.345,49.7,39.69,50.065,54.045,57.75,37.45
2020-10-19 12:00,326.39,207.005,288.915,218.175,258.905,229.01,198.695,173.48,169.29,235.15,168.29,171.345,125.715,103.845,100.715,146.54,128.625,113.285,143.955,118.77,126.13,144.18,72.7,79.385,49.59,39.67,50.085,54.055,57.795,37.445
2020-10-19 12:05,326.41,206.75,288.905,217.95,258.4,229.12,198.825,173.46,169.48,235.84,168.33,171.38,125.645,103.835,100.67,146.51,128.64,113.375,143.93,118.765,126.18,144.215,72.71,79.505,49.675,39.745,50.065,54.04,57.8,37.49
2020-10-19 12:10,326.11,206.63,288.965,217.63,257.74,229.065,198.73,173.44,169.195,234.99,168.3,171.495,125.575,103.785,100.63,146.345,128.585,113.525,143.825,118.595,126.1,144.19,72.75,79.49,49.69,39.66,50.035,53.965,57.79,37.4
2020-10-19 12:15,326.765,206.78,289.135,217.645,258.02,229.135,198.84,173.49,168.75,235.06,168.14,171.33,125.45,103.785,100.65,146.32,128.51,113.59,143.85,118.62,126.065,144.17,72.74,79.465,49.74,39.61,50.055,53.965,57.715,37.4
2020-10-19 12:20,326.76,206.835,289.1,217.69,257.73,229.0,198.78,173.59,168.74,235.05,168.25,171.31,125.495,103.885,100.66,146.26,128.61,113.69,143.7,118.685,126.09,144.095,72.795,79.39,49.77,39.62,50.035,53.885,57.71,37.37
2020-10-19 12:25,326.415,206.755,288.92,217.64,257.75,228.81,198.81,173.62,168.69,234.815,168.185,171.255,125.43,103.825,100.655,146.205,128.605,113.58,143.65,118.8,126.055,144.045,72.755,79.37,49.755,39.625,50.005,53.975,57.725,37.375
2020-10-19 12:30,326.01,206.66,289.17,217.845,257.81,228.89,198.92,173.77,168.55,235.13,168.27,171.33,125.375,103.77,100.535,146.315,128.65,113.45,143.685,118.89,126.125,144.235,72.725,79.395,49.77,39.665,50.005,54.055,57.77,37.4
2020-10-19 12:35,325.745,206.8,288.91,217.995,257.97,228.76,198.835,173.525,168.52,235.155,168.24,171.065,125.32,103.7,100.46,146.27,128.755,113.4,143.695,118.94,126.12,144.18,72.59,79.325,49.71,39.67,50.005,54.09,57.765,37.37
2020-10-19 12:40,325.74,206.94,289.43,218.22,258.14,228.975,198.89,173.49,168.75,235.835,168.505,171.24,125.38,103.795,100.47,146.43,128.885,113.385,143.81,119.0,126.26,144.335,72.6,79.36,49.775,39.69,50.055,54.135,57.815,37.415
2020-10-19 12:45,325.13,207.43,289.365,218.04,258.41,228.97,198.625,173.78,168.775,235.995,168.665,171.48,125.295,103.695,100.36,146.405,128.95,113.445,143.765,118.98,126.3,144.355,72.53,79.395,49.77,39.715,50.045,54.14,57.785,37.39
2020-10-19 12:50,325.235,207.3,289.27,218.07,258.21,228.855,198.455,173.845,168.45,235.255,168.63,171.705,125.33,103.655,100.38,146.385,128.96,113.36,143.77,118.725,126.215,144.38,72.555,79.395,49.69,39.705,50.065,54.145,57.77,37.43
2020-10-19 12:55,325.4,207.49,289.29,218.095,258.4,228.9,198.505,173.93,168.62,235.805,168.67,171.71,125.43,103.635,100.375,146.45,128.965,113.29,143.76,118.765,126.16,144.33,72.51,79.445,49.685,39.72,50.04,54.145,57.77,37.415
2020-10-19 13:00,325.235,207.39,288.745,217.725,258.28,228.645,198.365,173.735,168.49,235.77,168.53,171.315,125.345,103.5,100.275,146.295,128.735,113.22,143.58,118.635,126.02,144.255,72.38,79.395,49.58,39.695,50.005,54.105,57.765,37.355
2020-10-19 13:05,325.5,207.455,288.66,217.795,258.22,228.555,198.455,173.73,168.7,235.805,168.525,171.275,125.405,103.49,100.255,146.275,128.695,113.15,143.545,118.67,126.04,144.165,72.375,79.405,49.58,39.69,50.005,54.135,57.72,37.32
2020-10-19 13:10,325.62,207.7,288.8,218.125,258.455,228.715,198.86,173.755,168.815,235.67,168.58,171.3,125.51,103.58,100.32,146.25,128.84,113.135,143.57,118.775,126.14,144.25,72.36,79.435,49.6,39.735,50.015,54.18,57.735,37.305
2020-10-19 13:15,325.9,207.63,288.64,218.015,258.51,228.7,198.88,173.73,168.54,235.15,168.445,171.045,125.48,103.69,100.31,146.16,128.77,113.02,143.48,118.805,126.145,144.365,72.29,79.44,49.555,39.745,49.995,54.145,57.74,37.255
2020-10-19 13:20,325.835,207.62,288.77,218.0,258.185,228.705,198.835,173.615,168.43,234.665,168.45,171.06,125.46,103.72,100.4,146.155,128.77,112.985,143.485,118.84,126.11,144.42,72.135,79.435,49.59,39.715,50.005,54.12,57.735,37.27
2020-10-19 13:25,325.89,207.525,288.81,217.82,258.12,228.6,198.905,173.625,168.435,234.445,168.18,171.07,125.41,103.625,100.37,146.1,128.805,112.975,143.425,118.7,126.095,144.36,72.1,79.365,49.585,39.665,49.975,54.075,57.715,37.305
2020-10-19 13:30,325.41,206.95,288.2,217.55,257.87,228.255,198.615,173.5,167.935,233.97,168.09,170.7,125.29,103.53,100.235,145.765,128.64,112.675,143.28,118.545,125.92,144.12,71.935,79.2,49.465,39.64,49.945,54.035,57.65,37.245
2020-10-19 13:35,325.38,207.055,288.27,217.44,257.675,228.225,198.715,173.435,168.105,233.84,168.09,170.695,125.28,103.59,100.24,145.715,128.625,112.635,143.255,118.48,125.92,144.235,72.1,79.185,49.505,39.64,49.955,54.015,57.635,37.27
2020-10-19 13:40,325.13,207.11,288.19,217.405,257.6,228.1,198.75,173.345,168.14,233.705,168.23,170.8,125.215,103.65,100.165,145.6,128.425,112.745,143.15,118.475,125.88,144.18,72.1,79.205,49.485,39.645,49.935,53.99,57.6,37.32
2020-10-19 13:45,324.83,207.32,287.65,216.93,257.15,227.95,198.645,173.4,168.355,233.425,168.165,170.775,125.09,103.635,100.19,145.48,128.295,112.77,142.955,117.9,125.975,144.045,72.055,79.155,49.445,39.665,49.895,54.7,57.575,37.265
2020-10-19 13:50,324.64,207.505,287.42,216.78,256.77,227.87,198.47,173.41,168.47,233.105,168.225,170.615,125.07,103.665,100.21,145.28,128.34,112.85,142.915,117.88,125.99,143.94,72.15,79.075,49.375,39.67,49.875,55.02,57.57,37.25
2020-10-19 13:55,324.71,207.45,287.55,216.87,257.085,227.78,198.655,173.465,168.425,233.05,168.34,170.62,125.105,103.645,100.255,145.085,128.245,112.56,142.855,118.03,126.14,144.025,72.14,78.95,49.4,39.695,49.885,55.625,57.555,37.235
2020-10-19 14:00,324.29,207.075,286.93,216.49,256.92,227.55,198.42,173.12,168.045,232.885,168.04,170.43,124.955,103.495,100.145,144.86,128.12,112.48,142.73,117.805,125.865,143.925,72.02,78.915,49.31,39.645,49.815,55.44,57.515,37.115
2020-10-19 14:05,324.705,207.21,287.34,216.76,257.34,227.645,198.555,173.06,168.145,233.6,168.0,170.505,125.01,103.505,100.28,145.04,128.14,112.425,142.86,117.645,125.96,144.005,72.07,79.045,49.325,39.66,49.89,55.475,57.515,37.125
2020-10-19 14:10,325.14,207.29,287.79,217.03,257.52,227.93,198.8,173.1,168.325,233.58,168.26,170.49,125.04,103.52,100.35,145.175,128.225,112.525,143.04,117.905,126.125,144.16,72.17,79.085,49.375,39.705,49.905,55.425,57.555,37.185
2020-10-19 14:15,324.78,207.175,287.455,217.05,257.42,227.855,198.76,173.0,168.27,233.47,168.325,170.4,125.125,103.475,100.37,145.305,128.25,112.65,143.03,117.955,126.29,144.16,72.18,79.125,49.4,39.705,49.925,55.265,57.565,37.215
2020-10-19 14:20,325.0,207.13,287.65,217.135,257.56,227.86,198.82,173.045,168.28,233.4,168.445,170.59,125.18,103.545,100.35,145.32,128.27,112.795,143.125,117.95,126.355,144.185,72.215,79.125,49.425,39.69,49.925,55.115,57.545,37.225
2020-10-19 14:25,325.12,207.145,287.52,217.045,257.72,227.72,198.835,173.03,168.225,233.1,168.6,170.65,125.195,103.54,100.375,145.225,128.2,112.63,143.09,117.825,126.41,144.055,72.19,79.145,49.455,39.675,49.93,55.025,57.525,37.205
2020-10-19 14:30,324.26,206.34,286.73,216.37,257.125,227.165,198.19,172.44,167.735,232.54,168.23,170.14,124.84,103.24,100.095,145.04,127.915,112.67,142.71,117.495,126.095,143.765,71.91,78.96,49.265,39.55,49.785,54.795,57.405,37.135
2020-10-19 14:35,324.11,206.06,286.22,216.085,256.41,227.035,198.06,172.22,167.68,232.515,167.925,170.06,124.655,103.16,100.03,144.875,127.66,112.41,142.315,117.13,125.88,143.67,71.85,78.85,49.2,39.525,49.76,54.745,57.42,37.185
2020-10-19 14:40,323.78,206.03,286.12,215.945,256.57,226.915,197.805,172.01,167.355,232.255,167.69,169.935,124.525,103.0,99.92,144.685,127.7,112.365,142.105,117.19,125.8,143.55,71.785,78.79,49.04,39.495,49.705,54.645,57.34,37.165
2020-10-19 14:45,323.22,205.27,285.49,215.635,256.22,226.45,197.455,171.69,166.84,232.27,167.375,169.73,124.3,102.745,99.69,144.65,127.55,112.15,141.99,117.085,125.63,143.32,71.675,78.745,48.965,39.435,49.645,54.5,57.275,37.15
2020-10-19 14:50,323.31,205.505,285.02,215.495,256.125,226.51,197.35,171.75,166.77,232.285,167.365,169.45,124.29,102.87,99.775,144.745,127.525,112.12,141.87,117.155,125.575,143.23,71.72,78.695,48.97,39.405,49.655,54.515,57.265,37.085
2020-10-19 14:55,322.83,205.14,284.96,215.19,255.88,226.095,197.155,171.485,166.49,232.12,167.25,169.375,124.075,102.665,99.7,144.675,127.505,112.02,141.79,116.85,125.415,143.12,71.575,78.57,48.865,39.33,49.58,54.385,57.22,37.02
2020-10-19 15:00,322.62,205.06,284.57,214.5,255.23,225.825,196.93,171.36,166.375,231.52,167.06,169.1,123.89,102.585,99.7,144.555,127.29,111.99,141.755,116.62,125.27,142.99,71.5,78.41,48.81,39.285,49.555,54.34,57.21,37.01
2020-10-19 15:05,322.66,205.075,284.56,214.505,255.32,226.06,197.04,171.595,166.61,231.49,167.37,169.3,123.99,102.6,99.82,144.695,127.415,111.98,141.885,116.605,125.465,143.015,71.735,78.52,48.86,39.345,49.605,54.345,57.215,36.99
2020-10-19 15:10,322.67,205.34,284.775,214.91,255.68,226.385,197.215,171.58,167.045,231.725,167.42,169.48,124.175,102.63,99.935,144.765,127.59,112.09,141.81,116.76,125.63,143.25,71.745,78.505,48.895,39.375,49.625,54.415,57.26,37.025
2020-10-19 15:15,322.26,205.04,284.32,214.315,255.38,225.84,196.875,171.375,166.6,231.285,167.165,169.25,124.0,102.4,99.8,144.48,127.435,111.82,141.715,116.475,125.48,143.04,71.58,78.43,48.83,39.315,49.555,54.375,57.215,36.98
2020-10-19 15:20,322.15,204.84,283.95,213.77,254.59,225.65,196.55,171.295,166.475,231.32,167.02,169.04,123.84,102.285,99.77,144.465,127.19,111.94,141.65,116.185,125.385,142.94,71.585,78.48,48.77,39.3,49.535,54.355,57.22,36.97
2020-10-19 15:25,322.98,205.275,284.685,214.255,255.03,226.13,196.89,171.575,166.915,231.92,167.175,169.29,124.22,102.465,99.89,144.78,127.455,112.05,142.0,116.365,125.55,143.2,71.69,78.565,48.85,39.365,49.625,54.53,57.27,37.025
2020-10-19 15:30,323.74,205.325,284.77,214.89,255.355,226.11,197.0,171.66,166.905,232.04,167.435,169.43,124.16,102.46,99.86,144.89,127.425,111.99,142.08,116.575,125.58,143.23,71.67,78.55,48.88,39.345,49.615,54.56,57.28,37.015
2020-10-19 15:35,323.98,205.67,285.125,215.315,255.655,226.145,197.39,171.945,167.35,231.97,167.965,169.71,124.205,102.645,99.99,144.71,127.485,112.25,142.175,116.845,125.86,143.395,71.665,78.515,48.98,39.375,49.625,54.725,57.305,37.065
2020-10-19 15:40,323.89,205.345,284.57,214.58,255.205,225.675,197.245,171.87,167.23,231.345,167.82,169.7,124.08,102.455,99.91,144.52,127.52,112.19,141.765,116.62,125.65,143.2,71.48,78.475,48.98,39.365,49.52,54.55,57.235,37.005
2020-10-19 15:45,324.35,205.495,284.68,214.745,255.28,225.875,197.15,171.86,167.365,231.25,167.765,169.82,124.025,102.625,99.85,144.495,127.425,112.185,141.75,116.36,125.78,143.19,71.425,78.55,49.05,39.355,49.575,54.635,57.215,36.975
2020-10-19 15:50,323.365,205.24,283.52,213.785,254.595,225.235,196.59,171.47,166.98,230.38,167.38,169.165,123.945,102.315,99.69,144.25,127.1,111.97,141.355,115.685,125.095,142.79,71.295,78.485,48.84,39.175,49.475,54.505,57.085,36.85
2020-10-19 15:55,324.1,205.55,283.74,214.29,255.11,226.035,196.73,171.53,167.1,230.67,167.62,169.525,124.21,102.43,99.68,144.24,127.395,112.21,141.79,116.03,125.495,142.88,71.245,78.64,48.81,39.325,49.595,54.595,57.315,36.965
2020-10-20 09:30,324.58,207.34,284.95,215.5,257.84,227.14,197.97,173.1,168.225,231.24,168.24,170.49,124.58,102.99,100.735,144.55,128.06,115.135,144.25,116.375,119.0,143.875,71.84,78.53,49.44,39.105,49.84,54.23,57.5,36.905
2020-10-20 09:35,324.59,206.985,285.72,215.25,257.79,227.3,198.85,173.4,168.875,231.055,168.385,170.47,125.01,103.475,100.785,144.985,128.17,115.345,144.055,115.85,118.71,143.87,72.085,78.86,49.63,39.27,49.925,53.975,57.56,36.74
2020-10-20 09:40,325.45,207.205,285.53,215.71,258.02,227.51,199.07,173.34,168.29,230.95,168.68,170.775,124.995,104.03,100.95,145.03,128.52,115.51,144.485,116.225,118.78,144.11,72.225,78.765,49.7,39.2,50.03,54.15,57.555,36.935
2020-10-20 09:45,324.93,207.49,286.36,215.84,258.48,227.51,198.95,173.3,167.5,230.965,168.71,171.11,124.91,103.945,100.735,144.78,128.825,115.395,144.86,116.555,117.73,144.16,71.9,78.68,49.74,39.32,50.185,53.865,57.435,36.945
2020-10-20 09:50,325.94,208.41,286.23,215.655,258.375,227.79,198.73,173.92,168.09,230.99,168.94,171.01,124.96,103.86,100.87,144.87,128.925,115.685,144.76,116.22,117.46,144.06,71.925,78.66,49.73,39.215,50.195,53.785,57.31,36.94
2020-10-20 09:55,327.21,209.115,287.06,216.665,258.19,227.95,198.94,174.12,167.9,231.21,169.16,171.07,125.39,104.02,101.075,145.2,129.17,115.44,144.585,117.03,117.435,144.38,71.875,78.67,49.74,39.37,50.245,54.02,57.32,37.17
2020-10-20 10:00,327.56,208.79,287.22,216.8,257.48,228.14,199.055,173.72,167.62,230.59,169.09,171.06,125.2,104.01,101.06,145.465,129.26,115.79,145.02,117.175,117.405,144.4,71.7,78.72,49.615,39.29,50.325,54.01,57.445,37.07
2020-10-20 10:05,327.29,209.41,286.955,217.01,257.76,227.95,198.83,173.5,166.955,231.885,168.93,171.16,124.98,104.04,100.98,145.585,128.895,115.41,144.97,117.43,117.6,144.49,71.57,78.71,49.495,39.315,50.355,54.105,57.315,37.025
2020-10-20 10:10,328.14,208.85,287.235,217.175,258.315,228.225,199.07,173.35,166.53,231.875,169.18,171.42,124.88,103.935,100.82,145.55,128.91,114.61,145.24,117.26,117.33,144.575,71.405,78.72,49.53,39.25,50.375,54.095,57.235,37.035
2020-10-20 10:15,327.74,208.87,287.27,216.84,257.68,228.07,199.055,173.78,166.71,231.585,169.225,171.145,124.66,103.965,100.855,145.53,128.85,114.4,145.06,117.2,117.23,144.63,71.37,78.63,49.66,39.23,50.295,53.935,57.275,37.03
2020-10-20 10:20,327.21,208.69,286.96,216.27,256.8,227.745,198.44,173.8,166.95,231.89,169.49,171.125,124.53,103.875,100.81,145.2,128.895,114.415,144.945,117.195,117.485,144.705,71.495,78.54,49.56,39.265,50.285,54.025,57.175,37.095
2020-10-20 10:25,326.89,208.87,286.89,215.995,256.43,227.665,198.285,174.15,167.32,231.62,169.61,171.465,124.35,103.865,100.955,145.125,129.11,114.62,144.9,116.88,117.57,144.57,71.58,78.545,49.655,39.29,50.235,54.035,57.19,37.235
2020-10-20 10:30,326.255,209.08,287.09,216.095,256.84,227.555,198.28,173.89,167.305,231.69,169.41,171.04,124.2,103.685,100.74,145.04,129.105,114.835,144.815,117.095,117.545,144.63,71.46,78.41,49.77,39.27,50.29,54.025,57.105,37.235
2020-10-20 10:35,325.42,209.05,287.2,215.565,256.45,227.74,198.05,174.39,167.39,231.53,169.695,171.465,124.28,103.595,100.505,145.01,129.05,115.2,144.78,116.89,117.86,144.63,71.47,78.43,49.895,39.285,50.355,54.095,57.07,37.165
2020-10-20 10:40,326.335,209.3,287.42,214.96,256.005,228.035,197.945,174.72,167.47,231.03,170.04,171.78,124.41,103.605,100.835,145.195,129.105,115.86,145.21,116.79,117.845,144.725,71.7,78.55,50.005,39.3,50.455,54.135,57.045,37.235
2020-10-20 10:45,326.105,209.43,287.33,214.445,255.86,228.03,197.735,174.69,167.77,231.19,169.905,171.81,124.105,103.58,100.895,145.23,129.13,116.3,145.445,116.375,117.775,144.7,71.685,78.41,50.14,39.235,50.51,54.175,57.03,37.255
2020-10-20 10:50,326.585,209.47,287.7,214.545,255.57,228.24,197.86,174.7,168.01,231.27,170.045,171.79,124.245,103.675,101.015,145.435,129.375,116.06,145.29,116.415,117.78,144.845,71.78,78.465,50.04,39.205,50.52,54.155,57.055,37.32
2020-10-20 10:55,326.13,209.47,287.18,214.04,255.1,227.81,197.45,174.66,167.9,230.955,169.81,171.595,124.065,103.17,100.73,145.035,128.93,116.74,144.85,116.4,117.41,144.565,71.625,78.265,49.995,39.085,50.335,54.03,56.96,37.205
2020-10-20 11:00,325.55,208.92,286.035,213.44,254.63,227.48,196.945,174.04,167.2,230.295,169.07,171.34,123.69,103.16,100.615,144.69,128.58,115.52,144.1,116.175,117.34,144.265,71.385,78.24,49.92,39.085,50.215,53.845,56.91,37.245
2020-10-20 11:05,326.03,209.38,286.27,213.72,254.96,227.585,197.19,174.255,167.37,230.48,169.38,171.48,124.02,103.205,100.555,144.755,128.905,115.685,144.185,116.485,117.265,144.325,71.425,78.35,49.895,39.085,50.135,53.955,56.89,37.225
2020-10-20 11:10,326.07,209.095,286.295,214.2,255.4,227.48,197.095,174.125,167.045,230.3,169.305,171.48,123.99,102.995,100.45,144.715,128.905,115.59,143.885,116.58,117.51,144.47,71.24,78.35,49.785,39.065,50.06,53.975,56.85,37.105
2020-10-20 11:15,326.33,209.61,286.55,214.46,255.785,227.645,197.15,174.21,167.3,230.22,169.27,171.54,124.24,103.04,100.395,144.695,128.91,115.88,143.935,116.81,117.49,144.625,71.225,78.33,49.77,39.075,50.08,54.0,56.8,37.105
2020-10-20 11:20,326.84,208.93,286.535,214.63,255.39,227.945,197.365,174.14,167.39,230.15,169.27,171.72,124.35,103.045,100.35,144.775,129.02,116.065,143.79,116.87,117.525,144.62,71.325,78.3,49.74,39.09,50.075,53.995,56.925,37.155
2020-10-20 11:25,326.085,209.1,286.37,214.34,254.755,227.9,197.555,174.3,167.35,230.46,169.35,171.695,124.57,103.06,100.41,144.65,129.305,116.73,143.765,116.72,117.495,144.585,71.47,78.28,49.825,39.055,50.045,53.865,56.925,37.1
2020-10-20 11:30,325.875,209.31,286.095,214.125,254.29,227.68,197.345,174.21,167.235,230.235,169.23,171.705,124.61,103.08,100.38,144.63,129.275,116.69,143.55,116.495,118.025,144.375,71.6,78.325,49.715,39.075,50.06,53.76,56.955,37.055
2020-10-20 11:35,325.94,209.55,286.86,214.4,254.895,228.055,197.245,174.5,167.355,230.305,169.01,171.835,124.745,103.01,100.35,144.485,129.4,117.045,143.205,116.655,117.97,144.405,71.615,78.21,49.665,39.07,50.075,53.785,56.945,37.065
2020-10-20 11:40,325.99,209.2,287.105,214.68,255.125,228.16,197.345,174.58,167.24,230.2,169.505,171.87,124.67,103.075,100.28,144.61,129.63,117.21,143.195,116.77,118.125,144.585,71.515,78.205,49.685,39.095,50.125,53.745,56.985,37.085
2020-10-20 11:45,326.24,209.6,287.56,214.825,255.55,228.545,197.675,174.585,167.1,230.42,169.5,171.85,124.73,103.09,100.32,144.765,129.675,117.16,143.17,116.92,118.12,144.68,71.395,78.245,49.68,39.12,50.145,53.725,56.995,37.1
2020-10-20 11:50,326.25,209.47,287.73,214.905,255.725,228.46,197.665,174.41,167.14,230.25,169.29,171.875,124.8,103.12,100.47,144.815,129.58,117.11,143.055,117.04,118.24,144.615,71.32,78.27,49.645,39.15,50.22,53.73,57.075,37.105
2020-10-20 11:55,326.375,209.265,287.51,214.93,256.03,228.42,198.075,174.52,167.13,230.595,169.19,171.65,124.705,103.125,100.35,144.815,129.51,116.84,143.075,117.175,118.22,144.555,71.245,78.31,49.62,39.115,50.205,53.765,57.095,37.105
2020-10-20 12:00,326.585,209.325,287.51,215.04,256.32,228.65,198.14,174.76,167.19,231.025,169.195,171.9,124.63,103.16,100.45,144.97,129.49,116.565,142.88,117.16,118.055,144.64,71.275,78.375,49.62,39.16,50.245,53.815,57.19,37.105
2020-10-20 12:05,326.31,209.335,287.265,214.84,255.86,228.7,198.02,174.85,167.3,230.8,169.2,171.84,124.445,103.18,100.415,144.955,129.395,116.75,142.67,117.055,118.39,144.665,71.28,78.38,49.67,39.15,50.225,53.715,57.185,37.085
2020-10-20 12:10,326.315,209.305,287.38,215.11,255.965,228.79,198.07,174.705,167.215,230.78,169.245,171.86,124.4,103.195,100.435,144.865,129.47,116.705,142.815,117.205,118.16,144.765,71.2,78.335,49.67,39.145,50.225,53.735,57.2,37.095
2020-10-20 12:15,326.23,209.23,287.54,215.24,256.08,228.695,198.185,174.6,167.285,231.04,169.045,171.705,124.42,103.145,100.425,144.98,129.425,116.535,142.825,117.305,118.34,144.86,71.18,78.355,49.59,39.1,50.255,53.655,57.155,37.105
2020-10-20 12:20,325.96,209.03,287.69,215.16,256.105,228.6,198.15,174.525,166.735,230.99,168.86,171.7,124.42,103.07,100.27,144.95,129.44,116.435,142.815,117.43,118.23,144.97,71.105,78.335,49.525,39.145,50.285,53.665,57.215,37.105
2020-10-20 12:25,326.14,208.99,287.65,214.85,256.175,228.47,198.015,174.54,166.6,230.74,168.855,171.73,124.22,103.04,100.23,144.86,129.45,116.645,142.79,117.39,118.21,144.925,71.05,78.29,49.495,39.12,50.235,53.65,57.225,37.105
2020-10-20 12:30,327.525,209.82,288.185,215.895,256.655,229.25,198.695,175.21,167.25,231.92,169.7,172.52,124.775,103.505,100.795,145.405,129.74,117.38,143.31,118.13,118.48,145.21,71.52,78.54,49.7,39.285,50.44,53.83,57.42,37.25
2020-10-20 12:35,326.77,209.48,288.36,215.58,256.29,228.86,198.495,175.23,167.39,231.765,169.78,172.48,124.525,103.495,100.875,145.22,129.57,117.73,143.075,118.04,118.22,145.195,71.45,78.36,49.665,39.27,50.385,53.745,57.375,37.295
2020-10-20 12:40,327.04,209.63,288.38,215.62,256.29,229.02,198.66,175.1,167.89,231.565,169.945,172.52,124.645,103.505,100.94,145.4,129.64,117.845,143.06,118.49,118.13,145.285,71.475,78.34,49.655,39.295,50.415,53.855,57.415,37.305
2020-10-20 12:45,326.41,209.45,288.27,215.48,255.62,228.865,198.81,174.98,168.405,231.53,169.83,172.205,124.5,103.435,100.905,145.31,129.565,117.67,142.97,118.245,118.43,145.215,71.305,78.28,49.63,39.305,50.375,53.925,57.315,37.265
2020-10-20 12:50,326.23,209.62,288.11,215.245,255.415,228.625,198.56,174.99,168.42,231.485,169.83,172.12,124.485,103.5,101.025,145.15,129.515,117.675,142.685,117.965,118.43,145.175,71.345,78.38,49.625,39.285,50.335,53.865,57.185,37.27
2020-10-20 12:55,326.405,210.03,288.26,215.335,255.46,228.76,198.565,174.88,168.615,231.315,170.185,172.14,124.725,103.77,101.2,145.15,129.545,117.68,142.6,118.17,118.38,144.98,71.53,78.345,49.67,39.285,50.365,53.855,57.195,37.27
2020-10-20 13:00,326.32,209.85,288.475,215.49,255.82,228.9,198.535,175.1,168.64,231.24,170.07,172.305,124.96,103.83,101.21,145.17,129.54,117.66,142.54,118.28,118.175,144.91,71.54,78.305,49.65,39.3,50.345,53.865,57.205,37.175
2020-10-20 13:05,326.3,210.025,288.67,215.51,255.59,228.975,198.535,175.035,168.365,231.285,170.09,172.31,124.88,103.96,101.165,145.11,129.545,117.73,142.41,118.31,118.055,144.8,71.385,78.32,49.68,39.33,50.315,53.875,57.235,37.17
2020-10-20 13:10,326.66,210.2,288.87,216.05,256.105,229.265,198.81,175.205,168.335,231.905,170.29,172.45,124.995,104.065,101.145,145.225,129.675,117.49,142.685,118.575,118.45,144.96,71.515,78.33,49.64,39.34,50.395,53.915,57.295,37.18
2020-10-20 13:15,327.215,210.29,288.965,216.195,256.46,229.375,198.85,175.19,168.16,232.13,170.52,172.45,125.08,104.03,101.2,145.3,129.57,117.43,142.77,118.55,118.53,145.105,71.27,78.335,49.635,39.375,50.395,53.895,57.35,37.24
2020-10-20 13:20,327.79,210.55,289.555,216.365,256.645,229.945,199.175,175.365,168.305,232.47,170.905,172.92,125.25,104.265,101.41,145.51,129.82,117.81,143.27,118.57,118.585,145.435,71.36,78.475,49.755,39.46,50.485,53.915,57.465,37.325
2020-10-20 13:25,327.91,210.695,289.42,216.45,257.13,229.855,199.16,175.64,168.1,232.61,170.975,173.07,125.225,104.435,101.55,145.61,129.8,117.62,143.4,118.52,118.575,145.505,71.51,78.54,49.8,39.435,50.515,53.925,57.47,37.325
2020-10-20 13:30,327.75,210.855,289.355,216.59,257.245,229.525,199.36,175.285,168.25,232.575,171.08,172.94,125.18,104.525,101.64,145.58,129.77,117.575,143.205,118.655,118.375,145.425,71.48,78.525,49.78,39.445,50.505,53.895,57.415,37.35
2020-10-20 13:35,327.735,211.225,289.57,216.73,257.48,229.67,199.48,175.09,168.25,232.495,171.04,172.84,125.26,104.575,101.675,145.63,129.72,117.585,143.19,118.92,118.425,145.33,71.595,78.55,49.775,39.475,50.535,53.995,57.425,37.375
2020-10-20 13:40,327.29,211.19,289.535,216.46,257.255,229.565,199.4,175.355,168.155,232.395,171.16,172.88,125.295,104.545,101.66,145.665,129.755,117.585,143.17,118.71,118.395,145.33,71.665,78.675,49.815,39.455,50.545,53.925,57.495,37.43
2020-10-20 13:45,327.19,210.915,289.645,216.725,257.745,229.805,199.575,175.23,167.965,232.385,171.175,172.95,125.27,104.455,101.625,145.52,129.805,117.725,143.125,118.95,118.35,145.32,71.575,78.605,49.78,39.425,50.47,53.945,57.465,37.41
2020-10-20 13:50,326.695,210.52,289.49,216.37,257.76,229.66,199.38,175.04,167.885,232.195,170.93,172.57,125.175,104.405,101.555,145.44,129.73,117.605,143.175,118.77,118.325,145.03,71.54,78.51,49.77,39.405,50.475,53.885,57.42,37.375
2020-10-20 13:55,326.39,210.26,288.68,216.08,257.64,229.11,199.2,174.6,167.54,231.98,170.435,172.105,125.105,104.315,101.41,145.145,129.635,117.39,142.705,118.32,118.265,144.84,71.44,78.39,49.705,39.355,50.345,53.775,57.35,37.385
2020-10-20 14:00,326.245,209.95,288.675,216.06,257.95,229.275,199.04,174.75,167.63,231.65,170.17,172.08,125.19,104.195,101.395,145.23,129.745,117.55,142.975,118.235,118.165,144.815,71.695,78.395,49.71,39.325,50.385,53.73,57.335,37.395
2020-10-20 14:05,326.23,209.825,288.4,216.285,258.36,229.16,198.985,174.56,167.475,231.49,170.17,172.01,125.325,104.045,101.235,145.16,129.615,117.67,142.93,118.06,118.12,144.8,71.59,78.37,49.66,39.305,50.395,53.755,57.29,37.475
2020-10-20 14:10,326.33,209.9,288.62,216.93,258.545,229.345,199.175,174.65,167.535,231.89,170.125,171.78,125.54,104.065,101.23,145.24,129.7,117.8,143.02,118.325,118.075,144.875,71.695,78.41,49.67,39.36,50.42,53.795,57.37,37.565
2020-10-20 14:15,326.555,209.94,288.9,216.865,258.82,229.38,199.26,174.77,167.855,232.03,170.065,172.0,125.655,104.23,101.29,145.27,129.695,117.94,143.125,118.345,118.04,144.795,71.825,78.47,49.685,39.36,50.465,53.885,57.405,37.625
2020-10-20 14:20,326.25,210.12,288.34,216.505,258.56,229.045,199.09,174.65,167.74,231.52,170.025,171.9,125.595,104.22,101.365,145.19,129.59,117.92,143.12,118.1,117.89,144.725,71.94,78.445,49.67,39.31,50.445,53.775,57.375,37.605
2020-10-20 14:25,326.335,209.75,288.1,216.29,258.3,228.705,198.9,174.25,167.66,231.55,170.0,171.77,125.495,104.035,101.145,144.995,129.435,117.565,143.055,118.06,117.77,144.59,71.945,78.435,49.665,39.265,50.39,53.755,57.305,37.575
2020-10-20 14:30,326.55,209.78,288.215,216.52,258.35,228.62,198.985,174.395,167.725,231.72,169.85,171.77,125.55,104.11,101.27,145.05,129.5,117.785,142.99,118.155,117.92,144.605,72.19,78.48,49.69,39.305,50.395,53.795,57.375,37.605
2020-10-20 14:35,326.175,209.4,287.98,216.415,258.35,228.465,198.925,174.38,167.535,231.85,169.69,171.29,125.545,104.02,101.11,145.09,129.355,117.39,142.995,118.13,117.705,144.6,72.065,78.505,49.665,39.285,50.355,53.795,57.335,37.605
2020-10-20 14:40,326.4,209.77,287.98,216.595,258.5,228.47,198.92,174.32,167.43,231.925,169.55,171.335,125.6,103.97,101.13,145.145,129.365,117.39,143.005,118.24,117.575,144.535,72.1,78.55,49.605,39.285,50.39,53.835,57.36,37.66
2020-10-20 14:45,326.03,209.51,287.46,216.22,258.295,228.31,198.71,174.22,167.395,231.94,169.42,171.475,125.47,103.955,101.065,144.955,129.225,117.32,142.805,118.0,117.47,144.435,72.06,78.515,49.54,39.245,50.355,53.735,57.28,37.635
2020-10-20 14:50,325.64,209.33,287.73,215.99,258.1,228.19,198.575,174.125,167.185,232.14,169.14,171.33,125.61,103.89,100.94,144.845,129.06,117.44,142.73,117.9,117.31,144.365,71.98,78.45,49.49,39.215,50.335,53.725,57.265,37.595
2020-10-20 14:55,325.66,209.37,287.6,216.16,258.16,228.155,198.72,174.1,167.26,232.425,169.14,171.35,125.655,103.745,100.86,144.86,128.79,117.66,142.825,117.985,117.385,144.385,71.985,78.47,49.495,39.24,50.375,53.745,57.27,37.61
2020-10-20 15:00,326.55,209.57,287.75,216.605,258.375,228.15,198.9,174.115,167.42,232.71,169.545,171.44,125.705,103.835,100.93,144.93,128.855,118.035,142.72,118.345,117.37,144.36,72.135,78.495,49.545,39.285,50.37,53.815,57.29,37.67
2020-10-20 15:05,325.175,208.79,286.24,215.23,256.8,227.7,197.92,173.37,166.715,232.1,169.045,170.75,125.15,103.375,100.47,144.54,128.43,117.88,142.155,117.35,117.155,143.915,71.73,78.33,49.36,39.18,50.175,53.575,57.145,37.535
2020-10-20 15:10,324.605,208.91,286.28,214.795,256.265,227.285,197.725,173.33,166.65,231.46,168.785,170.78,125.08,103.355,100.5,144.455,128.36,117.52,142.125,117.235,117.095,143.88,71.625,78.21,49.405,39.115,50.105,53.415,57.08,37.535
2020-10-20 15:15,324.425,208.58,286.58,214.97,255.8,227.27,197.795,173.31,166.66,231.37,168.78,170.87,124.995,103.335,100.46,144.45,128.395,117.62,142.435,117.435,117.115,144.015,71.67,78.18,49.425,39.165,50.14,53.425,57.065,37.555
2020-10-20 15:20,324.7,208.85,286.67,215.155,256.53,227.95,198.025,173.6,166.94,231.36,169.1,171.07,124.925,103.52,100.61,144.605,128.46,117.87,142.47,117.685,117.515,144.17,71.845,78.33,49.47,39.215,50.215,53.405,57.105,37.66
2020-10-20 15:25,325.17,209.43,287.085,215.19,256.775,228.435,197.995,173.8,167.235,231.46,169.58,171.45,125.035,103.6,100.745,144.745,128.54,118.235,142.415,117.61,117.66,144.28,71.94,78.435,49.555,39.265,50.275,53.505,57.165,37.69
2020-10-20 15:30,324.435,208.975,286.425,214.975,256.755,228.07,198.07,173.62,167.28,231.46,169.44,170.92,125.195,103.49,100.61,144.635,128.38,118.18,142.385,117.52,117.57,144.14,71.89,78.415,49.475,39.215,50.23,53.44,57.13,37.655
2020-10-20 15:35,324.12,208.335,286.41,214.935,256.405,227.82,197.83,173.31,167.005,231.085,169.37,171.135,125.04,103.365,100.46,144.52,128.355,117.83,142.175,117.5,117.27,144.095,71.71,78.405,49.39,39.185,50.145,53.475,57.135,37.68
2020-10-20 15:40,324.82,209.05,287.12,215.625,257.08,228.355,198.36,173.99,167.355,231.67,169.88,171.665,125.36,103.705,100.78,144.88,128.655,118.415,142.635,118.035,117.55,144.32,71.95,78.58,49.535,39.295,50.325,53.655,57.23,37.725
2020-10-20 15:45,324.03,208.62,286.565,215.04,256.32,228.115,197.955,173.74,167.18,231.575,169.36,171.175,125.18,103.485,100.62,144.66,128.55,118.19,142.36,117.655,117.69,144.1,71.875,78.545,49.46,39.295,50.29,53.56,57.155,37.66
2020-10-20 15:50,324.24,208.65,286.65,215.065,256.545,227.975,198.025,173.75,167.35,231.705,169.41,171.315,125.26,103.55,100.585,144.75,128.69,118.26,142.61,117.81,117.61,144.035,71.875,78.65,49.48,39.365,50.325,53.64,57.165,37.595
2020-10-20 15:55,323.43,208.04,285.925,214.495,255.9,227.58,197.74,173.31,167.3,231.23,168.99,171.16,124.965,103.22,100.37,144.52,128.51,118.23,142.57,117.48,117.37,143.94,71.73,78.295,49.37,39.195,50.305,53.455,57.22,37.49
2020-10-21 09:30,323.01,207.25,285.775,213.95,255.66,227.71,198.34,173.06,166.48,230.155,169.75,170.21,124.11,103.015,100.51,144.545,128.625,119.8,142.78,117.38,117.42,144.275,70.955,78.36,49.12,39.12,50.15,53.16,57.49,37.23
2020-10-21 09:35,324.17,206.98,285.49,214.78,254.24,227.495,198.46,172.98,165.89,229.93,169.67,170.08,124.695,102.545,100.41,144.82,128.945,120.19,142.67,117.67,117.11,144.13,70.91,78.23,48.94,39.17,50.045,52.97,57.665,37.16
2020-10-21 09:40,325.755,207.78,286.87,215.4,255.59,228.585,199.155,174.22,165.83,230.62,169.95,170.69,125.23,103.31,100.685,145.235,129.175,120.32,143.27,117.615,117.31,144.65,70.92,78.485,48.97,39.285,50.08,53.08,57.55,37.22
2020-10-21 09:45,324.935,206.97,286.955,215.74,256.23,228.43,198.94,174.0,165.52,229.86,169.775,170.38,125.62,103.05,100.615,145.19,129.605,120.82,143.33,118.095,117.455,144.85,70.89,78.5,48.96,39.38,50.105,53.21,57.54,37.17
2020-10-21 09:50,325.53,206.67,287.5,215.95,257.385,228.705,199.565,174.6,165.595,230.335,169.93,170.81,126.02,103.025,100.485,145.105,129.67,120.69,143.4,117.92,117.58,144.93,71.01,78.49,49.01,39.47,50.175,53.385,57.555,37.26
2020-10-21 09:55,326.375,206.0,286.88,216.22,258.08,228.92,199.98,174.78,166.04,230.71,170.17,171.73,126.165,103.145,100.515,145.095,129.61,120.69,143.46,118.165,117.39,144.995,70.89,78.405,49.12,39.43,50.165,53.345,57.425,37.36
2020-10-21 10:00,325.565,205.91,287.35,215.875,257.565,228.94,199.77,174.895,166.34,229.4,170.22,172.01,126.14,103.165,100.53,144.995,129.74,120.92,143.45,117.88,117.55,144.855,71.035,78.31,49.35,39.445,50.175,53.105,57.425,37.385
2020-10-21 10:05,325.71,206.28,287.89,215.9,257.4,229.1,199.95,174.95,166.505,229.235,170.385,171.84,126.18,103.22,100.62,144.93,130.64,120.95,143.74,117.995,117.46,144.85,71.24,78.35,49.37,39.455,50.245,53.145,57.385,37.3
2020-10-21 10:10,325.58,206.01,287.94,216.265,257.43,229.06,199.985,174.91,166.9,229.34,170.255,171.57,126.345,103.135,100.515,144.865,130.83,121.04,143.755,118.25,117.44,144.895,71.13,78.19,49.42,39.465,50.255,53.36,57.215,37.415
2020-10-21 10:15,325.19,206.015,287.49,216.085,257.65,229.045,200.06,174.74,166.555,228.85,170.3,171.275,126.375,103.07,100.555,144.895,131.03,120.96,143.905,118.195,117.2,145.15,71.115,78.17,49.56,39.525,50.37,53.355,57.28,37.37
2020-10-21 10:20,324.96,205.82,287.37,215.77,257.47,229.07,200.03,174.665,166.605,228.745,170.43,171.26,126.515,102.95,100.5,144.815,131.0,121.43,143.825,117.985,117.17,145.14,71.23,78.165,49.68,39.525,50.33,53.455,57.255,37.4
2020-10-21 10:25,324.405,205.565,287.31,215.795,257.05,229.225,199.915,174.46,166.5,229.03,170.31,170.905,126.34,102.855,100.435,144.695,130.995,121.455,143.76,118.19,116.985,145.105,71.26,78.245,49.615,39.465,50.23,53.365,57.285,37.45
2020-10-21 10:30,324.47,205.49,287.365,215.555,256.45,229.305,199.755,174.53,166.64,228.935,170.24,170.99,126.36,102.91,100.49,144.79,131.135,121.36,143.765,118.245,116.725,145.13,71.31,78.355,49.58,39.465,50.215,53.525,57.245,37.45
2020-10-21 10:35,324.215,205.81,287.435,215.35,255.96,229.195,199.72,174.57,167.15,228.97,170.28,170.95,126.405,102.91,100.565,144.86,131.08,121.7,143.76,118.16,116.605,145.25,71.505,78.355,49.55,39.43,50.19,53.555,57.235,37.46
2020-10-21 10:40,324.845,205.655,286.975,215.48,256.615,229.09,199.6,174.45,167.315,228.675,170.05,170.84,126.42,102.845,100.605,144.975,130.915,122.11,143.845,118.535,116.425,145.27,71.405,78.4,49.54,39.355,50.155,53.495,57.235,37.48
2020-10-21 10:45,324.18,205.22,285.99,214.97,255.67,228.71,199.26,174.07,167.04,228.635,169.7,170.59,126.035,102.605,100.48,144.88,130.495,122.16,143.77,118.28,116.255,144.965,71.095,78.46,49.4,39.26,50.145,53.405,57.225,37.41
2020-10-21 10:50,323.94,205.525,286.165,215.285,255.94,228.58,199.34,173.71,166.655,228.865,169.13,170.31,125.76,102.525,100.355,144.76,130.305,121.71,143.825,118.23,116.285,144.675,70.99,78.485,49.39,39.235,50.155,53.395,57.185,37.39
2020-10-21 10:55,323.52,205.52,285.8,215.18,255.365,228.41,199.28,173.59,166.485,228.815,169.22,170.3,125.605,102.42,100.32,144.795,130.26,122.19,143.78,118.07,116.39,144.605,70.95,78.58,49.41,39.255,50.035,53.355,57.195,37.46
2020-10-21 11:00,323.45,204.795,285.62,215.06,255.285,228.39,199.245,173.365,165.89,228.96,168.96,170.19,125.485,102.24,100.275,144.72,129.905,122.26,143.89,118.02,116.52,144.635,70.875,78.585,49.305,39.265,50.045,53.35,57.245,37.43
2020-10-21 11:05,323.245,204.545,285.5,214.895,254.84,228.35,199.03,173.28,165.49,228.57,168.995,170.085,125.34,101.87,100.105,144.55,129.84,122.4,143.805,118.0,116.23,144.63,70.94,78.51,49.37,39.255,49.975,53.395,57.145,37.415
2020-10-21 11:10,322.64,204.14,284.77,214.515,254.105,228.24,198.6,173.14,165.365,227.845,168.42,169.93,125.325,101.775,100.11,144.395,129.725,123.0,143.66,117.675,115.955,144.47,70.84,78.48,49.215,39.19,49.915,53.375,57.025,37.425
2020-10-21 11:15,322.625,204.46,284.245,214.08,252.525,228.16,198.365,172.79,165.23,228.01,168.74,169.8,125.38,101.82,100.285,144.455,129.48,122.98,143.645,117.525,115.975,144.275,70.99,78.515,49.315,39.235,49.895,53.405,57.08,37.375
2020-10-21 11:20,322.865,204.21,283.995,213.86,253.16,227.6,198.32,172.94,164.96,227.955,168.92,169.79,125.465,101.625,100.29,144.285,129.28,123.25,143.415,117.475,115.965,144.255,70.995,78.455,49.275,39.215,49.805,53.435,57.06,37.435
2020-10-21 11:25,323.51,204.505,284.375,214.49,253.86,227.805,198.695,173.3,165.365,227.905,168.85,170.02,125.47,101.8,100.29,144.345,129.295,123.86,143.645,117.48,115.99,144.415,71.07,78.43,49.315,39.22,49.855,53.455,57.015,37.43
2020-10-21 11:30,324.045,204.46,284.53,214.66,253.92,228.37,198.945,173.45,165.25,227.88,168.9,170.055,125.615,101.935,100.455,144.465,129.42,123.88,143.825,117.645,115.945,144.57,71.035,78.485,49.345,39.23,49.9,53.405,57.08,37.39
2020-10-21 11:35,324.29,204.71,284.825,214.99,254.345,228.565,199.18,173.46,165.455,228.11,169.005,170.21,125.83,102.06,100.47,144.455,129.62,123.135,143.91,117.865,115.99,144.725,71.19,78.495,49.34,39.26,49.915,53.51,57.04,37.43
2020-10-21 11:40,324.495,204.89,285.275,215.05,254.41,228.39,199.095,173.63,165.945,228.03,169.23,170.525,126.045,102.11,100.47,144.61,129.785,123.28,143.9,117.88,115.965,144.815,71.25,78.53,49.235,39.26,49.955,53.585,57.055,37.465
2020-10-21 11:45,324.405,204.705,284.89,215.205,254.48,228.51,199.075,173.5,165.55,227.935,169.16,170.27,126.275,102.035,100.29,144.48,129.71,123.37,143.815,117.9,116.095,144.67,71.125,78.485,49.105,39.32,49.9,53.68,57.035,37.505
2020-10-21 11:50,324.81,204.645,284.805,215.085,254.83,228.515,199.345,173.8,165.625,228.36,169.065,170.43,126.59,102.015,100.415,144.53,129.89,123.605,143.805,117.875,116.045,144.57,71.11,78.505,49.08,39.22,49.885,53.65,57.04,37.505
2020-10-21 11:55,324.12,204.28,284.125,214.22,253.96,227.865,198.565,173.325,165.23,228.16,168.98,170.17,126.45,101.775,100.37,144.24,129.495,123.3,143.51,117.39,115.81,144.09,71.06,78.385,49.005,39.125,49.765,53.465,57.04,37.47
2020-10-21 12:00,324.18,204.445,283.88,214.27,253.58,228.22,198.625,173.635,165.34,228.24,168.9,170.41,126.22,101.86,100.41,144.44,129.59,123.33,143.65,117.24,115.89,144.14,71.135,78.49,49.03,39.16,49.835,53.595,56.99,37.48
2020-10-21 12:05,324.385,204.735,284.43,214.44,253.93,228.38,198.64,173.75,165.5,228.165,168.65,170.535,126.39,101.995,100.455,144.545,129.71,123.56,143.77,117.19,115.945,144.275,71.22,78.51,49.26,39.2,49.91,53.7,56.955,37.625
2020-10-21 12:10,324.405,204.11,284.38,214.29,253.115,228.21,198.22,173.54,165.07,228.52,168.68,170.58,126.175,101.755,100.415,144.61,129.66,123.56,143.535,117.205,115.905,144.35,71.235,78.51,49.245,39.135,49.915,53.695,56.91,37.66
2020-10-21 12:15,324.03,203.995,284.275,214.08,253.29,228.005,198.245,173.23,164.89,228.365,168.58,170.375,125.97,101.57,100.34,144.47,129.655,123.49,143.54,117.035,115.75,144.455,71.06,78.455,49.15,39.06,49.875,53.605,56.945,37.64
2020-10-21 12:20,325.87,205.145,285.74,215.29,254.16,229.01,199.07,174.36,165.79,229.5,169.28,171.31,126.455,101.885,100.905,144.875,130.11,124.28,144.005,117.76,116.08,144.86,71.42,78.7,49.37,39.2,50.05,53.815,57.055,37.765
2020-10-21 12:25,324.66,204.45,285.27,214.83,253.77,228.59,198.94,173.99,165.315,229.0,168.9,170.72,126.19,101.685,100.55,144.605,129.79,123.86,143.69,117.495,115.95,144.55,71.205,78.56,49.325,39.135,49.96,53.74,56.915,37.72
2020-10-21 12:30,323.93,204.05,284.715,214.04,252.875,227.795,198.7,173.46,165.29,228.27,167.9,169.92,125.895,101.615,100.38,144.275,129.68,123.5,143.45,116.995,115.62,144.33,71.04,78.36,49.16,39.02,49.885,53.54,56.84,37.67
2020-10-21 12:35,324.015,203.94,284.935,214.225,252.5,227.75,199.025,173.69,165.41,228.34,167.78,170.03,126.0,101.78,100.49,144.315,129.705,123.78,143.41,116.96,115.71,144.21,71.16,78.42,49.095,39.07,49.94,53.565,56.87,37.725
2020-10-21 12:40,323.48,203.91,284.79,214.155,252.46,227.72,198.835,173.6,165.1,228.06,167.685,169.96,125.99,101.975,100.56,144.365,129.49,124.02,143.335,116.985,115.48,144.31,71.165,78.38,49.12,39.05,49.935,53.515,56.85,37.7
2020-10-21 12:45,322.99,203.95,284.59,213.87,252.02,227.52,198.51,173.17,164.94,228.045,167.69,169.755,125.785,101.705,100.43,144.095,129.295,123.92,143.055,116.865,115.34,144.2,70.96,78.26,49.065,39.03,49.905,53.47,56.735,37.635
2020-10-21 12:50,323.16,203.86,284.98,214.045,252.005,227.635,198.555,173.345,164.89,227.95,167.58,169.805,125.74,101.665,100.525,144.215,129.295,123.65,143.02,116.885,115.365,144.12,70.85,78.26,49.02,39.075,49.915,53.525,56.745,37.66
2020-10-21 12:55,323.245,204.09,284.895,214.14,252.14,227.84,198.63,173.6,164.86,228.16,167.66,170.15,125.795,101.6,100.57,144.285,129.23,123.65,143.18,116.9,115.395,144.26,70.97,78.315,49.025,39.105,49.99,53.535,56.76,37.66
2020-10-21 13:00,323.62,204.205,285.16,214.525,252.415,228.08,198.815,173.515,165.245,228.97,167.94,170.18,125.965,101.875,100.73,144.405,129.39,123.9,143.235,117.19,115.47,144.52,71.095,78.415,49.11,39.19,50.05,53.615,56.895,37.68
2020-10-21 13:05,323.51,203.99,284.985,214.605,252.605,228.08,198.59,173.3,164.835,228.645,167.52,169.81,125.85,101.665,100.57,144.205,129.3,123.965,143.1,117.185,115.37,144.54,70.88,78.35,49.055,39.185,50.0,53.665,56.915,37.645
2020-10-21 13:10,323.65,203.75,285.15,214.8,253.03,228.345,198.74,173.24,164.885,228.99,167.415,169.795,125.95,101.575,100.38,144.255,129.325,124.085,143.24,117.285,115.5,144.68,70.845,78.385,48.99,39.225,50.01,53.735,56.965,37.6
2020-10-21 13:15,324.09,203.85,285.445,214.945,253.51,228.55,198.85,173.39,164.89,229.48,167.42,169.89,126.095,101.675,100.5,144.46,129.435,124.19,143.38,117.325,115.55,144.84,70.905,78.54,49.07,39.25,50.04,53.83,57.005,37.61
2020-10-21 13:20,324.005,203.64,285.37,215.175,253.96,228.44,198.775,173.19,164.83,229.35,167.18,169.855,126.045,101.665,100.4,144.33,129.32,124.24,143.4,117.41,115.505,144.895,70.835,78.455,49.08,39.23,50.035,53.795,57.025,37.605
2020-10-21 13:25,324.22,203.79,285.2,215.11,253.71,228.4,198.83,173.26,164.745,229.39,167.035,169.865,126.005,101.725,100.44,144.295,129.375,124.335,143.39,117.3,115.535,144.925,70.86,78.375,49.075,39.22,50.035,53.795,57.065,37.615
2020-10-21 13:30,324.245,203.795,285.255,215.32,254.045,228.4,198.92,173.33,164.875,229.61,167.12,169.825,126.075,101.715,100.48,144.315,129.425,124.07,143.355,117.45,115.63,144.845,70.935,78.365,49.03,39.23,50.055,53.845,57.06,37.635
2020-10-21 13:35,323.5,203.11,284.72,214.8,253.585,228.09,198.44,172.93,164.45,229.29,166.795,169.57,125.835,101.55,100.28,144.165,129.21,124.03,143.21,117.055,115.45,144.78,70.86,78.36,48.82,39.17,49.995,53.765,57.015,37.6
2020-10-21 13:40,323.58,203.24,284.94,215.17,253.525,228.125,198.76,173.035,164.53,229.245,167.1,169.755,126.08,101.605,100.355,144.26,129.355,124.07,143.215,117.135,115.45,144.85,71.005,78.41,48.765,39.215,49.995,53.82,56.975,37.63
2020-10-21 13:45,323.64,203.665,284.85,215.58,254.39,228.19,198.925,173.12,164.775,229.285,167.215,169.755,126.155,101.74,100.36,144.22,129.305,124.13,143.25,117.195,115.7,144.905,70.99,78.46,48.815,39.285,50.02,53.935,57.07,37.67
2020-10-21 13:50,323.96,203.59,284.875,215.57,254.165,228.27,198.98,173.27,164.815,229.23,167.165,169.705,126.215,101.71,100.25,144.27,129.24,124.22,143.32,117.18,115.68,145.14,70.945,78.49,48.88,39.27,50.03,53.965,57.095,37.665
2020-10-21 13:55,323.605,203.32,284.94,215.43,254.0,228.155,198.965,173.02,164.595,229.35,167.17,169.605,126.03,101.57,100.18,144.225,129.25,124.03,143.19,117.125,115.705,145.03,70.88,78.435,48.89,39.24,49.98,53.86,57.07,37.635
2020-10-21 14:00,323.3,203.5,285.1,215.7,254.1,228.215,199.04,173.27,164.63,229.7,167.4,169.555,126.145,101.595,100.13,144.345,129.26,124.13,143.165,117.285,115.71,145.18,70.98,78.47,48.82,39.255,50.005,53.815,57.055,37.65
2020-10-21 14:05,323.24,203.71,285.295,215.92,254.14,228.37,199.16,173.28,164.67,229.7,167.565,169.7,126.37,101.65,100.115,144.285,129.29,124.25,143.28,117.39,115.665,145.2,71.015,78.39,48.88,39.275,50.045,53.865,57.065,37.675
2020-10-21 14:10,323.81,203.84,285.31,216.03,254.25,228.455,199.255,173.69,164.935,229.585,167.895,169.95,126.405,101.74,100.11,144.385,129.52,124.455,143.38,117.415,115.805,145.37,71.295,78.43,49.04,39.325,50.095,53.955,57.1,37.72
2020-10-21 14:15,323.935,203.74,285.43,215.91,254.0,228.53,199.165,173.63,165.05,229.54,167.82,169.855,126.3,101.695,100.17,144.41,129.515,124.57,143.32,117.295,115.745,145.455,71.205,78.475,49.12,39.285,50.115,53.895,57.12,37.665
2020-10-21 14:20,324.08,203.76,285.4,215.85,254.1,228.475,199.265,173.42,164.96,229.54,167.825,169.77,126.315,101.75,100.2,144.41,129.515,124.55,143.46,117.18,115.78,145.505,71.17,78.475,49.155,39.265,50.095,53.895,57.1,37.605
2020-10-21 14:25,324.22,203.93,285.895,216.32,254.86,228.82,199.43,173.33,165.03,230.085,167.87,169.805,126.545,101.79,100.16,144.505,129.605,124.6,143.59,117.41,115.74,145.58,71.115,78.495,49.105,39.305,50.115,53.955,57.275,37.655
2020-10-21 14:30,324.48,203.97,286.145,216.435,254.995,228.87,199.565,173.42,165.01,230.145,168.125,170.21,126.625,101.675,100.08,144.425,129.59,124.69,143.74,117.55,115.8,145.54,71.02,78.495,49.15,39.31,50.13,53.98,57.225,37.64
2020-10-21 14:35,324.43,203.775,285.92,216.24,254.88,228.675,199.475,173.54,165.115,229.96,168.2,170.02,126.755,101.63,99.98,144.385,129.415,124.69,143.475,117.485,115.81,145.44,71.185,78.39,49.19,39.295,50.065,53.945,57.16,37.595
2020-10-21 14:40,324.175,203.925,285.87,216.495,255.29,228.75,199.59,173.595,165.28,230.08,168.145,169.94,127.095,101.685,100.065,144.45,129.585,124.85,143.58,117.72,115.68,145.395,71.205,78.32,49.19,39.335,50.105,54.025,57.18,37.595
2020-10-21 14:45,324.645,203.86,285.945,216.555,255.425,228.595,199.655,173.58,165.3,229.945,168.06,169.875,127.145,101.68,100.02,144.38,129.645,124.61,143.55,117.715,115.675,145.29,71.17,78.285,49.08,39.3,50.115,54.005,57.155,37.58
2020-10-21 14:50,324.345,203.69,285.8,216.59,255.48,228.57,199.65,173.72,165.28,229.74,167.95,169.945,127.355,101.775,100.12,144.325,129.575,124.25,143.43,117.695,115.645,145.295,71.13,78.215,49.095,39.315,50.105,53.965,57.16,37.565
2020-10-21 14:55,324.74,203.83,285.875,216.875,255.9,228.81,199.825,173.83,165.48,229.91,168.03,169.93,127.395,101.82,100.19,144.4,129.675,124.275,143.56,117.94,115.745,145.36,71.245,78.23,49.06,39.355,50.105,54.015,57.155,37.575
2020-10-21 15:00,324.09,203.45,285.5,216.375,255.2,228.48,199.515,173.57,165.1,229.77,167.985,169.795,127.115,101.74,100.045,144.29,129.64,124.405,143.605,117.67,115.675,145.165,71.15,78.3,48.96,39.305,50.045,53.92,57.135,37.555
2020-10-21 15:05,323.755,203.2,285.59,216.3,255.075,228.43,199.435,173.47,164.935,229.8,167.94,169.665,126.98,101.69,99.925,144.26,129.56,124.43,143.8,117.61,115.62,145.085,71.075,78.325,48.86,39.305,50.085,53.9,57.105,37.565
2020-10-21 15:10,323.76,203.14,285.46,216.32,255.125,228.44,199.59,173.59,164.92,229.815,167.87,169.835,127.01,101.665,99.735,144.16,129.52,124.425,143.875,117.66,115.685,145.05,71.07,78.255,48.8,39.285,50.07,53.93,57.05,37.58
2020-10-21 15:15,323.665,203.345,285.36,216.26,255.075,228.33,199.46,173.465,164.69,229.78,167.75,169.535,126.915,101.64,99.7,144.165,129.425,124.31,143.935,117.72,115.73,144.97,71.005,78.305,48.7,39.285,50.085,53.925,57.055,37.565
2020-10-21 15:20,324.145,203.185,285.43,216.53,255.6,228.62,199.68,173.725,164.85,229.955,167.885,169.645,127.0,101.72,99.8,144.25,129.485,124.46,143.985,117.88,115.76,145.02,71.105,78.35,48.81,39.32,50.12,53.925,57.115,37.575
2020-10-21 15:25,324.13,203.14,285.635,216.56,255.535,228.87,199.725,173.71,164.95,230.065,168.09,169.795,127.07,101.77,99.82,144.32,129.655,124.42,144.05,117.85,115.795,145.165,71.24,78.38,48.9,39.33,50.165,53.985,57.035,37.62
2020-10-21 15:30,323.615,202.925,285.25,216.265,254.82,228.645,199.52,173.495,164.78,230.205,167.735,169.59,127.04,101.685,99.7,144.27,129.525,124.3,143.8,117.69,115.54,145.03,71.09,78.42,48.82,39.275,50.18,53.86,57.04,37.6
2020-10-21 15:35,323.66,202.71,285.2,216.21,254.87,228.495,199.375,173.64,164.735,229.595,167.745,169.655,127.015,101.64,99.575,144.515,129.415,124.65,143.72,117.6,115.42,144.985,71.06,78.345,48.825,39.255,50.155,53.825,56.965,37.55
2020-10-21 15:40,323.25,202.165,284.815,215.71,254.585,228.09,198.86,173.275,164.42,229.105,167.59,169.445,126.83,101.47,99.48,144.08,129.175,124.8,143.465,117.255,115.29,144.76,71.06,78.155,48.865,39.13,50.045,53.76,56.795,37.49
2020-10-21 15:45,323.29,202.51,284.6,215.27,254.11,228.055,198.67,173.08,163.955,229.09,167.375,169.235,126.61,101.45,99.4,144.06,129.105,124.75,143.345,117.095,115.17,144.615,71.03,78.085,48.79,39.085,50.015,53.67,56.735,37.485
2020-10-21 15:50,323.99,202.9,285.05,215.395,254.255,228.34,198.96,173.455,164.245,229.125,167.725,169.49,126.88,101.66,99.6,144.345,129.24,125.065,143.405,117.09,115.16,144.62,71.09,78.2,48.855,39.095,50.085,53.68,56.795,37.51
2020-10-21 15:55,322.81,202.865,284.53,214.79,254.145,228.19,198.39,172.86,163.92,228.88,167.43,169.16,126.655,101.44,99.39,143.965,129.37,124.99,143.225,116.885,115.05,144.41,70.895,78.08,48.57,39.055,49.985,53.505,56.77,37.37
2020-10-22 09:30,324.63,203.295,285.46,215.605,254.29,227.73,199.0,174.03,164.88,227.995,168.89,170.125,127.215,102.17,99.665,144.325,129.38,123.905,141.36,117.65,114.89,144.32,71.01,78.46,49.94,38.86,50.7,53.35,56.68,37.42
2020-10-22 09:35,324.045,203.19,284.2,215.145,254.42,227.72,198.8,173.85,164.44,228.21,168.18,169.9,126.81,101.82,99.58,144.04,129.17,123.68,141.195,117.64,114.555,143.93,70.81,78.39,49.94,38.78,50.685,53.19,56.72,37.305
2020-10-22 09:40,326.1,203.16,284.665,215.295,253.73,228.18,198.83,173.65,165.26,229.735,168.54,169.705,127.135,101.69,99.89,144.32,129.2,123.37,141.42,117.93,114.5,143.61,70.93,78.41,49.335,38.825,50.98,53.435,56.99,37.36
2020-10-22 09:45,325.92,203.71,283.65,214.435,253.32,227.94,198.63,173.88,164.91,228.63,168.19,169.6,126.59,101.935,100.12,144.26,129.3,123.355,141.385,117.39,114.3,143.7,70.765,78.405,49.03,38.805,50.99,53.335,56.955,37.38
2020-10-22 09:50,325.97,203.68,283.81,214.535,253.33,227.95,198.74,173.91,165.25,228.45,168.06,169.31,126.925,102.285,100.23,144.375,129.32,123.74,141.475,117.51,114.28,143.92,70.785,78.41,48.85,38.775,50.99,53.48,56.955,37.36
2020-10-22 09:55,325.23,203.78,283.5,214.255,252.89,227.73,199.0,174.28,165.78,227.98,168.21,169.45,127.055,102.53,100.345,144.215,129.43,123.58,141.64,117.29,114.295,143.885,70.835,78.41,48.66,38.775,50.805,53.77,56.995,37.315
2020-10-22 10:00,324.63,203.59,284.43,213.775,252.245,228.49,198.695,174.52,165.42,228.03,168.56,169.79,127.04,102.795,100.64,144.445,129.31,123.96,141.7,117.015,114.43,143.98,70.88,78.53,48.66,38.755,50.805,53.615,57.02,37.36
2020-10-22 10:05,324.645,203.18,284.23,213.665,251.47,228.55,198.13,174.4,165.26,227.58,168.35,169.615,126.8,103.065,100.715,144.545,129.35,123.98,141.645,116.96,114.045,143.835,70.72,78.635,48.55,38.715,50.86,53.425,57.1,37.36
2020-10-22 10:10,324.63,203.22,283.95,214.075,251.51,228.64,198.34,174.53,165.4,227.62,168.515,169.49,127.03,102.98,100.89,144.5,129.84,123.955,141.8,117.155,114.095,143.845,70.66,78.58,48.285,38.715,50.89,53.505,57.32,37.34
2020-10-22 10:15,323.44,203.055,283.465,213.65,250.38,228.2,198.02,174.495,165.19,227.49,168.59,169.35,126.63,102.73,100.84,144.665,130.03,124.25,142.09,116.875,113.985,143.71,70.78,78.615,48.23,38.685,50.925,53.59,57.175,37.355
2020-10-22 10:20,323.87,202.815,282.39,213.17,249.4,227.26,197.445,174.29,164.56,227.485,167.82,169.1,126.175,102.28,100.535,144.41,129.84,124.415,141.585,116.46,113.44,143.135,70.6,78.53,48.14,38.625,50.875,53.325,57.11,37.295
2020-10-22 10:25,323.69,202.705,282.31,213.135,249.39,227.13,197.62,174.4,164.34,227.27,167.78,169.09,126.13,102.33,100.565,144.465,129.895,124.04,141.47,116.215,113.435,142.935,70.615,78.455,48.045,38.55,50.88,53.325,57.215,37.255
2020-10-22 10:30,322.88,202.51,281.99,212.355,248.405,227.47,196.88,174.23,164.17,226.72,167.45,168.74,126.06,102.21,100.37,144.445,129.595,124.5,141.425,115.96,113.15,142.88,70.805,78.5,47.73,38.52,50.91,53.12,57.465,37.225
2020-10-22 10:35,322.92,202.91,281.645,212.5,247.66,227.49,196.675,174.585,164.435,227.51,167.66,169.01,126.22,102.465,100.615,144.805,129.44,124.89,141.58,115.83,113.175,143.1,70.935,78.67,47.73,38.615,50.945,53.215,57.435,37.265
2020-10-22 10:40,322.3,202.3,281.28,211.9,246.36,227.03,196.125,174.23,164.135,227.48,166.965,168.63,126.11,102.085,100.63,144.675,129.11,124.91,141.62,114.9,113.005,142.77,70.905,78.675,47.33,38.54,51.045,53.18,57.42,37.27
2020-10-22 10:45,322.87,202.355,281.0,212.225,246.74,226.95,195.94,174.36,164.28,227.3,167.25,168.51,126.085,102.12,100.57,144.645,129.05,124.85,141.495,115.36,113.145,142.85,71.155,78.72,47.385,38.545,51.075,53.315,57.515,37.28
2020-10-22 10:50,324.19,203.43,282.14,212.58,247.35,227.89,196.525,175.01,165.16,227.67,167.63,168.9,126.76,102.635,100.965,145.075,129.48,125.52,141.75,115.67,113.645,143.41,71.485,78.91,47.99,38.585,50.9,53.41,57.55,37.365
2020-10-22 10:55,324.4,203.85,282.69,212.825,247.275,227.97,196.77,175.12,165.45,228.05,167.75,169.04,126.84,102.8,101.165,145.13,129.78,124.75,141.85,115.61,113.33,143.58,71.445,78.94,47.74,38.54,50.88,53.445,57.555,37.41
2020-10-22 11:00,324.56,204.07,283.0,212.985,248.245,227.98,197.14,175.22,165.53,228.16,167.95,169.355,126.9,102.81,101.33,145.23,129.795,124.695,142.07,115.895,113.335,143.54,71.52,78.91,47.73,38.51,50.885,53.505,57.565,37.345
2020-10-22 11:05,324.485,204.69,282.44,212.345,247.43,227.56,196.845,175.21,165.41,227.745,168.095,169.22,126.71,102.885,101.595,145.06,129.62,125.12,141.85,115.385,113.32,143.27,71.855,78.87,47.64,38.48,50.705,53.47,57.485,37.32
2020-10-22 11:10,325.255,205.31,282.98,213.735,248.935,228.5,197.54,175.53,166.25,227.63,168.335,169.35,127.27,103.245,101.855,145.2,130.1,125.52,141.945,115.825,113.6,143.45,71.79,78.89,47.79,38.56,50.825,53.685,57.52,37.32
2020-10-22 11:15,324.89,205.105,282.51,213.425,248.61,228.515,197.32,175.18,166.425,227.555,167.945,169.45,127.38,103.1,101.64,145.05,129.81,125.565,141.79,115.705,113.64,143.29,71.86,78.74,47.915,38.525,50.665,53.675,57.47,37.285
2020-10-22 11:20,325.095,205.22,283.06,213.56,249.39,228.37,197.515,175.14,166.865,227.69,168.245,169.565,127.495,103.175,102.025,145.07,129.875,125.66,141.815,115.955,113.66,143.31,71.84,78.75,47.98,38.505,50.745,53.725,57.465,37.245
2020-10-22 11:25,325.54,204.75,282.37,213.505,249.03,228.35,197.44,175.03,166.225,227.405,168.305,169.29,127.31,103.125,102.13,145.09,129.845,125.54,141.605,115.79,113.425,143.245,71.65,78.69,47.78,38.47,50.735,53.795,57.405,37.205
2020-10-22 11:30,324.97,204.63,282.1,213.23,247.95,228.05,197.155,174.86,165.97,227.08,168.0,169.31,127.195,103.12,102.26,144.815,129.57,125.5,141.635,115.545,113.55,143.165,71.775,78.62,47.62,38.44,50.695,53.725,57.445,37.195
2020-10-22 11:35,324.7,204.32,281.985,213.38,248.075,227.79,197.145,175.06,165.815,226.95,167.95,169.15,127.345,103.17,102.05,144.81,129.385,125.61,141.49,115.69,113.545,143.13,71.865,78.64,47.59,38.45,50.565,53.765,57.405,37.245
2020-10-22 11:40,324.87,204.53,281.7,213.35,248.21,227.89,197.165,175.24,165.81,226.9,168.33,169.345,127.395,103.205,101.965,144.75,129.355,125.52,141.515,115.59,113.375,142.995,71.77,78.59,47.66,38.435,50.66,53.785,57.41,37.22
2020-10-22 11:45,325.355,204.64,282.15,213.535,248.265,227.945,197.155,175.05,166.03,226.85,168.82,169.46,127.475,103.41,101.98,144.79,129.28,125.54,141.715,115.66,113.52,143.215,71.84,78.65,47.84,38.475,50.675,53.805,57.455,37.235
2020-10-22 11:50,324.905,204.05,282.05,213.28,248.15,227.9,197.06,174.83,165.69,226.815,168.725,169.33,127.435,103.265,101.86,144.66,129.28,125.18,141.555,115.39,113.51,143.055,71.87,78.525,47.68,38.475,50.645,53.795,57.425,37.215
2020-10-22 11:55,325.05,204.15,282.015,213.115,248.06,227.73,197.005,174.77,165.47,226.55,168.68,169.265,127.485,103.15,101.89,144.69,128.98,125.39,141.735,115.395,113.41,143.075,71.79,78.48,47.63,38.415,50.565,53.735,57.375,37.195
2020-10-22 12:00,324.865,204.435,281.61,212.76,248.035,227.45,196.755,174.99,165.34,226.395,168.67,169.265,127.48,103.04,101.845,144.545,129.0,125.43,141.775,115.16,113.34,143.0,71.96,78.395,47.69,38.395,50.51,53.655,57.39,37.225
2020-10-22 12:05,324.87,204.43,281.625,213.055,248.41,227.46,197.0,174.95,165.45,226.5,168.73,169.29,127.67,103.21,101.99,144.565,129.175,125.47,141.84,115.355,113.47,143.23,71.96,78.44,47.725,38.505,50.54,53.76,57.425,37.2
2020-10-22 12:10,325.06,204.73,281.93,212.7,248.025,227.21,196.97,175.1,165.45,226.745,168.915,169.46,127.645,103.25,102.07,144.47,129.16,125.69,141.83,115.23,113.605,143.15,72.09,78.46,47.745,38.545,50.535,53.775,57.44,37.245
2020-10-22 12:15,325.395,204.53,282.06,213.015,247.89,227.465,197.09,175.01,165.665,226.95,169.075,169.45,127.605,103.24,102.0,144.65,129.13,125.34,141.81,115.43,113.765,143.285,72.26,78.56,47.77,38.585,50.57,53.845,57.445,37.315
2020-10-22 12:20,325.67,204.685,282.17,212.635,247.3,227.11,196.825,175.085,165.86,226.85,169.055,169.61,127.465,103.435,102.165,144.61,129.105,125.18,141.86,115.29,114.06,143.255,72.275,78.57,47.805,38.585,50.5,53.795,57.415,37.325
2020-10-22 12:25,325.72,204.765,282.43,212.905,247.315,227.33,197.14,175.015,166.285,227.0,169.02,169.63,127.6,103.53,102.255,144.62,129.125,125.19,141.985,115.345,114.185,143.255,72.445,78.61,47.9,38.615,50.505,53.795,57.435,37.375
2020-10-22 12:30,325.67,204.63,282.255,212.56,246.965,227.27,196.93,174.925,166.24,226.825,169.03,169.665,127.475,103.46,102.31,144.575,128.915,125.14,141.835,115.18,114.12,143.09,72.22,78.655,47.98,38.58,50.415,53.745,57.405,37.35
2020-10-22 12:35,325.445,204.49,281.85,212.415,247.07,227.345,196.97,175.21,166.68,226.425,169.145,169.745,127.48,103.65,102.395,144.505,128.955,125.365,141.865,115.17,114.245,143.16,72.4,78.6,48.17,38.62,50.41,53.755,57.42,37.345
2020-10-22 12:40,325.085,204.785,281.98,212.72,247.3,227.69,197.165,175.175,166.835,226.365,169.075,169.7,127.43,103.77,102.465,144.46,129.02,125.21,141.99,115.31,114.27,143.175,72.29,78.585,48.1,38.64,50.48,53.815,57.505,37.33
2020-10-22 12:45,325.5,205.0,282.355,213.105,247.77,227.785,197.45,175.2,166.9,226.67,169.28,169.885,127.65,103.755,102.47,144.59,129.145,125.5,142.205,115.445,114.385,143.295,72.405,78.68,48.085,38.685,50.535,53.845,57.54,37.425
2020-10-22 12:50,325.67,204.71,282.41,213.36,247.79,227.835,197.34,175.175,166.93,226.775,169.115,169.75,127.615,103.715,102.295,144.55,129.21,125.17,142.135,115.47,114.4,143.28,72.43,78.725,48.0,38.655,50.49,53.8,57.52,37.415
2020-10-22 12:55,325.77,204.455,282.58,213.735,248.22,227.92,197.455,175.34,166.86,227.13,169.135,169.735,127.83,103.68,102.24,144.525,129.35,125.26,141.95,115.64,114.44,143.275,72.42,78.695,48.115,38.695,50.465,53.865,57.505,37.44
2020-10-22 13:00,325.76,204.65,282.715,213.715,248.05,228.085,197.47,175.22,167.22,226.885,169.1,169.795,127.755,103.77,102.185,144.515,129.455,125.11,141.92,115.53,114.415,143.265,72.4,78.65,48.19,38.735,50.47,53.875,57.515,37.485
2020-10-22 13:05,325.98,204.615,282.84,213.99,248.31,228.245,197.675,175.49,167.385,227.155,169.25,169.91,127.71,103.755,102.25,144.6,129.54,125.19,141.935,115.825,114.53,143.375,72.61,78.655,48.205,38.795,50.48,53.975,57.52,37.51
2020-10-22 13:10,326.45,205.04,283.23,214.37,248.885,228.81,198.13,176.08,167.625,227.66,169.515,170.41,128.03,103.97,102.395,144.845,129.715,125.625,142.155,116.055,114.755,143.59,72.705,78.825,48.305,38.83,50.575,54.025,57.585,37.64
2020-10-22 13:15,326.18,204.985,283.2,214.195,249.275,228.655,198.03,176.11,167.39,227.485,169.43,170.28,127.83,104.125,102.395,144.75,129.75,125.5,142.175,115.835,114.635,143.68,72.5,78.775,48.29,38.81,50.61,53.985,57.535,37.63
2020-10-22 13:20,326.115,205.21,282.86,214.25,249.24,228.325,198.19,175.89,167.12,227.15,169.04,170.215,127.85,104.035,102.27,144.695,129.705,125.47,142.12,115.9,114.515,143.69,72.315,78.75,48.28,38.795,50.615,53.965,57.55,37.59
2020-10-22 13:25,326.125,205.135,282.985,214.46,249.45,228.495,198.33,175.7,167.025,227.015,169.05,170.185,127.695,103.81,102.2,144.575,129.65,125.245,142.21,115.95,114.56,143.765,72.305,78.67,48.3,38.755,50.615,54.005,57.515,37.575
2020-10-22 13:30,326.05,205.435,283.335,214.395,249.44,228.45,198.215,175.555,167.55,226.865,168.985,170.15,127.635,103.82,102.19,144.685,129.62,125.305,142.21,115.835,114.62,143.965,72.29,78.695,48.33,38.745,50.515,54.01,57.51,37.555
2020-10-22 13:35,326.14,205.6,283.185,214.37,249.675,228.49,198.21,175.48,167.98,227.1,169.01,170.14,127.565,103.725,102.18,144.76,129.645,125.35,142.155,115.7,114.6,143.89,72.19,78.72,48.26,38.695,50.47,54.065,57.505,37.485
2020-10-22 13:40,326.125,205.78,283.09,214.64,250.03,228.515,198.355,175.42,168.14,227.07,168.65,170.03,127.545,103.835,102.19,144.79,129.69,125.52,142.26,115.72,114.675,144.085,72.195,78.77,48.21,38.695,50.575,54.085,57.51,37.475
2020-10-22 13:45,326.335,205.92,283.095,214.5,249.92,228.5,198.44,175.67,168.445,227.07,168.72,170.02,127.715,103.83,102.43,144.94,129.655,125.565,142.275,115.44,114.725,143.96,72.135,78.81,48.245,38.7,50.61,54.085,57.52,37.51
2020-10-22 13:50,326.92,205.895,283.37,214.87,250.45,228.715,198.44,175.885,168.62,227.19,169.03,170.22,127.75,103.97,102.51,145.03,129.805,125.64,142.36,115.665,114.885,144.205,72.22,78.88,48.265,38.73,50.705,54.125,57.54,37.535
2020-10-22 13:55,326.665,205.87,283.35,214.92,249.89,228.695,198.36,175.86,168.67,227.125,169.04,170.4,127.805,104.03,102.53,145.04,129.77,125.75,142.385,115.53,114.94,144.255,72.37,78.935,48.33,38.73,50.675,54.13,57.515,37.545
2020-10-22 14:00,327.01,205.73,283.465,214.895,249.89,228.89,198.345,176.02,168.75,227.225,169.06,170.44,127.945,104.135,102.635,145.06,129.93,125.88,142.62,115.585,115.03,144.22,72.49,78.93,48.345,38.73,50.765,54.19,57.52,37.545
2020-10-22 14:05,327.36,205.51,283.54,214.945,249.65,228.78,198.26,176.255,168.655,227.28,169.075,170.32,127.795,104.02,102.56,145.095,129.905,125.96,142.505,115.445,115.205,144.13,72.495,78.91,48.42,38.725,50.735,54.135,57.525,37.515
2020-10-22 14:10,327.54,205.51,283.15,214.96,249.795,228.575,198.22,176.23,169.09,227.33,169.06,170.2,127.635,104.065,102.63,145.17,129.84,126.0,142.56,115.545,115.38,144.15,72.57,78.98,48.465,38.745,50.74,54.115,57.505,37.545
2020-10-22 14:15,327.72,206.035,283.38,215.1,250.28,228.95,198.48,176.605,169.235,227.62,169.245,170.57,127.75,104.31,102.81,145.395,129.945,126.22,142.625,115.73,115.51,144.3,72.64,79.065,48.61,38.825,50.755,54.165,57.525,37.62
2020-10-22 14:20,327.84,206.265,283.44,215.155,250.42,228.965,198.47,176.805,169.59,227.81,169.31,170.73,127.72,104.57,102.9,145.485,129.92,126.59,142.5,115.805,115.51,144.275,72.81,79.06,48.66,38.845,50.725,54.15,57.525,37.63
2020-10-22 14:25,327.56,206.215,283.26,214.785,250.17,228.725,198.23,176.68,168.96,227.575,169.11,170.625,127.535,104.515,102.915,145.53,129.86,126.65,142.39,115.665,115.21,144.135,72.84,79.13,48.72,38.83,50.69,54.1,57.505,37.625
2020-10-22 14:30,327.2,206.08,283.23,214.92,250.405,228.73,198.31,176.84,168.855,227.635,169.27,170.53,127.61,104.465,102.91,145.61,129.925,126.69,142.54,115.7,115.18,144.145,72.915,79.14,48.66,38.855,50.685,54.085,57.53,37.635
2020-10-22 14:35,327.0,205.9,282.87,214.97,250.48,228.895,198.315,176.76,168.85,227.67,169.215,170.63,127.6,104.395,103.01,145.585,129.87,126.225,142.475,115.715,115.13,144.0,72.87,79.15,48.74,38.84,50.695,54.085,57.515,37.65
2020-10-22 14:40,327.17,205.875,282.405,214.85,250.19,228.67,198.215,176.525,168.73,227.705,169.065,170.545,127.545,104.345,102.79,145.565,129.82,126.22,142.515,115.725,115.09,143.975,72.975,79.2,48.695,38.8,50.68,54.11,57.495,37.605
2020-10-22 14:45,327.39,205.67,282.205,214.865,250.08,228.69,198.16,176.565,168.785,227.87,169.04,170.375,127.475,104.38,102.73,145.62,129.815,126.04,142.52,115.69,115.05,143.905,73.03,79.215,48.655,38.76,50.695,54.07,57.525,37.58
2020-10-22 14:50,327.21,205.66,282.17,215.07,250.33,228.66,198.3,176.41,168.96,228.01,169.085,170.31,127.435,104.715,102.685,145.525,129.815,125.93,142.375,115.855,115.365,143.87,72.705,79.255,48.695,38.76,50.675,54.065,57.515,37.56
2020-10-22 14:55,327.195,205.595,281.985,215.05,250.175,228.595,198.125,176.43,168.815,228.15,168.965,170.28,127.39,104.72,102.66,145.52,129.775,125.96,142.375,115.8,115.42,143.89,72.81,79.265,48.69,38.76,50.655,54.025,57.515,37.515
2020-10-22 15:00,326.835,205.545,281.795,214.92,250.235,228.525,197.99,176.465,169.01,227.94,169.08,170.3,127.39,104.55,102.73,145.365,129.82,125.9,142.22,115.77,115.37,143.8,72.9,79.235,48.65,38.735,50.595,53.955,57.45,37.54
2020-10-22 15:05,326.46,205.405,281.705,214.65,249.895,228.52,197.76,176.47,168.83,227.75,169.04,170.405,127.255,104.41,102.81,145.2,129.8,125.405,142.06,115.61,115.32,143.68,72.91,79.185,48.61,38.685,50.52,53.835,57.43,37.485
2020-10-22 15:10,326.65,205.435,281.65,214.785,249.69,228.6,197.86,176.5,168.915,227.61,169.21,170.46,127.305,104.445,102.835,145.31,129.83,125.99,142.2,115.67,115.48,143.69,72.915,79.225,48.62,38.655,50.56,53.885,57.42,37.49
2020-10-22 15:15,326.6,205.515,281.71,214.94,249.89,228.58,197.985,176.74,169.355,227.755,169.4,170.675,127.405,104.46,102.94,145.355,129.87,126.01,142.095,115.73,115.59,143.72,72.96,79.225,48.66,38.735,50.575,53.855,57.445,37.495
2020-10-22 15:20,326.395,205.63,281.615,215.13,250.18,228.62,197.915,176.82,169.43,227.67,169.385,170.625,127.47,104.505,103.01,145.38,129.9,125.83,142.06,115.84,115.55,143.62,73.15,79.215,48.76,38.735,50.605,53.995,57.495,37.5
2020-10-22 15:25,326.28,205.86,281.37,215.425,250.195,228.905,198.205,176.945,169.51,227.77,169.815,170.82,127.595,104.74,103.06,145.35,130.08,125.46,141.99,116.005,115.52,143.69,73.175,79.235,48.79,38.775,50.605,54.055,57.49,37.57
2020-10-22 15:30,326.345,205.91,281.55,215.45,250.385,229.135,198.335,176.92,169.415,227.695,169.67,170.83,127.715,104.725,103.165,145.29,130.11,125.885,141.865,116.15,115.89,143.715,73.365,79.315,48.88,38.825,50.625,54.16,57.535,37.635
2020-10-22 15:35,326.155,205.955,281.53,215.3,250.36,229.185,198.3,176.855,169.275,227.42,169.56,170.86,127.55,104.765,103.125,145.23,130.055,126.25,141.94,116.07,115.8,143.765,73.33,79.305,48.92,38.785,50.645,54.16,57.485,37.62
2020-10-22 15:40,326.17,205.605,281.75,215.17,250.295,229.145,198.225,176.775,169.13,227.525,169.535,170.775,127.5,104.77,102.985,145.215,130.1,126.28,141.86,116.03,115.845,143.81,73.405,79.315,48.91,38.77,50.725,54.1,57.465,37.55
2020-10-22 15:45,326.125,205.405,281.585,215.22,250.155,229.06,198.04,176.965,169.335,227.555,169.53,170.82,127.51,104.7,102.895,145.24,130.04,126.305,141.885,115.93,115.82,143.695,73.45,79.3,48.91,38.795,50.74,54.125,57.495,37.55
2020-10-22 15:50,326.53,205.9,281.96,215.0,249.72,229.38,198.12,177.16,169.385,227.71,169.72,170.93,127.66,104.77,103.05,145.425,130.115,126.42,141.76,115.87,115.96,143.75,73.39,79.425,48.94,38.865,50.76,54.025,57.52,37.57
2020-10-22 15:55,325.77,205.43,281.095,214.74,249.61,229.25,198.0,176.93,169.1,227.99,169.69,170.76,127.5,104.82,102.895,145.14,130.02,126.17,141.44,115.67,115.775,143.535,73.4,79.205,48.755,38.815,50.685,53.985,57.27,37.52
2020-10-23 09:30,330.57,206.875,281.735,214.16,247.43,229.47,197.92,178.47,169.9,227.96,170.45,172.12,127.89,101.95,103.56,145.965,130.46,127.29,142.19,116.01,116.155,143.525,74.255,79.63,49.74,38.93,51.03,47.915,57.69,37.82
2020-10-23 09:35,332.5,207.12,281.81,213.795,249.09,228.65,197.75,178.19,168.925,228.41,170.05,171.71,128.19,101.02,104.12,146.0,130.31,127.35,142.11,115.87,116.17,143.44,74.095,79.625,49.295,38.88,50.895,48.24,57.795,37.76
2020-10-23 09:40,334.61,207.97,281.775,213.585,248.11,228.95,197.685,178.395,168.465,228.045,170.07,171.595,127.875,102.285,104.19,146.31,129.76,127.09,142.19,115.71,116.445,143.355,73.85,79.72,49.14,38.765,50.825,48.55,57.695,37.83
2020-10-23 09:45,334.58,207.485,281.81,213.845,248.71,228.585,197.27,177.535,167.6,227.815,169.55,171.24,127.58,102.05,103.98,146.515,129.385,126.52,142.425,115.58,116.43,143.17,73.725,79.905,48.97,38.69,50.84,48.33,57.62,37.61
2020-10-23 09:50,334.78,206.65,281.32,214.41,248.33,229.18,197.655,177.24,167.23,228.495,169.34,171.08,127.43,102.015,104.185,146.705,129.26,126.18,142.585,115.55,116.395,143.3,73.8,80.17,49.04,38.705,50.99,48.185,57.73,37.75
2020-10-23 09:55,334.1,206.44,281.12,214.34,248.01,229.53,198.14,177.31,167.355,229.27,168.965,171.08,127.72,102.87,103.94,146.74,129.15,125.78,142.4,115.465,116.265,143.13,73.86,80.37,49.01,38.805,51.09,48.165,57.78,37.8
2020-10-23 10:00,333.36,207.07,280.53,213.675,247.575,228.88,198.135,177.26,167.11,229.08,168.88,171.305,127.51,102.855,104.14,146.79,128.985,125.68,142.385,114.91,116.27,143.13,74.05,80.41,48.97,38.805,51.13,47.915,57.735,37.9
2020-10-23 10:05,333.31,207.19,280.98,214.025,247.725,228.945,197.89,176.42,166.64,229.57,168.3,170.865,127.25,102.45,104.075,146.985,128.96,124.915,142.555,115.005,116.395,143.035,73.41,80.54,48.86,38.81,51.03,48.105,57.685,37.76
2020-10-23 10:10,333.74,206.73,280.56,214.77,248.61,228.67,198.105,176.31,166.68,229.785,168.94,170.555,127.355,101.91,103.88,146.805,129.05,124.275,142.575,115.085,116.3,143.175,73.365,80.505,48.94,38.88,50.96,47.95,57.655,37.77
2020-10-23 10:15,333.24,206.09,280.67,215.135,249.4,228.785,197.94,175.985,166.29,229.05,168.91,170.34,127.285,101.75,103.905,146.175,128.9,124.0,142.53,115.14,116.08,143.165,73.105,80.21,48.87,38.8,50.845,48.035,57.485,37.63
2020-10-23 10:20,332.25,205.91,280.83,214.79,248.915,229.39,197.72,175.94,166.835,228.725,168.85,170.83,127.305,101.675,103.92,146.085,128.92,124.44,142.42,114.835,116.25,143.065,73.16,80.08,49.01,38.805,50.795,48.115,57.58,37.68
2020-10-23 10:25,333.59,206.3,281.14,215.035,249.05,229.71,197.625,176.22,166.905,227.93,168.98,170.86,127.42,102.2,104.08,145.87,129.16,124.51,142.415,115.065,116.29,143.145,73.26,80.1,49.04,38.835,50.755,48.125,57.63,37.7
2020-10-23 10:30,333.51,206.02,281.41,215.51,249.05,229.72,197.49,176.47,167.51,227.405,169.095,171.095,127.585,102.19,104.25,145.74,129.37,124.94,142.38,115.22,116.185,143.27,73.42,79.85,49.115,38.82,50.805,48.015,57.685,37.75
2020-10-23 10:35,332.465,206.455,281.37,215.045,248.37,229.6,197.29,176.22,167.865,226.78,169.145,171.01,127.45,102.41,104.375,145.825,129.47,125.19,142.395,115.08,116.245,143.365,73.49,79.82,49.19,38.9,50.855,47.98,57.695,37.875
2020-10-23 10:40,333.065,206.6,281.135,214.975,248.17,229.42,196.92,176.025,167.81,226.83,169.41,170.89,127.505,102.3,104.42,145.915,129.39,125.27,142.315,114.965,116.09,143.275,73.465,79.8,49.165,38.855,50.83,47.935,57.665,37.81
2020-10-23 10:45,332.71,205.95,281.115,215.01,247.965,229.395,197.115,175.87,167.675,227.29,169.365,170.945,127.525,102.375,104.17,145.865,129.46,125.2,142.29,114.875,116.18,143.13,73.375,79.805,49.12,38.875,50.865,47.905,57.605,37.74
2020-10-23 10:50,332.54,205.5,280.885,214.69,248.59,228.785,197.3,175.79,168.075,227.74,169.3,170.99,127.38,102.455,103.865,145.82,129.34,125.2,142.245,114.865,115.845,143.24,73.2,79.97,49.22,38.825,50.875,47.795,57.585,37.67
2020-10-23 10:55,332.845,205.215,281.285,215.08,248.77,228.825,197.345,175.455,167.8,227.9,169.06,170.81,127.21,102.205,103.52,145.75,129.52,124.81,142.3,115.05,116.055,143.305,72.93,80.03,49.195,38.845,50.935,47.885,57.635,37.695
2020-10-23 11:00,333.05,205.08,281.25,215.33,249.25,228.95,197.49,175.51,167.585,228.05,169.0,170.73,126.95,102.06,103.39,145.635,129.5,124.78,142.475,115.145,116.04,143.37,72.78,79.98,49.24,38.86,50.885,47.855,57.625,37.745
2020-10-23 11:05,332.935,205.185,281.305,215.39,249.745,228.97,197.46,175.25,167.71,228.05,168.72,170.525,126.85,101.725,103.42,145.555,129.465,124.7,142.3,115.18,115.915,143.36,72.84,79.95,49.185,38.87,50.88,47.94,57.63,37.745
2020-10-23 11:10,332.935,205.37,281.84,215.35,250.245,229.275,197.23,175.23,168.345,228.145,168.66,170.38,127.05,102.19,103.53,145.55,129.595,125.13,142.455,115.24,115.955,143.67,72.89,79.95,49.2,38.895,50.875,48.185,57.695,37.875
2020-10-23 11:15,332.825,205.68,281.95,214.865,250.05,229.225,197.07,175.37,168.46,227.9,168.8,170.41,127.195,102.29,103.685,145.445,129.75,125.505,142.465,115.085,115.96,143.62,72.965,79.9,49.265,38.91,50.86,48.015,57.675,37.895
2020-10-23 11:20,331.485,205.28,281.49,214.23,248.78,228.5,196.685,175.02,167.805,227.0,168.42,170.18,127.0,101.855,103.51,145.205,129.5,125.1,142.435,114.675,115.81,143.44,72.76,79.81,49.045,38.845,50.895,47.855,57.585,37.88
2020-10-23 11:25,331.425,205.57,281.365,214.49,248.735,228.67,196.945,175.17,168.2,227.405,168.51,170.28,127.07,102.1,103.94,145.125,129.47,125.32,142.45,114.865,115.785,143.535,73.01,79.84,49.1,38.885,50.92,47.895,57.595,37.875
2020-10-23 11:30,331.61,205.39,281.73,214.32,248.35,228.495,196.98,175.07,168.165,227.25,168.71,170.02,126.94,101.985,103.93,145.33,129.46,125.25,142.62,114.73,115.89,143.665,73.045,79.845,49.115,38.855,50.935,47.905,57.605,37.9
2020-10-23 11:35,331.18,205.3,281.73,213.94,247.81,228.18,196.795,175.21,168.61,227.02,168.77,170.39,126.83,102.065,103.96,145.19,129.455,125.465,142.63,114.65,116.035,143.545,73.07,79.825,49.15,38.905,50.94,47.945,57.725,37.895
2020-10-23 11:40,331.23,205.49,281.77,214.42,247.9,228.235,196.78,175.055,168.27,227.2,168.65,170.29,126.68,101.98,103.785,145.085,129.52,125.44,142.575,114.69,115.995,143.425,72.83,79.8,49.065,38.855,50.915,47.955,57.72,37.885
2020-10-23 11:45,331.04,205.18,281.25,214.16,247.47,228.4,196.6,174.63,167.73,226.375,168.445,170.0,126.645,101.835,103.765,145.08,129.195,125.3,142.47,114.35,115.835,143.275,72.755,79.715,48.94,38.82,50.9,47.805,57.72,37.805
2020-10-23 11:50,330.85,204.98,281.325,214.335,247.775,228.42,196.355,174.64,167.615,226.795,168.485,169.81,126.75,101.67,103.875,145.095,129.14,125.51,142.48,114.405,115.735,143.35,72.72,79.71,48.93,38.845,50.82,47.815,57.79,37.8
2020-10-23 11:55,330.81,204.88,281.65,214.83,248.29,228.64,196.475,174.61,167.26,227.46,168.34,169.82,126.755,101.675,103.735,145.23,129.155,125.17,142.585,114.595,115.78,143.45,72.63,79.745,49.01,38.91,50.855,47.875,57.795,37.81
2020-10-23 12:00,330.67,204.91,281.84,214.98,248.4,228.665,196.565,174.745,167.25,227.415,168.425,169.955,126.895,101.54,103.66,145.28,129.31,125.13,142.605,114.725,115.78,143.545,72.69,79.795,49.04,38.92,50.82,47.915,57.8,37.795
2020-10-23 12:05,330.4,204.975,281.68,215.085,248.665,228.54,196.6,174.64,167.335,227.24,168.425,170.125,126.87,101.55,103.66,145.145,129.5,125.35,142.74,114.825,115.84,143.595,72.59,79.775,49.035,38.915,50.845,47.995,57.83,37.815
2020-10-23 12:10,329.875,204.835,281.23,215.03,248.42,228.63,196.465,174.54,167.16,227.13,168.32,169.95,126.875,101.355,103.55,145.035,129.475,125.16,142.56,114.83,115.83,143.54,72.51,79.68,48.92,38.91,50.815,48.04,57.76,37.82
2020-10-23 12:15,329.56,204.4,280.87,214.96,248.02,228.36,196.3,174.09,166.72,226.825,168.015,169.59,126.655,101.185,103.4,144.925,129.26,125.13,142.56,114.59,115.765,143.45,72.36,79.51,48.86,38.915,50.705,48.0,57.695,37.805
2020-10-23 12:20,329.2,204.62,280.44,214.54,247.48,227.935,196.2,173.99,166.72,226.57,167.77,169.59,126.39,101.14,103.29,144.615,128.985,125.07,142.565,114.41,115.67,143.315,72.375,79.42,48.7,38.865,50.655,47.995,57.645,37.795
2020-10-23 12:25,329.455,204.57,280.43,214.885,247.64,227.935,196.35,174.37,166.68,226.88,167.94,169.58,126.62,101.105,103.46,144.725,129.16,125.25,142.69,114.485,115.69,143.255,72.44,79.37,48.645,38.845,50.64,48.115,57.685,37.82
2020-10-23 12:30,329.565,204.73,280.24,214.935,247.315,228.1,196.23,174.345,166.725,226.86,168.01,169.74,126.57,101.1,103.55,144.71,129.115,125.2,142.61,114.61,115.685,143.335,72.42,79.435,48.65,38.845,50.645,48.065,57.67,37.825
2020-10-23 12:35,329.6,204.46,280.075,215.16,247.51,228.07,196.305,174.105,166.735,227.07,167.925,169.525,126.615,100.835,103.465,144.635,129.075,124.99,142.62,114.675,115.715,143.38,72.335,79.42,48.665,38.875,50.64,48.21,57.64,37.795
2020-10-23 12:40,329.675,204.73,280.02,215.2,247.92,228.11,196.53,174.54,166.88,226.755,167.95,169.645,126.755,100.565,103.63,144.7,129.19,125.07,142.585,114.915,115.7,143.595,72.405,79.47,48.665,38.865,50.645,48.175,57.605,37.78
2020-10-23 12:45,329.45,204.765,280.16,215.14,247.77,228.16,196.405,174.5,166.785,226.505,167.945,169.52,126.735,100.44,103.36,144.59,129.16,125.115,142.575,114.995,115.705,143.48,72.36,79.5,48.715,38.835,50.61,48.015,57.58,37.77
2020-10-23 12:50,329.13,204.71,280.095,215.045,247.7,228.17,196.4,174.415,167.06,226.575,167.885,169.24,126.69,100.685,103.34,144.57,129.07,125.07,142.565,114.84,115.745,143.34,72.465,79.525,48.735,38.79,50.61,48.035,57.555,37.765
2020-10-23 12:55,329.03,204.44,279.65,214.75,247.175,227.935,196.18,174.19,166.76,226.495,167.66,169.07,126.49,100.62,103.09,144.435,129.0,125.01,142.64,114.825,115.625,143.365,72.3,79.475,48.6,38.73,50.555,47.945,57.51,37.755
2020-10-23 13:00,329.61,204.7,280.685,215.25,247.845,228.27,196.535,174.42,167.045,226.87,168.05,169.29,126.795,101.065,103.39,144.595,129.165,125.06,142.765,115.025,115.79,143.545,72.525,79.51,48.795,38.785,50.635,47.975,57.535,37.855
2020-10-23 13:05,329.64,204.49,280.995,215.3,248.03,228.27,196.475,174.38,166.825,226.66,167.925,169.2,126.79,100.71,103.21,144.605,129.2,125.0,142.755,115.01,115.83,143.58,72.27,79.495,48.785,38.785,50.625,48.005,57.54,37.835
2020-10-23 13:10,329.72,204.52,280.87,215.19,248.22,228.13,196.45,174.265,166.805,226.6,167.65,169.11,126.85,100.625,103.18,144.64,129.27,124.96,142.655,114.91,115.82,143.635,72.12,79.495,48.68,38.77,50.565,47.995,57.585,37.815
2020-10-23 13:15,329.665,205.01,280.62,215.275,248.585,228.065,196.535,174.405,167.03,226.95,167.8,169.23,126.955,100.965,103.485,144.62,129.21,125.225,142.665,114.965,115.845,143.725,72.105,79.51,48.715,38.775,50.595,48.035,57.545,37.845
2020-10-23 13:20,329.665,205.14,281.115,215.46,248.925,228.33,196.97,174.72,167.435,227.035,168.12,169.39,127.09,101.125,103.665,144.75,129.52,125.485,142.675,115.06,115.91,143.83,72.35,79.59,48.755,38.845,50.615,48.095,57.605,37.895
2020-10-23 13:25,329.77,205.345,281.09,215.355,248.72,228.345,196.81,174.56,167.495,226.885,168.025,169.24,127.125,101.22,103.865,144.63,129.51,125.82,142.62,114.995,115.93,143.915,72.24,79.53,48.675,38.855,50.62,48.055,57.585,37.89
2020-10-23 13:30,329.995,205.39,281.06,215.32,248.715,228.39,196.905,174.64,167.54,226.885,168.285,169.26,127.095,101.615,103.905,144.53,129.55,125.66,142.625,115.045,115.96,143.87,72.35,79.515,48.6,38.885,50.595,48.07,57.575,37.915
2020-10-23 13:35,330.11,205.695,280.9,215.215,248.355,228.525,196.95,174.69,167.43,227.415,168.455,169.405,127.065,101.38,103.85,144.58,129.6,125.625,142.54,115.005,115.87,143.98,72.185,79.495,48.52,38.895,50.615,48.095,57.585,37.97
2020-10-23 13:40,329.845,205.47,280.905,215.035,248.195,228.3,196.865,174.81,167.47,227.945,168.44,169.525,127.035,101.285,103.815,144.525,129.655,125.625,142.55,114.93,115.735,143.935,72.145,79.435,48.54,38.855,50.555,48.025,57.575,37.955
2020-10-23 13:45,329.35,205.38,281.04,215.06,248.465,228.47,196.86,174.94,167.44,228.35,168.35,169.46,126.975,101.03,103.75,144.615,129.83,125.68,142.615,114.985,115.75,144.075,72.055,79.47,48.51,38.865,50.535,48.04,57.575,37.935
2020-10-23 13:50,328.86,205.3,281.195,215.1,248.54,228.55,196.89,174.9,167.2,228.41,168.38,169.34,126.98,101.175,103.73,144.58,129.875,125.585,142.54,114.955,115.68,144.04,71.935,79.525,48.475,38.845,50.525,48.025,57.565,37.925
2020-10-23 13:55,329.4,205.53,281.215,214.98,248.355,228.69,196.845,175.04,167.33,228.87,168.415,169.365,126.97,101.255,103.8,144.63,129.975,125.61,142.545,114.855,115.7,144.025,72.05,79.54,48.52,38.88,50.52,48.035,57.58,37.945
2020-10-23 14:00,329.14,205.565,281.44,215.31,248.605,228.69,196.995,175.19,167.345,228.31,168.45,169.45,127.0,101.265,103.81,144.675,130.075,125.53,142.545,114.95,115.615,144.075,72.01,79.54,48.525,38.895,50.505,48.03,57.555,37.895
2020-10-23 14:05,329.58,205.61,281.38,215.31,248.85,228.865,197.075,175.325,167.4,228.135,168.45,169.45,127.23,101.235,103.78,144.755,130.065,125.64,142.56,115.03,115.645,144.01,71.96,79.56,48.55,38.875,50.54,48.015,57.54,37.935
2020-10-23 14:10,329.42,205.465,281.5,215.245,248.71,228.84,196.91,175.21,167.25,228.125,168.47,169.53,127.15,101.26,103.8,144.715,129.975,125.715,142.56,114.875,115.625,144.07,71.89,79.53,48.48,38.855,50.495,48.035,57.565,37.905
2020-10-23 14:15,329.615,205.52,281.61,215.475,248.78,228.78,196.985,175.37,167.365,228.285,168.59,169.665,127.25,101.21,103.81,144.745,130.125,125.75,142.68,114.965,115.68,144.035,72.015,79.55,48.51,38.855,50.545,48.055,57.575,37.905
2020-10-23 14:20,329.715,205.6,281.72,215.39,248.615,228.95,197.145,175.415,167.405,228.16,168.73,169.755,127.245,101.435,103.825,144.88,130.235,125.76,142.745,114.795,115.705,144.005,72.12,79.555,48.51,38.84,50.535,48.06,57.565,37.925
2020-10-23 14:25,329.965,205.345,281.9,215.56,248.905,229.09,197.17,175.615,167.545,228.09,168.8,169.87,127.265,101.475,103.745,144.935,130.33,125.69,142.76,114.78,115.675,143.95,72.18,79.54,48.575,38.835,50.565,48.06,57.565,37.92
2020-10-23 14:30,329.97,205.285,281.865,215.435,248.86,229.135,197.24,175.665,167.79,227.87,168.885,169.955,127.295,101.545,103.77,144.885,130.31,125.735,142.63,114.815,115.755,143.98,72.265,79.61,48.68,38.825,50.55,48.03,57.635,37.925
2020-10-23 14:35,329.85,205.14,281.59,215.475,248.795,229.005,197.16,175.49,167.725,227.76,169.005,169.795,127.21,101.415,103.625,144.89,130.285,125.72,142.61,114.755,115.73,143.885,72.155,79.63,48.59,38.8,50.48,48.025,57.59,37.91
2020-10-23 14:40,329.435,205.175,281.585,215.445,248.795,228.765,197.25,175.54,167.38,227.655,168.94,169.66,127.475,101.235,103.65,144.925,130.175,125.68,142.57,114.585,115.7,143.77,72.135,79.65,48.495,38.8,50.485,48.0,57.635,37.91
2020-10-23 14:45,329.69,205.1,281.715,215.56,248.89,228.91,197.32,175.655,167.37,227.76,169.06,169.825,127.71,101.175,103.69,144.945,130.235,125.82,142.67,114.725,115.76,143.725,72.21,79.64,48.61,38.805,50.515,47.995,57.74,37.945
2020-10-23 14:50,329.51,205.14,281.64,215.435,248.57,228.85,197.215,175.61,167.24,227.54,169.025,169.91,127.79,101.195,103.79,144.975,130.165,125.895,142.62,114.61,115.675,143.64,72.135,79.64,48.56,38.785,50.505,47.975,57.755,37.975
2020-10-23 14:55,329.445,205.145,281.82,215.465,248.555,228.865,197.265,175.44,167.445,227.595,169.04,169.86,127.915,101.08,103.795,144.95,130.1,125.975,142.555,114.43,115.745,143.67,72.25,79.66,48.55,38.795,50.52,47.955,57.805,37.97
2020-10-23 15:00,329.765,204.98,282.13,215.49,248.47,229.05,197.35,175.57,167.76,227.54,169.09,169.955,127.965,100.9,103.84,145.28,130.13,126.015,142.665,114.485,115.765,143.64,72.195,79.675,48.615,38.795,50.535,47.945,57.765,37.935
2020-10-23 15:05,330.01,205.15,282.03,215.56,248.475,228.73,197.41,175.605,167.96,227.78,169.04,169.93,127.905,100.905,103.83,145.345,130.19,126.08,142.585,114.605,115.835,143.6,72.175,79.64,48.63,38.805,50.505,48.0,57.765,37.965
2020-10-23 15:10,330.37,205.19,282.41,215.85,249.015,229.015,197.645,175.67,168.04,227.89,169.245,170.065,128.08,101.04,103.905,145.495,130.2,126.21,142.65,114.73,115.91,143.74,72.35,79.7,48.68,38.825,50.555,48.08,57.78,37.99
2020-10-23 15:15,330.01,205.12,282.26,215.85,249.065,228.935,197.51,175.7,167.85,227.78,169.18,170.005,128.11,100.85,103.855,145.44,130.135,126.1,142.495,114.725,115.985,143.64,72.37,79.65,48.7,38.805,50.495,48.055,57.715,38.03
2020-10-23 15:20,330.2,205.075,282.36,215.83,249.11,228.775,197.435,175.65,167.75,227.89,168.85,169.97,127.98,100.685,103.825,145.38,130.04,126.15,142.53,114.635,115.9,143.605,72.275,79.59,48.72,38.775,50.495,48.075,57.745,37.985
2020-10-23 15:25,330.255,205.065,282.35,215.865,249.19,228.625,197.52,175.565,167.64,227.89,168.895,169.97,127.905,100.535,103.71,145.43,129.96,125.945,142.51,114.595,115.8,143.61,72.325,79.59,48.705,38.755,50.495,48.015,57.755,38.005
2020-10-23 15:30,330.105,205.18,282.215,215.695,249.555,228.575,197.495,175.42,167.79,227.83,168.79,169.785,127.995,100.735,103.835,145.42,129.97,126.12,142.525,114.52,115.83,143.44,72.43,79.57,48.64,38.735,50.495,48.015,57.785,37.99
2020-10-23 15:35,330.145,204.98,282.305,215.85,249.91,228.56,197.525,175.29,167.865,227.665,168.61,169.725,128.15,100.8,103.865,145.27,129.99,126.0,142.405,114.625,115.77,143.52,72.5,79.58,48.685,38.77,50.495,48.01,57.8,38.0
2020-10-23 15:40,330.21,205.045,282.665,216.115,250.425,228.57,197.79,175.35,167.885,227.32,168.795,169.765,128.29,100.92,103.795,145.185,130.055,125.895,142.49,114.82,115.78,143.585,72.555,79.595,48.67,38.795,50.505,48.025,57.805,38.0
2020-10-23 15:45,330.46,205.165,282.55,215.96,250.08,228.66,197.795,175.6,167.775,227.195,168.9,169.905,128.435,100.93,103.845,145.255,130.06,126.11,142.49,114.93,115.9,143.585,72.58,79.635,48.65,38.815,50.5,48.055,57.84,38.035
2020-10-23 15:50,330.395,205.155,282.95,216.175,250.525,228.74,197.855,175.45,167.545,226.985,168.79,169.98,128.345,100.83,103.88,145.27,130.135,125.955,142.36,115.02,115.845,143.695,72.53,79.655,48.515,38.805,50.485,48.155,57.905,38.02
2020-10-23 15:55,330.74,205.08,282.93,216.16,250.5,228.675,198.01,175.55,167.38,227.02,168.58,169.81,128.34,100.98,103.76,145.22,129.98,126.03,142.34,115.03,115.95,143.835,72.6,79.85,48.51,38.82,50.515,48.2,57.955,38.035
2020-10-26 09:30,326.81,202.15,280.76,214.31,246.58,226.41,196.04,172.37,163.7,226.59,165.09,167.75,126.975,99.61,102.07,144.105,128.92,123.89,141.52,115.22,114.12,142.78,71.45,79.575,47.495,38.17,50.125,47.515,57.545,37.74
2020-10-26 09:35,327.09,201.995,280.385,214.89,247.82,225.82,195.445,172.28,162.76,227.88,164.68,167.205,126.36,99.0,101.835,143.965,129.08,123.71,141.42,115.43,114.03,142.92,71.475,79.28,47.65,38.175,50.055,47.595,57.615,37.705
2020-10-26 09:40,326.89,200.9,280.23,214.82,245.84,226.25,194.835,171.57,163.255,227.12,164.165,167.07,126.265,98.2,101.44,143.44,128.825,123.355,141.115,115.15,113.845,142.815,71.325,78.885,47.61,38.105,50.015,47.43,57.415,37.52
2020-10-26 09:45,326.315,201.2,279.38,214.62,245.87,225.79,194.43,171.76,162.43,226.34,164.48,166.61,126.185,97.625,101.49,143.33,128.99,123.4,141.27,115.22,113.645,142.81,71.415,78.585,47.7,38.125,49.985,47.35,57.295,37.66
2020-10-26 09:50,326.05,201.51,279.36,215.24,246.53,225.745,194.5,171.98,163.04,226.1,165.08,166.8,126.295,97.8,101.72,143.42,129.15,123.77,141.485,115.8,113.605,142.925,71.5,78.475,47.83,38.025,50.025,47.265,57.345,37.715
2020-10-26 09:55,326.81,201.44,279.29,215.57,246.47,225.7,195.03,171.68,163.3,226.14,165.15,166.99,126.165,97.945,101.56,143.43,129.15,123.72,141.59,115.7,113.75,142.735,71.505,78.34,47.89,38.025,49.99,47.305,57.265,37.7
2020-10-26 10:00,326.05,201.375,279.17,216.185,246.585,225.74,195.325,171.7,163.09,225.88,165.28,166.965,126.18,98.06,101.57,143.57,129.455,123.47,141.75,115.925,113.735,142.57,71.615,78.53,48.01,38.165,50.01,47.335,57.255,37.62
2020-10-26 10:05,325.715,201.41,278.81,216.02,246.32,226.025,195.025,171.88,163.03,225.82,165.34,166.985,126.22,98.455,101.77,143.72,129.525,123.4,141.885,115.895,113.95,142.605,71.815,78.54,47.96,38.165,49.985,47.255,57.395,37.68
2020-10-26 10:10,326.69,201.45,278.81,215.85,246.185,225.92,195.01,172.04,162.945,225.95,165.1,167.315,126.07,98.48,101.875,143.82,129.505,123.635,141.865,115.88,113.905,142.57,71.755,78.62,48.05,38.165,50.005,47.255,57.405,37.73
2020-10-26 10:15,326.29,201.18,278.94,216.15,246.89,225.685,195.0,171.93,162.76,225.68,165.3,167.42,126.16,98.29,101.545,143.84,129.355,123.435,141.62,116.365,113.845,142.52,71.625,78.58,48.05,38.155,49.92,47.225,57.355,37.8
2020-10-26 10:20,326.36,201.58,278.69,215.615,246.08,225.73,194.69,171.875,162.55,225.645,165.435,167.26,126.16,98.08,101.615,143.655,129.23,123.49,141.47,116.075,113.935,142.42,71.415,78.595,48.03,38.135,49.895,47.255,57.375,37.84
2020-10-26 10:25,325.91,201.185,277.76,214.84,245.17,225.365,194.105,171.18,162.195,225.51,164.63,166.78,125.83,97.915,101.335,143.495,128.875,123.175,141.29,115.63,113.745,142.32,71.255,78.51,47.84,38.075,49.815,47.165,57.31,37.72
2020-10-26 10:30,325.14,200.75,276.85,213.895,244.6,225.065,193.775,170.94,162.035,225.26,164.865,166.69,125.55,97.33,101.205,143.235,128.64,122.79,140.95,115.43,113.61,142.14,71.1,78.425,47.745,37.995,49.655,47.035,57.17,37.695
2020-10-26 10:35,325.07,200.75,277.65,213.98,244.83,225.495,193.92,170.94,161.75,225.19,165.02,166.495,125.2,97.485,101.145,143.16,128.675,122.6,140.945,115.355,113.52,142.195,71.06,78.37,47.765,37.905,49.725,46.955,57.195,37.66
2020-10-26 10:40,324.815,200.875,278.0,214.13,245.06,225.545,194.14,170.87,162.045,225.0,165.02,166.615,125.21,97.445,101.115,143.15,128.785,122.56,140.96,115.49,113.645,142.235,71.245,78.425,47.79,37.835,49.725,46.915,57.105,37.68
2020-10-26 10:45,323.7,200.52,277.1,213.715,244.18,225.105,193.705,170.425,161.715,224.4,164.38,166.1,124.98,97.28,101.11,143.07,128.46,122.33,140.77,115.165,113.4,142.065,71.17,78.3,47.56,37.79,49.63,46.795,57.025,37.6
2020-10-26 10:50,323.375,200.57,277.14,213.25,243.655,224.64,193.45,170.47,161.35,224.64,164.465,166.395,124.89,97.32,101.16,143.185,128.55,122.47,140.86,115.13,113.415,142.29,70.98,78.41,47.52,37.71,49.56,46.725,57.095,37.57
2020-10-26 10:55,323.16,200.005,276.95,212.995,242.63,224.56,193.275,170.125,161.24,224.75,164.28,166.045,124.69,97.03,101.125,143.355,128.31,122.5,140.705,114.935,113.375,142.135,71.02,78.52,47.495,37.74,49.515,46.715,57.135,37.61
2020-10-26 11:00,322.68,199.88,276.525,212.395,241.36,224.43,192.97,169.98,160.96,223.97,164.355,165.965,124.42,96.89,100.83,143.25,128.125,122.37,140.715,114.66,112.93,141.96,70.935,78.48,47.535,37.665,49.425,46.585,57.115,37.485
2020-10-26 11:05,322.39,199.86,276.43,211.795,241.14,224.525,192.91,169.84,161.1,223.86,164.355,165.96,124.525,96.885,100.82,143.17,128.12,122.46,140.675,114.85,112.895,141.955,70.84,78.47,47.53,37.645,49.515,46.705,57.085,37.49
2020-10-26 11:10,322.87,200.01,276.09,211.94,241.46,224.385,192.97,170.05,161.465,224.275,164.49,166.205,124.735,96.93,100.81,143.475,128.34,122.72,140.945,114.935,113.205,142.17,71.0,78.745,47.62,37.645,49.665,46.865,57.185,37.66
2020-10-26 11:15,321.645,199.475,274.885,210.935,240.66,223.875,192.125,169.315,161.03,223.85,163.73,165.435,124.35,96.61,100.63,142.985,127.88,122.14,140.43,114.38,112.915,141.83,70.765,78.58,47.43,37.635,49.54,46.76,57.06,37.57
2020-10-26 11:20,322.27,200.02,275.185,210.96,241.65,223.97,192.64,169.8,161.425,224.24,164.3,165.78,124.64,97.08,100.985,142.98,127.94,122.02,140.575,114.595,113.015,141.875,71.04,78.61,47.54,37.635,49.545,46.785,57.07,37.54
2020-10-26 11:25,322.56,200.16,275.675,210.705,241.59,223.86,192.61,169.98,161.475,224.1,164.41,165.95,124.72,97.02,101.02,143.14,128.055,122.1,140.62,114.325,113.24,141.9,71.12,78.67,47.565,37.645,49.565,46.765,57.195,37.6
2020-10-26 11:30,321.96,199.875,275.02,210.18,241.065,223.21,192.23,169.725,161.14,223.88,164.08,165.9,124.285,96.825,100.81,142.915,127.905,121.95,140.41,113.965,112.925,141.845,70.875,78.56,47.47,37.58,49.45,46.685,57.115,37.5
2020-10-26 11:35,322.53,200.16,275.59,210.62,241.75,223.435,192.625,170.025,161.38,223.95,164.06,166.09,124.57,96.985,100.98,143.195,127.98,122.08,140.66,114.22,113.025,142.17,71.06,78.75,47.52,37.65,49.595,46.615,57.265,37.56
2020-10-26 11:40,322.37,200.29,275.61,210.05,241.455,223.09,192.67,169.835,161.11,223.695,163.94,166.0,124.34,96.885,101.0,143.295,127.93,121.91,140.605,114.13,112.87,141.955,71.03,78.86,47.48,37.63,49.595,46.535,57.285,37.56
2020-10-26 11:45,322.59,200.34,276.14,210.53,241.805,223.31,192.72,169.75,161.18,223.78,163.575,166.0,124.465,96.9,101.07,143.415,128.125,122.27,140.54,114.195,112.72,142.08,70.975,78.87,47.47,37.605,49.565,46.505,57.325,37.575
2020-10-26 11:50,321.92,200.02,275.745,211.09,242.215,223.15,192.87,169.52,160.98,223.865,163.6,165.91,124.385,96.69,100.93,143.03,128.09,121.97,140.39,114.58,112.72,141.97,70.79,78.67,47.305,37.665,49.52,46.63,57.225,37.465
2020-10-26 11:55,321.36,200.07,275.14,210.79,241.46,222.72,192.645,169.22,161.055,223.55,163.54,165.67,124.32,96.75,101.11,143.12,127.9,122.1,140.275,114.19,112.63,141.995,70.79,78.73,47.35,37.575,49.47,46.51,57.285,37.54
2020-10-26 12:00,321.14,200.105,275.36,210.815,241.83,222.755,192.93,169.145,161.03,223.61,163.525,165.75,124.465,96.745,101.01,143.275,127.98,122.12,140.385,114.28,112.795,142.11,70.87,78.775,47.375,37.57,49.45,46.435,57.335,37.54
2020-10-26 12:05,321.11,199.9,275.665,210.585,241.51,222.8,192.62,168.825,160.845,223.38,163.21,165.655,124.225,96.54,100.95,143.23,127.91,121.96,140.42,114.32,112.67,142.03,70.815,78.74,47.305,37.575,49.475,46.42,57.375,37.505
2020-10-26 12:10,320.95,199.79,275.33,210.755,241.49,222.47,192.73,168.61,160.8,223.29,163.06,165.6,124.235,96.36,100.77,143.22,127.665,121.77,140.34,114.435,112.625,141.8,70.8,78.735,47.315,37.595,49.435,46.425,57.385,37.415
2020-10-26 12:15,321.265,199.845,275.55,211.05,241.925,222.645,193.01,168.84,160.86,223.345,162.87,165.7,124.375,96.31,100.745,143.34,127.79,121.79,140.42,114.53,112.64,141.785,70.8,78.78,47.35,37.575,49.485,46.475,57.38,37.345
2020-10-26 12:20,321.69,199.83,275.67,210.895,241.815,222.485,192.74,168.73,160.655,223.05,162.7,165.7,124.365,96.175,100.67,143.54,127.63,121.715,140.42,114.495,112.52,141.78,70.745,78.84,47.295,37.59,49.445,46.475,57.435,37.285
2020-10-26 12:25,321.835,199.83,275.66,211.145,241.965,222.57,192.855,168.98,160.63,222.78,162.885,165.76,124.305,96.235,100.66,143.465,127.765,121.745,140.355,114.495,112.39,141.645,70.77,78.785,47.33,37.615,49.435,46.5,57.475,37.295
2020-10-26 12:30,320.61,199.29,274.965,210.44,240.66,222.08,192.255,168.4,160.42,221.97,162.365,165.475,124.125,96.05,100.48,143.18,127.265,121.315,140.095,114.145,112.255,141.32,70.53,78.58,47.22,37.515,49.34,46.425,57.405,37.21
2020-10-26 12:35,320.15,199.345,275.25,210.185,240.415,222.035,191.9,168.625,160.535,221.995,162.575,165.685,124.04,96.06,100.545,143.23,127.285,121.3,140.17,114.065,112.175,141.32,70.52,78.585,47.22,37.46,49.325,46.315,57.47,37.195
2020-10-26 12:40,320.285,199.15,274.96,210.1,240.6,221.81,191.77,168.475,160.27,222.25,162.275,165.655,123.96,96.05,100.47,143.39,127.32,121.25,140.2,114.17,112.145,141.34,70.575,78.615,47.135,37.465,49.335,46.365,57.485,37.185
2020-10-26 12:45,320.09,199.325,274.625,209.885,239.75,221.68,191.775,168.49,160.11,222.335,162.225,165.785,123.76,96.1,100.58,143.48,127.23,121.175,140.32,113.93,112.095,141.22,70.605,78.685,47.22,37.415,49.365,46.3,57.56,37.165
2020-10-26 12:50,319.64,199.585,274.705,209.82,239.635,221.94,191.73,168.63,160.23,222.82,162.22,165.91,123.825,95.99,100.59,143.69,127.145,121.35,140.46,113.955,112.33,141.34,70.6,78.815,47.195,37.4,49.39,46.345,57.49,37.14
2020-10-26 12:55,319.77,199.61,274.285,209.675,239.21,222.17,191.675,168.72,160.595,222.66,162.44,165.995,123.735,96.16,100.75,143.685,127.18,121.41,140.46,113.94,112.41,141.475,70.655,78.81,47.31,37.405,49.405,46.305,57.48,37.185
2020-10-26 13:00,319.7,199.88,274.15,209.725,238.87,222.205,191.675,168.715,160.625,222.765,162.16,165.935,123.72,96.065,100.79,143.675,127.31,121.455,140.525,113.98,112.515,141.4,70.55,78.825,47.25,37.335,49.455,46.385,57.535,37.185
2020-10-26 13:05,319.76,199.4,273.99,209.43,239.14,222.345,191.79,168.58,160.355,222.93,162.135,165.94,123.7,96.145,100.695,143.77,127.23,121.37,140.745,113.94,112.595,141.45,70.52,78.875,47.165,37.34,49.495,46.365,57.575,37.185
2020-10-26 13:10,319.78,199.17,273.825,209.57,239.485,222.285,191.91,168.565,160.265,223.295,161.86,165.665,123.595,96.11,100.62,143.57,127.25,121.39,140.68,113.96,112.56,141.32,70.495,78.795,47.065,37.325,49.455,46.395,57.48,37.145
2020-10-26 13:15,319.185,199.105,273.115,209.06,238.515,221.95,191.575,168.325,159.86,222.955,161.92,165.35,123.39,96.11,100.54,143.38,127.055,121.15,140.44,113.72,112.375,141.24,70.4,78.63,47.0,37.26,49.355,46.285,57.42,37.085
2020-10-26 13:20,319.01,198.935,272.84,208.76,238.21,221.515,191.255,168.065,159.65,222.745,161.635,165.08,123.335,95.91,100.43,143.21,127.0,120.89,140.22,113.6,112.115,141.215,70.37,78.61,46.955,37.225,49.33,46.285,57.41,37.09
2020-10-26 13:25,319.39,198.93,272.64,208.685,237.95,221.27,191.245,168.035,159.55,222.505,161.625,164.88,123.185,95.975,100.44,143.265,126.94,120.86,140.135,113.19,112.12,141.13,70.34,78.605,46.91,37.21,49.315,46.31,57.365,37.055
2020-10-26 13:30,318.58,198.61,272.14,208.245,237.56,221.07,190.875,167.6,159.195,222.325,161.16,164.625,123.04,96.05,100.365,143.165,126.78,120.71,140.045,112.97,112.045,140.965,70.28,78.58,46.93,37.16,49.215,46.325,57.4,37.045
2020-10-26 13:35,319.585,199.445,272.75,208.8,238.05,221.23,191.225,168.22,159.695,222.65,161.455,164.78,123.3,96.26,100.545,143.18,127.05,120.96,140.185,113.28,112.255,141.18,70.525,78.62,47.01,37.265,49.38,46.41,57.565,37.135
2020-10-26 13:40,319.845,199.47,272.98,208.9,238.08,221.38,190.99,168.275,159.705,222.705,161.45,164.785,123.215,96.13,100.5,143.175,127.12,120.76,140.35,113.31,112.15,141.32,70.435,78.645,46.95,37.265,49.44,46.385,57.595,37.17
2020-10-26 13:45,320.58,199.66,273.32,209.15,238.75,221.45,191.345,168.3,159.93,223.165,161.74,164.92,123.385,96.28,100.55,143.26,127.25,120.81,140.49,113.46,112.105,141.345,70.45,78.705,46.98,37.305,49.455,46.395,57.595,37.185
2020-10-26 13:50,320.855,199.94,273.4,209.325,238.95,221.56,191.56,168.545,160.1,223.505,161.95,165.005,123.45,96.4,100.615,143.295,127.53,120.96,140.56,113.715,112.115,141.395,70.585,78.765,47.05,37.305,49.495,46.415,57.605,37.245
2020-10-26 13:55,321.43,200.04,273.71,209.49,239.1,221.85,191.665,168.645,160.155,223.605,162.1,165.02,123.54,96.415,100.66,143.35,127.57,120.93,140.615,113.83,112.15,141.6,70.63,78.81,47.095,37.34,49.51,46.42,57.65,37.29
2020-10-26 14:00,321.735,200.03,273.46,209.475,238.98,221.865,191.755,168.76,160.395,223.54,162.16,165.06,123.54,96.43,100.76,143.315,127.66,120.9,140.555,113.785,112.175,141.575,70.59,78.82,47.1,37.385,49.515,46.335,57.675,37.29
2020-10-26 14:05,322.225,200.27,274.28,209.63,239.05,222.165,192.5,169.21,160.69,223.785,162.525,165.445,123.885,96.525,100.91,143.53,127.835,121.09,140.795,113.825,112.12,141.765,70.64,79.01,47.18,37.405,49.575,46.395,57.67,37.295
2020-10-26 14:10,322.01,200.25,274.365,209.46,239.28,222.025,192.58,169.05,160.34,223.73,162.48,165.315,123.67,96.48,100.84,143.34,127.795,120.93,140.71,113.74,111.97,141.75,70.56,78.935,47.175,37.37,49.565,46.375,57.635,37.26
2020-10-26 14:15,322.29,200.56,274.605,209.68,239.495,222.15,192.67,169.41,160.08,223.805,162.385,165.7,123.745,96.645,100.94,143.495,127.79,120.92,140.78,113.9,111.97,141.88,70.61,78.985,47.14,37.445,49.635,46.425,57.615,37.265
2020-10-26 14:20,322.09,200.63,274.775,209.62,239.21,222.01,192.545,169.5,159.98,223.79,162.445,165.62,123.55,96.6,100.83,143.375,127.715,120.87,140.79,113.955,112.03,141.83,70.715,78.95,47.095,37.44,49.655,46.395,57.635,37.255
2020-10-26 14:25,323.16,200.97,275.445,210.06,240.195,222.39,192.875,169.705,160.52,224.015,162.96,166.055,123.81,96.895,100.955,143.59,127.95,121.1,141.035,114.145,112.155,141.96,70.86,79.1,47.275,37.47,49.735,46.515,57.67,37.295
2020-10-26 14:30,322.98,200.785,275.62,209.92,240.325,222.63,192.795,169.51,160.51,223.67,162.745,165.86,123.615,96.815,100.84,143.44,128.14,121.06,140.965,114.13,112.09,141.95,70.795,78.97,47.275,37.445,49.715,46.535,57.695,37.225
2020-10-26 14:35,322.32,200.45,275.23,210.035,240.59,222.285,192.66,168.99,160.04,223.38,162.1,165.42,123.385,96.47,100.67,143.27,127.92,120.78,140.775,114.205,111.93,141.8,70.665,78.915,47.125,37.395,49.64,46.585,57.69,37.08
2020-10-26 14:40,322.285,200.515,275.22,209.735,240.63,222.325,192.73,169.1,160.21,223.24,162.155,165.505,123.45,96.44,100.78,143.3,128.015,120.93,140.8,114.21,112.095,141.81,70.69,78.955,47.015,37.36,49.64,46.545,57.605,37.1
2020-10-26 14:45,321.875,200.395,274.79,209.29,240.125,222.4,192.705,169.0,160.125,222.66,162.26,165.41,123.345,96.32,100.77,143.195,127.815,120.65,140.7,113.97,111.89,141.66,70.64,78.925,47.02,37.295,49.595,46.485,57.595,37.085
2020-10-26 14:50,322.245,200.42,275.07,209.71,241.0,222.63,192.825,169.22,160.08,223.19,162.4,165.79,123.58,96.37,100.84,143.34,127.945,120.85,140.78,114.08,112.045,141.825,70.75,79.015,47.015,37.335,49.69,46.575,57.605,37.125
2020-10-26 14:55,322.26,200.37,275.15,209.93,241.275,222.9,192.82,169.345,160.13,222.7,162.79,165.895,123.565,96.235,100.79,143.245,127.955,120.73,140.765,114.18,112.05,141.93,70.735,78.955,46.98,37.415,49.665,46.635,57.545,37.145
2020-10-26 15:00,322.285,200.305,275.07,209.79,240.995,222.83,192.715,169.285,159.85,223.21,162.265,165.82,123.405,96.195,100.66,143.295,127.89,120.71,140.82,114.2,112.06,141.825,70.83,78.99,46.965,37.4,49.62,46.595,57.535,37.175
2020-10-26 15:05,322.205,200.32,274.785,209.535,240.74,222.65,192.5,169.1,159.65,223.07,162.365,165.61,123.31,96.13,100.65,143.245,127.865,120.67,140.79,114.015,111.995,141.79,70.66,78.885,46.92,37.4,49.625,46.535,57.545,37.145
2020-10-26 15:10,321.57,200.105,274.755,209.36,240.515,222.55,192.395,169.1,159.605,222.875,162.18,165.505,123.23,96.08,100.64,143.185,127.72,120.74,140.75,114.045,112.015,141.815,70.64,78.775,46.86,37.37,49.535,46.535,57.54,37.135
2020-10-26 15:15,321.46,200.16,274.905,209.165,240.65,222.72,192.475,169.28,159.8,222.97,162.395,165.67,123.23,96.175,100.755,143.22,127.815,120.99,140.875,114.27,112.025,141.825,70.83,78.825,46.94,37.385,49.605,46.575,57.575,37.145
2020-10-26 15:20,321.92,200.29,275.565,209.225,240.905,223.19,192.575,169.67,160.09,223.68,162.635,166.095,123.47,96.305,100.85,143.54,127.955,121.21,140.98,114.44,112.095,141.96,70.92,78.92,47.055,37.46,49.675,46.66,57.635,37.215
2020-10-26 15:25,322.09,200.18,275.35,209.64,240.87,223.345,192.635,169.645,160.14,223.8,162.86,166.175,123.57,96.37,100.89,143.5,128.015,121.2,140.98,114.7,112.07,141.98,70.89,78.9,47.05,37.485,49.705,46.71,57.61,37.28
2020-10-26 15:30,322.57,200.805,275.49,209.62,241.08,223.6,192.65,169.84,160.59,224.105,162.975,166.25,123.69,96.58,101.16,143.555,128.035,121.43,141.15,114.9,112.14,141.98,70.985,78.935,47.1,37.53,49.655,46.745,57.675,37.29
2020-10-26 15:35,322.26,200.35,275.41,209.44,240.865,223.655,192.46,169.72,160.54,224.165,163.0,166.115,123.72,96.47,101.06,143.405,128.145,121.25,141.065,114.885,112.065,142.01,70.965,78.805,47.11,37.485,49.6,46.665,57.605,37.275
2020-10-26 15:40,322.16,200.285,274.95,209.325,241.19,223.535,192.425,169.745,160.455,224.025,162.855,165.96,123.7,96.425,101.08,143.305,128.185,121.19,141.02,114.825,112.12,141.96,70.835,78.79,47.02,37.49,49.535,46.645,57.6,37.165
2020-10-26 15:45,321.075,200.03,274.28,208.95,239.94,223.14,191.82,169.2,160.025,223.19,162.65,165.37,123.38,96.255,100.86,143.095,127.825,120.91,140.75,114.43,111.89,141.715,70.605,78.705,46.955,37.445,49.455,46.615,57.555,37.125
2020-10-26 15:50,322.02,200.305,275.09,209.405,240.92,223.41,192.285,169.545,160.335,223.995,162.755,165.9,123.665,96.57,101.075,143.31,128.11,121.15,141.07,114.645,112.025,141.76,70.79,78.845,47.025,37.555,49.615,46.545,57.695,37.175
2020-10-26 15:55,323.01,201.19,275.91,210.12,241.73,224.25,193.03,170.16,160.86,224.75,163.205,166.2,124.05,96.84,101.21,143.89,128.325,121.48,141.23,115.09,112.21,142.125,70.85,78.88,47.15,37.685,49.795,46.71,57.765,37.22
2020-10-27 09:30,322.03,198.7,277.09,211.38,246.95,224.23,192.755,168.995,158.31,225.04,159.955,161.45,123.51,96.85,99.95,144.06,128.82,121.11,142.025,114.735,111.0,142.555,70.28,79.37,46.89,37.125,49.825,45.92,57.705,37.16
2020-10-27 09:35,321.46,198.74,277.84,211.075,249.96,224.085,193.26,169.285,159.01,225.17,160.95,161.33,123.53,97.295,100.195,143.925,129.0,121.575,142.005,114.965,110.835,142.92,70.235,79.03,47.01,37.08,49.835,45.915,57.66,37.13
2020-10-27 09:40,321.215,198.17,277.97,211.68,250.74,224.67,192.995,168.74,158.51,224.99,160.135,161.11,123.76,96.5,99.96,143.72,129.22,120.92,141.965,115.27,110.92,142.875,70.08,79.245,47.05,37.22,49.605,45.865,57.515,36.815
2020-10-27 09:45,322.27,198.29,277.82,211.67,250.54,224.6,192.33,168.86,157.855,225.13,159.45,162.5,123.66,96.26,99.835,144.14,129.245,121.17,141.99,115.14,110.71,142.58,70.02,79.88,46.79,37.18,49.69,45.75,57.505,36.925
2020-10-27 09:50,321.855,198.44,278.47,212.0,250.74,224.61,192.57,169.12,158.03,225.73,158.72,162.49,123.89,96.27,100.13,144.26,128.87,122.01,142.295,115.66,110.79,142.865,70.155,79.935,46.785,37.33,49.78,45.755,57.63,36.885
2020-10-27 09:55,322.72,198.365,278.19,211.92,249.74,224.54,192.31,168.84,158.18,225.505,158.17,162.31,123.705,96.135,100.275,144.065,128.74,122.0,142.55,116.015,110.955,143.14,70.145,79.93,46.79,37.28,49.785,45.625,57.635,36.985
2020-10-27 10:00,322.01,198.42,278.81,211.525,248.6,224.57,191.73,169.285,158.935,224.61,158.1,163.93,123.845,96.16,100.27,143.865,128.81,122.2,142.23,116.1,110.915,142.625,70.18,79.7,46.81,37.32,49.845,45.585,57.73,36.985
2020-10-27 10:05,323.245,198.49,279.4,211.845,248.76,225.18,191.72,169.33,159.91,225.06,158.73,164.09,124.005,96.07,100.265,143.825,129.41,122.27,142.475,116.21,110.91,142.615,70.095,79.81,46.835,37.48,49.875,45.685,57.715,36.975
2020-10-27 10:10,322.3,198.79,278.84,211.535,247.87,224.47,191.185,169.83,159.16,224.625,158.67,164.46,123.76,95.95,100.22,143.71,129.28,122.065,142.405,115.97,110.785,142.74,69.99,79.815,46.8,37.395,49.75,45.51,57.685,37.045
2020-10-27 10:15,321.295,198.285,278.32,210.795,247.03,224.12,191.165,169.1,158.495,224.665,158.11,164.05,123.72,95.825,100.09,143.565,128.91,121.82,142.46,115.575,110.42,142.5,69.89,79.525,46.655,37.24,49.665,45.5,57.675,36.97
2020-10-27 10:20,321.53,198.24,277.645,210.515,246.77,223.485,190.83,168.8,158.37,224.045,158.02,163.7,123.56,95.93,99.98,143.355,128.59,121.54,141.86,115.635,110.225,142.12,69.83,79.185,46.72,37.2,49.725,45.515,57.585,36.93
2020-10-27 10:25,320.88,198.52,277.21,210.72,246.875,223.48,190.355,168.27,158.09,224.14,157.97,164.015,123.67,95.97,100.08,143.385,128.57,121.55,141.885,115.84,110.2,142.12,69.925,79.35,46.74,37.145,49.76,45.495,57.635,36.94
2020-10-27 10:30,321.58,198.65,277.97,211.13,247.84,223.715,190.49,168.28,158.46,224.335,158.135,163.7,123.815,95.95,99.96,143.575,128.79,121.385,142.0,115.985,110.345,142.39,69.78,79.56,46.91,37.165,49.83,45.625,57.695,37.02
2020-10-27 10:35,321.25,198.445,277.95,211.435,247.905,223.405,190.225,168.39,158.095,224.58,158.015,163.93,123.835,95.915,99.98,143.595,128.98,121.63,142.47,115.98,110.23,142.54,69.765,79.45,47.005,37.095,49.865,45.65,57.635,36.93
2020-10-27 10:40,320.71,198.795,277.945,211.65,247.54,223.515,190.35,168.42,157.895,224.265,157.83,163.73,123.78,95.95,99.96,143.45,128.795,121.39,142.375,115.8,110.275,142.605,69.795,79.295,47.05,37.015,49.855,45.575,57.615,36.97
2020-10-27 10:45,321.16,199.28,278.96,212.085,248.24,224.17,190.45,168.74,158.52,224.715,158.9,164.17,124.09,96.145,100.08,143.625,129.105,121.47,142.66,116.09,110.62,142.905,69.965,79.19,47.135,37.18,49.905,45.755,57.65,37.035
2020-10-27 10:50,320.99,198.58,278.58,212.07,248.36,223.82,190.215,168.56,158.025,224.23,159.38,164.15,123.945,95.98,99.68,143.485,128.975,121.02,142.755,116.26,110.145,142.89,69.83,79.035,47.055,37.155,49.925,45.755,57.585,36.745
2020-10-27 10:55,321.36,198.15,278.06,211.705,248.05,223.78,190.01,168.34,157.94,224.0,159.46,164.16,123.835,95.96,99.605,143.215,128.715,121.06,142.62,115.995,110.085,142.685,69.765,78.975,46.87,37.055,49.735,45.705,57.525,36.795
2020-10-27 11:00,321.5,198.01,277.79,211.975,248.38,223.56,190.195,168.5,158.24,224.295,159.1,163.815,123.945,95.95,99.69,143.22,128.805,120.97,142.71,116.12,110.265,142.66,69.745,78.855,46.945,37.075,49.69,45.735,57.515,36.72
2020-10-27 11:05,321.75,197.855,277.525,212.06,248.82,223.505,190.4,168.445,158.12,225.0,159.09,163.92,123.82,95.94,99.73,143.45,128.69,121.01,142.65,116.185,110.32,142.775,69.82,78.98,46.87,37.165,49.8,45.795,57.56,36.795
2020-10-27 11:10,321.895,198.155,277.615,212.34,249.14,223.625,190.92,168.63,158.04,225.01,158.28,164.185,123.99,95.91,99.825,143.59,128.925,121.19,142.83,116.705,110.5,143.035,69.945,79.075,46.74,37.09,49.795,45.79,57.555,36.805
2020-10-27 11:15,321.37,197.7,277.59,212.27,249.225,223.54,190.71,167.785,157.68,224.38,157.91,163.39,123.93,95.785,99.6,143.49,128.72,120.9,142.745,116.56,110.405,142.855,69.845,78.9,46.685,37.075,49.755,45.76,57.505,36.78
2020-10-27 11:20,321.19,197.765,278.125,212.42,249.52,223.4,191.125,167.88,157.7,224.46,158.185,163.255,123.9,95.73,99.51,143.535,128.76,120.6,142.525,116.775,110.53,142.895,69.89,78.85,46.625,37.07,49.785,45.76,57.52,36.77
2020-10-27 11:25,320.69,197.595,277.725,212.025,249.19,222.935,190.66,167.705,157.48,224.24,158.515,162.96,123.65,95.53,99.33,143.44,128.415,120.54,142.47,116.43,110.48,142.805,69.975,78.675,46.67,37.075,49.825,45.7,57.515,36.675
2020-10-27 11:30,320.13,197.58,277.71,212.33,248.83,223.14,190.77,167.4,157.235,223.875,158.23,162.49,123.62,95.495,99.335,143.325,128.23,120.72,142.485,116.31,110.505,142.575,69.89,78.675,46.69,37.04,49.87,45.705,57.5,36.705
2020-10-27 11:35,320.39,197.6,278.095,213.0,248.905,223.53,190.94,167.62,157.06,224.5,157.75,162.59,123.76,95.5,99.34,143.53,128.215,120.82,142.965,116.6,110.685,142.78,69.95,78.76,46.655,37.035,49.94,45.755,57.515,36.74
2020-10-27 11:40,320.4,197.475,277.97,212.685,248.45,223.66,190.815,167.605,156.81,224.72,157.525,163.03,123.99,95.34,99.33,143.605,128.405,120.945,142.82,116.66,110.585,142.825,69.985,78.795,46.645,36.945,49.945,45.755,57.525,36.735
2020-10-27 11:45,320.6,197.32,278.03,212.745,248.57,223.515,191.03,167.57,156.91,224.925,157.99,163.24,124.07,95.27,99.45,143.76,128.47,121.17,142.795,116.74,110.74,142.935,70.03,79.025,46.825,36.985,49.995,45.745,57.575,36.735
2020-10-27 11:50,321.15,197.5,277.99,212.855,248.99,223.6,191.085,167.96,157.21,224.995,157.89,163.65,124.345,95.22,99.49,143.815,128.675,120.94,142.9,116.885,110.825,142.925,70.095,79.185,46.78,36.985,49.995,45.845,57.575,36.775
2020-10-27 11:55,321.54,197.72,278.385,213.06,249.54,223.9,191.12,168.17,157.33,225.16,157.965,164.185,124.48,95.325,99.65,144.145,128.855,121.15,143.175,117.105,110.975,143.08,70.15,79.34,46.74,36.995,50.055,45.875,57.645,36.845
2020-10-27 12:00,321.99,197.605,278.48,213.25,249.505,223.98,191.28,168.11,157.1,225.43,158.28,164.29,124.53,95.275,99.705,144.065,128.82,121.23,143.22,117.08,111.14,143.14,70.05,79.315,46.71,36.865,50.1,45.855,57.715,36.785
2020-10-27 12:05,321.79,197.52,278.4,213.33,249.59,224.015,191.375,168.03,156.835,225.335,158.52,164.24,124.41,95.275,99.715,144.16,128.905,121.175,143.18,117.01,111.075,143.145,70.01,79.34,46.75,36.855,50.21,45.88,57.69,36.74
2020-10-27 12:10,321.82,197.455,278.15,212.595,248.835,223.89,191.11,167.98,156.735,225.42,158.46,164.31,124.145,95.2,99.555,144.15,128.91,121.01,143.19,116.88,110.925,143.105,70.04,79.17,46.765,36.775,50.195,45.78,57.705,36.695
2020-10-27 12:15,321.385,197.24,278.195,212.82,249.365,223.94,191.43,168.09,156.845,225.48,158.56,164.175,124.27,95.25,99.675,144.1,128.9,121.1,143.18,117.05,110.825,143.095,70.045,79.17,46.75,36.755,50.235,45.685,57.695,36.695
2020-10-27 12:20,321.47,197.225,278.545,212.895,249.25,223.985,191.3,168.325,157.005,225.6,158.6,164.055,124.29,95.31,99.84,144.15,128.77,121.28,143.19,116.81,110.955,143.22,70.205,79.28,46.81,36.805,50.195,45.725,57.675,36.705
2020-10-27 12:25,320.885,196.955,278.01,212.715,249.33,223.52,191.095,168.29,156.71,225.46,158.39,163.85,124.12,95.15,99.71,144.01,128.58,121.24,143.015,116.76,110.72,143.035,70.16,79.34,46.83,36.705,50.105,45.66,57.61,36.725
2020-10-27 12:30,320.32,196.7,277.83,212.62,248.575,223.3,190.71,167.855,156.56,225.26,158.21,163.31,123.95,95.03,99.61,143.8,128.55,121.07,142.795,116.6,110.39,142.83,69.98,79.21,46.875,36.745,50.015,45.695,57.535,36.685
2020-10-27 12:35,320.235,196.63,278.1,212.81,248.765,223.545,190.715,167.79,156.72,225.255,158.09,163.19,123.97,95.03,99.655,143.68,128.545,121.07,142.81,116.86,110.45,142.965,69.86,79.1,46.91,36.705,50.06,45.655,57.555,36.635
2020-10-27 12:40,319.985,196.54,277.98,212.64,248.455,223.295,190.445,167.605,156.46,225.035,157.87,163.245,123.805,95.0,99.575,143.595,128.415,121.03,142.77,116.7,110.35,142.975,69.815,79.03,46.815,36.645,50.045,45.55,57.535,36.49
2020-10-27 12:45,320.17,196.435,277.99,212.825,248.68,223.11,190.495,167.655,156.41,224.765,157.45,163.145,123.78,95.185,99.6,143.57,128.425,120.92,142.83,116.725,110.26,142.88,69.735,78.975,46.8,36.645,50.075,45.575,57.595,36.46
2020-10-27 12:50,320.05,196.495,277.97,213.23,249.085,223.135,190.42,167.59,156.44,224.655,157.26,163.315,123.83,95.095,99.515,143.56,128.405,120.79,142.825,116.985,110.225,142.89,69.705,78.94,46.725,36.72,50.085,45.56,57.535,36.485
2020-10-27 12:55,320.42,196.505,277.81,213.36,249.21,222.955,190.345,167.42,156.565,224.77,157.265,163.245,123.855,95.13,99.61,143.715,128.445,120.77,142.835,117.02,110.215,142.905,69.69,78.99,46.7,36.725,50.145,45.575,57.615,36.52
2020-10-27 13:00,320.245,196.46,277.81,213.34,249.505,222.96,190.265,167.515,156.85,225.23,157.315,163.2,123.835,95.115,99.59,143.585,128.415,120.87,142.955,117.025,110.295,143.045,69.635,78.89,46.7,36.725,50.155,45.59,57.635,36.495
2020-10-27 13:05,320.2,196.555,277.845,213.36,249.445,222.855,190.19,167.355,156.83,224.985,157.21,163.22,123.72,94.98,99.51,143.52,128.415,120.87,142.81,117.01,110.265,143.04,69.56,78.85,46.65,36.72,50.125,45.51,57.615,36.455
2020-10-27 13:10,319.94,196.665,277.76,213.18,248.73,222.8,190.15,167.41,156.9,224.735,157.785,163.17,123.765,95.15,99.65,143.41,128.325,120.775,142.77,116.735,110.26,143.05,69.655,78.825,46.785,36.705,50.13,45.435,57.61,36.465
2020-10-27 13:15,320.03,196.695,277.685,212.78,248.49,222.99,190.005,167.405,157.075,224.705,157.6,163.205,123.77,95.27,99.83,143.41,128.36,120.975,142.755,116.58,110.205,143.045,69.675,78.78,46.825,36.645,50.145,45.52,57.595,36.48
2020-10-27 13:20,320.015,197.1,278.3,213.37,249.455,223.49,190.225,167.805,157.365,225.25,157.74,163.58,123.9,95.2,99.87,143.505,128.61,121.01,142.925,116.745,110.355,143.165,69.745,78.945,46.89,36.695,50.12,45.595,57.695,36.49
2020-10-27 13:25,320.91,197.3,278.63,213.29,249.42,223.76,190.09,167.89,157.4,225.34,158.24,163.885,124.095,95.375,100.17,143.835,128.74,121.39,143.045,116.505,110.525,143.41,69.91,79.1,46.95,36.69,50.195,45.675,57.815,36.55
2020-10-27 13:30,321.65,197.46,279.01,213.73,249.89,224.02,190.03,168.01,157.27,225.635,158.41,163.84,124.19,95.435,100.19,143.985,128.85,121.44,143.17,116.72,110.61,143.62,69.96,79.105,47.01,36.785,50.23,45.695,57.825,36.595
2020-10-27 13:35,321.705,197.16,278.74,213.88,250.42,223.865,189.975,167.85,157.02,225.435,158.615,163.595,124.005,95.415,100.13,143.92,128.845,121.08,143.14,116.645,110.545,143.56,69.875,79.025,47.045,36.745,50.145,45.695,57.755,36.555
2020-10-27 13:40,321.48,196.97,278.845,214.03,251.16,223.675,190.015,167.92,156.905,225.165,158.85,163.5,124.015,95.48,100.15,143.91,128.84,121.07,143.3,116.605,110.39,143.585,69.92,78.905,47.045,36.795,50.185,45.7,57.755,36.54
2020-10-27 13:45,321.545,196.98,278.795,214.16,251.27,223.565,190.18,168.04,156.96,225.09,159.13,163.52,124.05,95.535,100.155,143.955,128.965,120.985,143.29,116.59,110.495,143.615,69.97,78.8,47.07,36.83,50.205,45.735,57.745,36.555
2020-10-27 13:50,321.815,196.78,278.615,214.195,251.18,223.66,190.335,167.875,156.82,224.995,158.96,163.445,123.935,95.56,100.145,143.89,128.91,120.945,143.16,116.46,110.585,143.5,70.095,78.825,47.06,36.795,50.235,45.795,57.725,36.51
2020-10-27 13:55,321.805,196.73,278.56,214.125,251.215,223.565,190.295,167.795,156.78,224.85,158.79,163.4,123.88,95.545,100.05,143.845,128.835,120.925,143.145,116.375,110.575,143.535,70.06,78.855,47.04,36.835,50.135,45.765,57.685,36.505
2020-10-27 14:00,321.83,196.495,278.675,214.04,250.755,223.375,190.1,167.59,156.655,225.03,158.525,163.325,123.815,95.49,99.99,143.805,128.83,120.84,143.09,116.235,110.805,143.45,70.18,78.865,47.015,36.825,50.135,45.755,57.715,36.56
2020-10-27 14:05,321.98,196.605,278.45,213.985,250.65,223.465,190.26,167.6,156.62,224.915,158.47,163.225,123.82,95.54,100.02,143.88,128.715,120.695,143.03,116.205,110.87,143.32,70.145,78.88,47.05,36.855,50.125,45.785,57.705,36.515
2020-10-27 14:10,321.885,196.725,278.485,213.675,251.04,223.5,190.385,167.71,156.66,224.775,158.72,163.37,123.825,95.59,100.015,143.815,128.725,120.655,142.975,116.19,110.82,143.395,70.17,78.905,47.015,36.795,50.095,45.715,57.705,36.475
2020-10-27 14:15,320.95,196.325,277.505,213.38,250.32,222.88,190.06,167.335,156.4,224.27,158.6,162.745,123.495,95.34,99.835,143.555,128.42,120.205,142.795,116.045,110.59,143.19,70.005,78.74,46.89,36.735,49.975,45.635,57.635,36.49
2020-10-27 14:20,320.99,196.4,277.455,213.655,250.725,222.955,190.08,167.42,156.425,224.16,158.135,162.9,123.535,95.34,99.895,143.665,128.465,120.185,142.82,116.255,110.87,143.305,70.1,78.83,46.88,36.795,49.995,45.68,57.625,36.515
2020-10-27 14:25,320.835,196.46,277.345,213.86,250.75,223.12,190.05,167.6,156.44,224.335,158.245,162.925,123.54,95.34,99.81,143.695,128.485,120.125,142.855,116.28,110.76,143.345,70.09,78.85,46.825,36.765,50.005,45.715,57.625,36.505
2020-10-27 14:30,321.16,196.315,277.34,213.27,250.11,223.14,190.11,167.57,156.435,224.115,158.34,162.96,123.49,95.275,99.82,143.84,128.525,120.115,142.91,116.265,110.78,143.31,70.175,78.905,46.835,36.775,50.0,45.665,57.615,36.445
2020-10-27 14:35,321.075,196.325,277.135,213.325,250.315,223.145,189.81,167.385,156.285,224.065,157.7,162.745,123.31,95.26,99.75,143.775,128.49,120.105,142.895,116.265,110.5,143.31,70.075,78.88,46.79,36.785,49.985,45.605,57.575,36.495
2020-10-27 14:40,321.255,196.345,277.08,213.36,250.06,223.035,189.555,167.19,156.085,224.09,157.675,162.18,123.345,95.18,99.72,143.71,128.35,120.16,142.935,116.22,110.47,143.265,70.045,78.79,46.725,36.755,50.015,45.55,57.605,36.485
2020-10-27 14:45,321.765,196.035,277.145,213.875,249.85,223.135,189.525,167.24,156.14,224.08,157.685,162.03,123.36,95.13,99.705,143.735,128.375,120.115,143.05,116.29,110.42,143.265,70.05,78.79,46.675,36.815,49.995,45.505,57.645,36.405
2020-10-27 14:50,321.86,196.12,276.9,214.025,249.76,223.22,189.69,167.275,156.235,223.66,157.715,162.12,123.33,95.12,99.74,143.605,128.525,120.11,142.89,116.34,110.535,143.215,70.03,78.66,46.72,36.755,49.975,45.51,57.6,36.415
2020-10-27 14:55,321.35,196.11,276.745,213.82,249.42,223.12,189.67,167.09,156.275,223.51,157.585,161.85,123.27,95.115,99.68,143.5,128.49,119.85,142.87,116.215,110.465,143.12,70.075,78.6,46.7,36.795,49.935,45.475,57.545,36.365
2020-10-27 15:00,321.435,196.165,276.69,213.98,249.56,223.18,189.655,167.05,156.19,223.425,157.58,161.995,123.295,95.09,99.74,143.47,128.345,119.705,142.755,116.285,110.52,143.005,70.09,78.585,46.67,36.745,49.91,45.475,57.51,36.305
2020-10-27 15:05,321.225,195.985,276.255,213.585,249.31,222.98,189.355,166.865,155.87,223.22,157.275,161.695,123.135,95.04,99.63,143.355,128.18,119.56,142.58,116.105,110.3,142.775,69.985,78.565,46.63,36.705,49.88,45.39,57.495,36.245
2020-10-27 15:10,321.81,196.17,276.525,213.92,249.895,223.05,189.585,166.97,155.865,223.365,157.47,161.85,123.09,95.08,99.785,143.305,128.375,119.72,142.65,116.235,110.405,142.81,70.05,78.525,46.67,36.705,49.915,45.39,57.465,36.27
2020-10-27 15:15,321.835,196.14,276.585,213.885,249.885,223.075,189.735,166.895,155.825,223.385,157.67,161.74,123.26,95.17,99.81,143.3,128.44,119.715,142.78,116.345,110.43,142.96,69.95,78.47,46.625,36.745,49.935,45.465,57.505,36.295
2020-10-27 15:20,322.185,196.31,277.145,214.435,250.365,223.495,190.03,167.085,156.1,223.91,157.98,161.61,123.33,95.19,99.88,143.525,128.51,119.79,143.01,116.425,110.605,143.085,70.05,78.485,46.615,36.795,50.015,45.51,57.555,36.28
2020-10-27 15:25,321.675,196.35,277.315,214.385,250.575,223.5,190.13,167.08,156.105,223.99,158.275,161.33,123.35,95.24,99.83,143.54,128.46,119.725,142.86,116.6,110.605,143.135,69.845,78.425,46.585,36.845,50.02,45.515,57.51,36.285
2020-10-27 15:30,321.9,196.07,277.43,214.125,250.575,223.54,190.2,167.075,156.11,223.97,158.68,161.5,123.315,95.145,99.7,143.395,128.42,119.58,142.79,116.595,110.62,143.15,69.805,78.325,46.57,36.855,49.965,45.585,57.495,36.235
2020-10-27 15:35,322.075,195.99,277.47,214.4,250.79,223.48,190.265,167.11,156.105,224.14,158.935,161.6,123.315,95.115,99.68,143.31,128.44,119.585,142.875,116.745,110.61,143.185,69.75,78.225,46.495,36.86,49.935,45.575,57.445,36.21
2020-10-27 15:40,322.225,195.72,277.335,214.59,250.84,223.24,190.28,166.995,156.065,224.34,158.57,161.215,123.34,95.02,99.545,143.34,128.28,119.52,142.82,116.985,110.725,143.16,69.74,78.245,46.52,36.905,49.905,45.695,57.43,36.165
2020-10-27 15:45,321.545,195.5,276.675,214.35,250.84,223.11,190.095,166.83,155.97,223.605,158.22,161.025,123.165,95.04,99.375,143.17,128.11,119.325,142.695,116.765,110.545,142.92,69.675,78.105,46.49,36.855,49.855,45.595,57.395,36.135
2020-10-27 15:50,321.11,196.08,277.35,213.72,250.88,223.15,190.16,167.14,155.625,223.75,158.22,161.305,123.355,95.195,99.59,143.29,128.245,119.28,142.62,116.86,110.73,143.0,69.745,78.235,46.525,36.95,49.975,45.695,57.415,35.975
2020-10-27 15:55,320.47,195.76,277.01,213.235,250.425,222.905,190.07,166.77,155.26,223.465,157.87,161.05,123.25,94.93,99.27,143.07,127.98,119.04,142.45,116.6,110.54,142.81,69.52,78.0,46.58,36.86,49.885,45.645,57.375,35.975
2020-10-28 09:30,314.285,192.2,272.035,207.615,244.09,219.38,181.0,163.71,152.55,219.65,154.57,160.76,120.975,92.7,97.62,141.39,125.7,118.02,140.605,114.08,108.815,141.59,67.36,77.18,44.955,36.215,48.97,45.02,57.16,35.435
2020-10-28 09:35,314.39,192.24,272.61,207.565,244.4,219.09,183.13,164.035,151.005,219.66,153.69,161.15,120.75,92.87,97.335,141.185,126.015,118.71,140.81,114.34,108.725,141.51,67.525,77.17,45.155,36.43,48.9,45.16,57.145,35.565
2020-10-28 09:40,317.52,192.755,273.33,207.295,243.73,220.215,181.77,165.06,152.81,220.5,154.65,162.14,121.1,93.27,98.125,141.475,126.4,118.01,140.825,113.55,109.45,141.755,67.905,77.52,45.495,36.49,49.08,45.08,57.285,35.73
2020-10-28 09:45,314.53,192.13,272.78,206.93,243.42,220.05,181.795,164.82,152.48,220.595,154.44,160.5,121.27,92.86,97.72,141.12,125.98,118.93,140.83,113.41,108.875,141.97,67.595,77.38,45.16,36.42,49.01,44.925,57.115,35.72
2020-10-28 09:50,313.96,191.73,272.08,205.75,240.56,218.96,181.42,165.18,151.65,219.285,153.94,161.55,121.36,92.63,97.58,140.84,125.38,119.66,140.85,112.57,108.23,141.965,67.565,77.265,45.13,36.165,49.03,44.83,57.095,35.725
2020-10-28 09:55,313.03,191.6,271.97,206.16,242.09,218.74,182.145,164.84,151.12,219.92,154.34,161.0,121.295,92.36,97.285,140.705,125.34,120.25,140.745,113.0,108.11,141.915,67.215,77.12,44.86,36.08,48.88,44.845,57.04,35.575
2020-10-28 10:00,312.65,190.76,270.985,205.31,241.14,218.23,181.47,164.68,150.7,219.295,152.96,160.82,120.87,91.99,97.05,140.4,125.085,119.45,140.43,112.52,107.965,141.645,67.205,77.11,44.64,35.995,48.69,44.865,56.955,35.32
2020-10-28 10:05,313.58,191.29,271.97,205.27,241.58,218.93,181.135,164.33,151.47,219.24,152.955,160.975,120.53,92.02,97.28,140.555,125.355,120.1,140.35,112.885,108.105,141.81,67.045,77.08,44.82,35.965,48.73,44.965,57.02,35.325
2020-10-28 10:10,313.205,191.195,271.48,205.38,241.28,219.32,181.87,164.15,151.06,218.97,153.22,160.785,120.62,92.16,97.445,140.39,125.215,120.04,140.265,112.905,108.07,141.615,67.12,77.025,44.86,35.995,48.705,45.005,57.025,35.245
2020-10-28 10:15,312.675,190.96,270.32,204.52,239.8,218.88,181.03,163.66,150.59,218.94,152.285,159.98,120.36,92.03,97.18,139.78,124.495,119.68,139.785,112.375,107.65,141.22,66.91,76.81,44.745,35.87,48.46,44.805,56.855,35.13
2020-10-28 10:20,311.76,190.71,270.34,204.93,239.82,218.05,180.925,163.53,150.655,218.43,152.405,159.81,120.425,91.99,97.065,139.47,124.2,119.65,139.285,112.33,107.46,140.805,66.605,76.59,44.755,35.855,48.31,44.55,56.86,35.09
2020-10-28 10:25,311.5,190.615,269.78,204.89,239.6,217.585,180.58,163.47,150.465,217.92,152.56,159.99,119.895,91.94,96.93,139.09,124.165,120.0,139.05,112.37,107.45,140.84,66.72,76.405,44.55,35.88,48.31,44.595,56.845,35.105
2020-10-28 10:30,312.38,190.59,270.99,206.405,240.68,217.76,180.58,163.4,149.965,218.49,152.32,160.14,119.95,91.79,96.845,139.22,124.25,119.9,139.38,112.625,107.3,141.15,66.51,76.44,44.51,35.825,48.355,44.545,56.805,35.065
2020-10-28 10:35,312.48,191.02,270.4,205.64,240.68,217.065,180.165,163.46,150.265,218.165,151.73,159.995,119.685,91.63,96.73,139.175,124.29,120.47,139.15,112.57,107.205,140.965,66.6,76.385,44.615,35.795,48.25,44.58,56.775,35.06
2020-10-28 10:40,311.99,191.0,270.65,205.46,240.56,217.35,180.43,163.09,150.1,217.59,151.42,159.32,119.845,91.505,96.66,139.02,123.985,120.47,139.25,112.78,107.145,140.88,66.705,76.415,44.69,35.805,48.235,44.585,56.785,35.085
2020-10-28 10:45,311.62,190.63,269.8,204.765,239.77,216.795,180.365,162.65,149.48,217.29,151.11,158.915,119.47,91.375,96.4,138.715,123.7,120.475,138.97,112.405,106.91,140.64,66.545,76.345,44.555,35.725,48.155,44.415,56.715,35.01
2020-10-28 10:50,310.88,190.275,269.73,204.92,239.5,217.05,180.0,162.97,149.68,216.82,151.51,159.33,119.355,91.565,96.33,138.375,123.64,120.5,138.945,112.465,106.885,140.465,66.415,76.35,44.525,35.755,48.135,44.41,56.615,34.975
2020-10-28 10:55,311.2,190.67,269.66,205.065,240.78,217.05,180.65,162.92,149.47,217.29,151.75,159.305,119.355,91.67,96.45,138.57,123.705,120.73,139.02,112.535,106.86,140.555,66.395,76.385,44.615,35.755,48.17,44.545,56.555,34.875
2020-10-28 11:00,310.25,190.11,269.06,204.525,240.05,216.77,180.31,162.32,149.94,217.0,151.235,159.01,118.915,91.44,96.35,138.365,123.435,120.71,138.48,112.195,106.675,140.405,66.4,76.295,44.48,35.805,48.04,44.465,56.39,34.85
2020-10-28 11:05,311.28,191.15,269.76,205.525,240.49,217.34,180.505,162.84,150.49,218.04,151.46,159.49,119.235,91.525,96.515,138.99,123.675,121.0,138.965,112.51,106.975,140.735,66.865,76.58,44.73,35.82,48.205,44.595,56.41,34.905
2020-10-28 11:10,311.63,190.71,269.78,205.48,240.615,217.3,180.895,162.88,150.835,217.59,151.375,159.33,119.2,91.48,96.655,139.21,123.84,120.875,139.065,112.475,106.79,140.93,66.825,76.6,44.745,35.88,48.235,44.55,56.385,34.905
2020-10-28 11:15,311.3,191.2,269.97,205.195,240.1,216.94,180.87,162.72,149.55,217.27,151.125,159.0,118.945,91.32,96.79,139.13,123.62,120.92,139.02,112.325,106.745,141.0,66.85,76.57,44.685,35.825,48.165,44.415,56.365,34.94
2020-10-28 11:20,309.91,190.97,269.96,205.03,239.64,216.78,180.89,162.835,149.47,217.0,151.26,159.15,118.885,91.29,96.87,138.765,123.565,121.085,138.75,112.13,106.79,140.88,66.975,76.435,44.66,35.875,48.145,44.405,56.335,34.945
2020-10-28 11:25,309.565,190.745,269.655,204.93,239.335,216.795,180.68,162.45,149.76,216.92,150.91,158.615,118.875,91.47,96.795,138.665,123.465,120.74,138.6,112.21,106.96,140.825,67.215,76.48,44.79,35.855,48.185,44.505,56.25,34.93
2020-10-28 11:30,309.705,190.38,269.24,204.765,239.06,216.6,180.215,162.26,149.6,217.18,150.955,158.485,118.58,91.115,96.6,138.525,123.375,120.82,138.205,112.12,106.74,140.77,67.02,76.375,44.71,35.805,48.145,44.47,56.195,34.955
2020-10-28 11:35,310.07,190.67,269.78,204.98,239.43,216.87,180.655,162.81,149.965,217.44,150.98,159.11,118.65,91.37,96.885,139.0,123.555,121.08,138.24,112.15,106.92,140.85,67.23,76.64,44.885,35.935,48.275,44.46,56.265,34.995
2020-10-28 11:40,310.27,191.1,270.42,205.525,240.04,217.0,181.26,162.755,150.185,217.77,151.35,159.48,118.85,91.535,97.15,138.955,123.86,121.875,138.35,112.385,107.06,140.95,67.285,76.73,44.965,36.02,48.425,44.595,56.39,35.125
2020-10-28 11:45,310.75,191.82,270.53,205.45,239.98,216.805,181.56,162.91,150.29,218.355,151.28,159.57,119.14,91.715,97.28,139.215,123.835,121.865,138.425,112.685,107.22,141.17,67.545,76.68,45.02,36.035,48.475,44.65,56.52,35.145
2020-10-28 11:50,310.88,191.765,271.14,205.61,240.38,217.225,181.735,163.26,151.085,218.9,151.17,159.91,119.68,91.97,97.615,139.52,124.06,122.04,138.75,112.83,107.37,141.155,67.64,76.76,45.17,36.145,48.535,44.705,56.59,35.185
2020-10-28 11:55,311.37,191.87,271.565,205.265,239.81,216.99,181.87,163.34,151.47,218.55,151.605,160.22,119.675,92.09,97.63,139.4,123.8,122.0,138.64,112.91,107.315,141.02,67.465,76.785,45.3,36.13,48.525,44.625,56.715,35.12
2020-10-28 12:00,311.91,191.825,272.23,205.09,239.75,217.33,181.945,163.535,151.74,217.79,151.8,160.45,119.81,92.08,97.635,139.47,123.755,122.05,138.475,112.995,107.36,141.155,67.77,76.77,45.23,36.145,48.565,44.68,56.64,35.16
2020-10-28 12:05,311.82,191.655,272.18,205.25,240.19,217.5,181.85,163.47,152.25,217.53,151.82,160.37,119.965,92.19,97.72,139.36,123.7,122.11,138.44,113.23,107.53,141.18,67.8,76.7,45.25,36.14,48.505,44.785,56.62,35.215
2020-10-28 12:10,311.87,191.28,272.55,205.33,240.48,217.23,181.905,163.38,151.985,217.38,152.055,160.22,120.045,92.18,97.76,139.44,123.595,121.96,138.465,113.24,107.52,140.96,67.725,76.805,45.4,36.14,48.51,44.86,56.585,35.22
2020-10-28 12:15,311.775,191.04,272.7,205.33,240.39,217.19,181.89,163.49,151.91,217.51,151.885,160.17,120.08,92.2,97.71,139.46,123.515,121.81,138.43,113.145,107.345,141.085,67.74,76.75,45.415,36.115,48.5,44.885,56.555,35.17
2020-10-28 12:20,311.54,191.04,272.38,205.405,240.21,217.16,181.535,163.27,151.325,217.74,151.86,160.315,120.105,92.12,97.72,139.495,123.445,121.765,138.36,113.075,107.215,141.16,67.725,76.72,45.32,36.095,48.47,44.92,56.535,35.155
2020-10-28 12:25,311.265,190.625,271.96,205.02,239.29,216.6,180.87,163.11,151.1,217.15,151.43,160.23,120.065,92.015,97.73,139.255,123.17,121.735,138.14,112.95,107.105,140.825,67.875,76.63,45.29,36.0,48.39,44.845,56.505,35.19
2020-10-28 12:30,311.11,190.65,272.475,205.09,239.775,216.825,180.35,163.0,151.055,217.83,151.47,160.34,120.18,92.06,97.895,139.205,123.155,121.555,138.095,113.03,107.075,140.82,68.01,76.73,45.29,36.005,48.33,44.95,56.495,35.24
2020-10-28 12:35,310.41,190.2,271.825,204.99,239.55,216.305,179.96,162.575,150.365,217.435,151.05,159.87,119.74,91.755,97.52,139.09,122.995,121.01,137.79,112.935,106.72,140.685,67.595,76.69,45.24,35.905,48.235,44.835,56.43,35.09
2020-10-28 12:40,310.17,190.315,271.94,204.95,239.09,215.86,179.87,162.71,150.12,217.56,151.0,159.85,119.67,91.765,97.53,138.99,122.905,121.21,137.66,112.865,106.56,140.67,67.56,76.585,45.235,35.945,48.185,44.82,56.405,35.055
2020-10-28 12:45,309.33,189.925,271.415,204.63,238.79,215.33,179.52,162.53,150.14,217.55,151.11,159.42,119.465,91.5,97.32,138.865,122.57,121.17,137.61,112.655,106.295,140.585,67.445,76.55,45.22,35.91,48.115,44.78,56.345,34.975
2020-10-28 12:50,309.505,189.875,271.88,205.065,238.98,215.465,180.14,162.66,150.41,217.39,151.69,159.93,119.57,91.47,97.47,139.025,122.625,121.4,137.785,112.66,106.39,140.68,67.51,76.595,45.17,35.895,48.135,44.78,56.405,35.03
2020-10-28 12:55,309.54,190.19,271.785,204.7,238.67,215.49,180.105,162.83,150.665,217.48,152.15,160.14,119.58,91.425,97.47,139.045,122.68,121.62,137.75,112.515,106.29,140.665,67.465,76.645,45.175,35.87,48.07,44.75,56.355,35.035
2020-10-28 13:00,309.21,189.98,271.44,204.575,238.975,215.26,179.935,162.65,150.35,217.02,151.94,159.75,119.42,91.2,97.21,138.87,122.565,121.45,137.63,112.44,106.14,140.485,67.305,76.64,45.08,35.815,48.015,44.68,56.285,34.975
2020-10-28 13:05,309.21,189.775,271.02,204.235,238.69,214.97,179.69,162.35,150.07,217.145,151.495,159.77,119.21,91.115,97.06,138.74,122.315,121.14,137.425,112.285,106.085,140.385,67.145,76.58,44.99,35.79,47.995,44.63,56.245,34.94
2020-10-28 13:10,308.8,189.54,270.76,204.34,238.415,214.755,179.91,162.14,149.77,217.05,151.065,159.485,119.16,91.07,96.975,138.73,122.18,121.0,137.605,112.24,106.07,140.32,66.96,76.55,44.83,35.805,48.025,44.57,56.25,34.885
2020-10-28 13:15,308.98,189.955,270.85,204.245,238.385,214.95,180.31,162.215,150.21,217.1,151.47,159.7,119.235,91.27,97.195,138.755,122.505,121.13,137.805,112.275,106.25,140.51,67.14,76.59,44.955,35.825,48.05,44.565,56.295,34.945
2020-10-28 13:20,308.815,189.79,270.84,204.135,238.23,214.795,180.29,162.18,149.96,216.78,151.22,159.41,119.04,91.24,96.98,138.71,122.485,121.18,137.86,112.24,106.095,140.57,67.23,76.515,44.955,35.805,48.025,44.605,56.295,34.94
2020-10-28 13:25,309.845,189.99,271.46,204.58,238.8,215.285,180.95,162.625,150.5,217.07,151.765,159.97,119.39,91.435,97.155,139.005,122.805,121.87,138.125,112.525,106.295,140.63,67.41,76.65,45.095,35.905,48.11,44.65,56.405,35.005
2020-10-28 13:30,310.295,189.865,271.665,204.79,239.305,215.27,181.025,162.44,150.445,217.38,151.665,159.75,119.39,91.38,97.02,138.895,123.35,121.71,138.17,112.65,106.41,140.72,67.415,76.485,45.155,35.895,48.12,44.695,56.385,34.93
2020-10-28 13:35,310.84,189.61,271.75,205.135,239.9,215.37,181.04,162.43,150.345,217.565,151.45,159.57,119.39,91.345,96.905,138.92,123.345,121.77,138.305,112.77,106.53,140.75,67.37,76.575,45.08,35.925,48.11,44.74,56.46,34.945
2020-10-28 13:40,310.175,189.53,271.55,204.9,239.46,215.07,180.94,162.34,149.93,217.77,151.08,159.42,119.085,91.06,96.775,138.895,123.06,121.675,138.285,112.61,106.63,140.685,67.145,76.53,45.035,35.915,48.06,44.695,56.425,34.91
2020-10-28 13:45,309.84,189.425,271.78,204.96,239.675,215.28,181.105,162.55,149.82,218.2,151.165,159.465,119.22,91.41,96.81,138.825,123.1,121.89,138.22,112.695,106.67,140.73,67.12,76.54,45.11,35.93,48.065,44.7,56.455,34.915
2020-10-28 13:50,309.0,189.39,271.485,205.24,240.18,215.285,181.19,162.62,149.95,218.14,151.39,159.73,119.31,91.55,96.94,138.68,123.045,121.87,138.19,112.985,106.775,140.86,67.195,76.425,45.17,35.985,48.06,44.73,56.495,34.935
2020-10-28 13:55,309.41,189.495,271.35,205.26,240.05,215.415,181.095,162.72,150.2,218.3,151.295,159.74,119.35,91.665,96.955,138.635,123.035,122.01,138.2,113.175,106.825,140.91,67.215,76.44,45.225,35.945,48.055,44.675,56.525,34.945
2020-10-28 14:00,308.85,189.04,270.78,204.975,239.52,215.52,180.975,162.39,149.85,218.15,151.12,159.47,119.16,91.405,96.71,138.61,122.635,121.59,138.14,112.99,106.725,140.775,67.13,76.47,45.265,35.895,48.03,44.675,56.51,34.945
2020-10-28 14:05,309.0,189.315,270.415,205.095,239.455,215.29,180.885,162.27,149.98,218.03,150.85,159.34,119.07,91.355,96.745,138.455,122.61,121.55,137.99,112.97,106.64,140.66,67.125,76.46,45.26,35.885,47.975,44.705,56.505,34.895
2020-10-28 14:10,308.52,189.145,270.01,204.59,238.99,214.935,180.78,162.065,149.66,217.75,150.75,159.12,118.945,91.295,96.655,138.35,122.38,121.36,137.84,112.71,106.465,140.575,66.93,76.4,45.165,35.845,47.935,44.68,56.455,34.795
2020-10-28 14:15,308.215,189.35,269.965,204.415,238.835,214.885,180.81,161.98,149.76,217.67,150.855,159.475,118.935,91.27,96.64,138.27,122.445,121.355,137.715,112.775,106.51,140.585,66.94,76.395,45.23,35.85,47.925,44.685,56.405,34.795
2020-10-28 14:20,309.46,190.065,270.56,204.825,239.375,215.44,181.41,162.585,150.175,218.06,151.21,159.805,119.22,91.61,96.76,138.68,122.685,121.685,138.11,113.05,106.81,140.875,67.24,76.545,45.37,35.96,48.07,44.77,56.55,34.875
2020-10-28 14:25,309.76,190.345,271.0,204.89,239.825,215.78,181.545,162.86,150.29,218.25,151.48,159.97,119.43,91.87,96.945,138.76,122.715,121.91,138.275,113.24,106.76,141.025,67.375,76.59,45.385,35.95,48.195,44.77,56.615,34.915
2020-10-28 14:30,309.81,190.38,270.645,204.52,239.43,215.81,181.525,162.875,149.84,218.34,151.405,159.92,119.37,91.84,96.88,138.665,122.675,122.15,138.155,113.13,106.735,140.905,67.34,76.53,45.38,35.955,48.105,44.75,56.555,34.86
2020-10-28 14:35,309.38,190.19,270.325,204.365,239.195,215.34,181.38,162.375,149.685,217.44,150.96,159.37,119.22,91.64,96.69,138.505,122.445,121.685,137.96,112.88,106.5,140.705,67.15,76.4,45.355,35.93,48.14,44.665,56.515,34.785
2020-10-28 14:40,309.12,190.445,270.91,204.49,239.045,215.61,181.415,162.49,149.87,217.5,151.32,159.54,119.3,92.07,96.925,138.795,122.47,122.05,138.055,112.9,106.535,140.8,67.27,76.5,45.44,35.96,48.17,44.735,56.575,34.795
2020-10-28 14:45,309.54,190.63,270.97,204.24,239.17,215.82,181.21,162.55,149.88,217.495,151.635,159.58,119.235,92.155,97.04,138.985,122.42,122.09,138.19,112.715,106.485,140.935,67.455,76.59,45.435,35.96,48.235,44.715,56.645,34.815
2020-10-28 14:50,308.37,190.27,270.33,204.135,238.64,215.27,181.09,162.17,149.545,216.95,151.09,159.22,118.955,91.9,96.775,138.675,122.16,121.66,137.975,112.5,106.36,140.75,67.17,76.44,45.375,35.905,48.13,44.575,56.575,34.775
2020-10-28 14:55,309.635,190.76,270.69,205.15,240.175,215.75,181.64,162.74,150.26,217.46,151.48,159.59,119.695,92.245,97.02,139.065,122.255,121.65,138.3,112.89,106.615,141.025,67.36,76.565,45.465,35.995,48.335,44.745,56.605,34.865
2020-10-28 15:00,309.1,190.355,270.455,204.515,240.1,215.44,181.395,162.305,149.875,217.6,151.215,159.37,119.56,91.97,96.86,138.73,121.615,121.445,138.015,112.67,106.51,140.875,67.19,76.42,45.395,35.925,48.22,44.655,56.505,34.795
2020-10-28 15:05,309.495,190.37,270.57,204.865,240.61,215.55,181.355,162.31,149.875,217.73,151.065,159.41,119.55,91.98,96.9,138.74,121.925,121.72,138.115,112.665,106.48,140.87,67.02,76.505,45.44,35.925,48.175,44.66,56.53,34.79
2020-10-28 15:10,309.43,190.31,270.57,205.025,240.61,215.45,181.195,162.115,149.66,217.77,151.265,159.33,119.63,91.97,96.86,138.87,121.965,121.53,138.18,112.87,106.455,140.945,67.05,76.545,45.485,35.92,48.2,44.665,56.505,34.795
2020-10-28 15:15,308.995,190.21,270.44,204.575,240.46,215.385,181.2,162.06,149.49,217.67,151.06,159.245,119.515,91.96,96.805,138.715,121.92,121.49,138.1,112.67,106.45,140.85,66.92,76.52,45.535,35.89,48.195,44.58,56.475,34.785
2020-10-28 15:20,309.535,190.63,271.495,205.235,241.675,216.02,182.02,162.5,149.86,218.28,151.625,159.82,119.86,92.18,97.12,139.17,122.33,121.86,138.475,112.97,106.63,141.13,67.195,76.715,45.65,35.995,48.345,44.71,56.575,34.905
2020-10-28 15:25,309.865,190.8,271.33,205.075,241.15,216.05,181.74,162.5,149.79,218.205,151.035,159.79,119.56,92.06,97.09,139.17,122.1,121.71,138.47,112.725,106.545,141.03,67.225,76.615,45.625,35.975,48.245,44.665,56.57,34.92
2020-10-28 15:30,310.44,191.435,272.145,205.785,241.79,216.425,182.005,162.75,150.005,218.71,151.295,160.04,119.805,92.385,97.375,139.55,122.385,122.01,138.735,113.11,106.76,141.27,67.36,76.735,45.575,35.995,48.3,44.755,56.63,34.98
2020-10-28 15:35,309.54,191.03,271.275,204.5,240.35,215.73,181.25,162.16,149.57,217.78,151.145,159.33,119.21,92.025,97.155,138.92,122.23,121.66,138.16,112.555,106.675,140.96,67.155,76.52,45.405,35.845,48.115,44.605,56.545,34.89
2020-10-28 15:40,309.66,191.005,271.12,204.54,240.05,215.79,181.37,162.19,149.355,217.73,151.61,159.215,119.2,91.94,97.16,138.94,122.44,121.85,138.29,112.44,107.025,140.9,67.2,76.5,45.33,35.855,48.065,44.62,56.525,34.87
2020-10-28 15:45,309.585,190.855,271.12,204.18,239.565,215.6,181.27,162.23,149.19,217.6,151.545,159.115,119.025,91.985,96.985,138.82,122.265,122.03,138.15,112.24,106.97,140.7,67.11,76.365,45.39,35.825,48.085,44.6,56.46,34.815
2020-10-28 15:50,309.065,190.375,270.29,203.1,238.82,215.27,181.015,161.685,148.46,217.01,151.125,158.38,118.775,91.83,96.76,138.705,122.215,121.775,137.87,111.53,106.935,140.26,67.015,76.23,45.22,35.76,47.92,44.345,56.38,34.62
2020-10-28 15:55,307.49,189.62,269.72,202.295,238.215,214.63,180.91,160.99,148.09,216.2,151.17,158.39,118.42,91.52,96.5,138.285,121.88,121.51,137.67,111.18,106.56,139.98,66.85,76.09,45.16,35.725,47.9,44.22,56.35,34.555
2020-10-29 09:30,307.06,188.69,269.5,204.6,241.505,214.57,182.13,160.86,147.79,211.78,151.04,157.94,117.785,91.12,95.72,137.14,121.79,119.78,137.14,113.63,106.95,140.06,65.565,75.47,45.09,35.455,47.68,44.26,56.145,33.805
2020-10-29 09:35,304.66,187.17,268.12,204.04,240.49,214.06,180.52,159.91,148.02,212.26,149.98,156.67,117.435,90.32,95.3,136.48,121.4,119.42,136.26,112.955,106.73,139.26,65.375,74.95,44.82,35.345,47.475,44.16,56.085,33.55
2020-10-29 09:40,303.81,187.76,267.975,203.92,240.2,213.49,180.775,159.84,147.54,214.01,150.31,156.39,118.09,90.49,95.76,136.13,121.475,119.42,136.04,113.155,107.29,138.86,65.5,74.75,44.895,35.42,47.39,44.065,56.05,33.56
2020-10-29 09:45,303.595,189.11,269.18,203.545,239.725,214.035,181.615,160.81,148.44,214.1,150.67,156.93,118.645,90.94,96.255,136.95,121.94,120.75,136.3,113.42,107.99,139.29,66.11,75.31,45.21,35.615,47.61,44.08,56.22,33.81
2020-10-29 09:50,304.2,189.93,270.21,204.13,240.6,214.66,182.8,161.16,148.9,215.25,150.555,156.83,119.36,91.24,96.595,137.27,122.375,120.57,137.11,113.995,108.215,139.835,66.29,75.41,45.215,35.595,47.755,44.17,56.23,33.84
2020-10-29 09:55,304.4,190.18,270.39,204.655,240.9,215.085,182.785,161.53,148.6,214.71,150.44,156.86,119.43,91.28,96.36,137.14,122.22,121.2,137.21,114.02,107.93,140.115,66.185,75.39,45.09,35.625,47.815,44.315,56.235,33.78
2020-10-29 10:00,304.98,190.02,270.65,205.095,241.61,215.47,183.705,162.39,148.82,216.14,151.07,157.695,119.83,91.44,96.49,137.44,122.69,121.09,137.42,114.31,107.715,140.405,66.67,75.64,45.345,35.73,47.915,44.355,56.23,33.815
2020-10-29 10:05,304.415,189.45,270.775,204.86,240.45,215.495,183.225,161.91,148.14,216.295,150.92,157.52,119.605,91.255,96.16,137.42,122.605,120.825,137.4,113.92,107.575,140.14,66.37,75.68,45.16,35.705,47.91,44.31,56.375,33.68
2020-10-29 10:10,303.62,188.765,270.21,204.2,239.54,215.2,182.335,161.335,147.45,215.66,151.0,157.175,119.225,90.665,95.78,137.225,122.46,121.07,137.17,113.58,107.215,139.88,66.34,75.67,45.12,35.64,47.805,44.255,56.265,33.64
2020-10-29 10:15,303.985,189.47,271.095,204.655,240.0,216.055,182.355,161.98,147.65,215.21,151.28,157.9,119.775,90.96,96.17,137.735,122.94,121.635,137.68,113.905,107.395,140.36,66.825,75.87,45.37,35.555,48.035,44.175,56.445,33.72
2020-10-29 10:20,303.57,189.745,271.52,205.115,241.05,216.17,183.19,161.54,147.62,215.77,151.685,157.62,119.965,91.08,96.39,137.61,123.03,121.93,137.77,114.045,107.525,140.3,66.845,75.915,45.45,35.555,48.05,44.245,56.475,33.74
2020-10-29 10:25,303.26,189.89,271.89,205.24,241.05,216.84,183.16,162.13,148.18,215.29,152.0,157.56,120.255,91.18,96.75,137.595,123.3,122.005,137.74,114.36,107.64,140.47,67.075,75.895,45.51,35.61,48.1,44.235,56.625,33.79
2020-10-29 10:30,303.21,189.645,271.53,204.945,240.08,216.84,183.635,162.47,148.51,215.1,152.65,158.095,120.275,91.42,97.04,137.355,123.13,122.485,137.595,114.435,107.93,140.5,67.55,76.06,45.62,35.685,48.175,44.215,56.66,33.96
2020-10-29 10:35,303.19,190.25,272.115,204.9,239.625,217.37,184.565,163.3,149.46,215.39,152.9,158.56,120.65,91.87,97.635,137.52,123.45,123.02,137.78,114.38,108.315,140.62,67.78,75.99,45.61,35.815,48.175,44.275,56.585,34.07
2020-10-29 10:40,303.71,189.93,271.35,204.865,239.765,217.135,184.825,163.3,149.685,215.62,152.61,158.25,120.675,91.86,97.32,137.44,123.25,122.94,137.52,114.185,108.075,140.37,67.54,75.96,45.44,35.815,48.145,44.265,56.525,34.015
2020-10-29 10:45,303.785,190.31,271.165,204.555,239.11,216.97,184.76,163.34,149.34,216.245,152.68,158.4,120.78,92.12,97.57,137.51,123.31,123.23,137.27,113.97,107.92,140.29,67.575,76.01,45.39,35.765,48.115,44.235,56.475,34.175
2020-10-29 10:50,303.52,189.715,270.94,204.66,238.95,216.915,184.31,164.06,148.71,215.8,152.86,158.2,120.58,91.97,97.14,137.345,122.86,123.23,137.24,113.88,107.98,140.03,67.415,75.99,45.52,35.735,48.09,44.14,56.47,34.03
2020-10-29 10:55,303.55,189.06,271.35,204.865,239.31,216.88,184.01,164.18,148.56,216.13,152.66,158.24,120.49,91.61,96.99,137.44,123.015,122.89,137.25,113.98,107.96,140.035,67.315,76.07,45.445,35.745,48.075,44.17,56.44,33.9
2020-10-29 11:00,302.7,188.63,270.95,204.48,239.75,216.33,183.995,163.45,148.21,215.83,152.89,158.03,120.07,91.28,96.91,137.065,122.685,122.565,136.985,113.85,107.365,139.76,67.295,75.72,45.315,35.615,47.955,44.145,56.305,33.785
2020-10-29 11:05,303.22,188.81,271.125,204.49,239.305,216.29,183.94,163.42,147.7,216.25,152.86,157.9,120.005,91.24,96.72,137.14,122.54,122.67,137.1,113.975,107.44,139.69,67.23,75.73,45.29,35.62,47.94,44.145,56.3,33.69
2020-10-29 11:10,303.19,189.205,270.86,204.8,239.45,216.35,183.755,163.65,147.83,216.42,153.21,157.91,120.27,91.36,96.9,137.07,122.685,122.84,137.31,114.3,107.805,139.99,67.355,75.775,45.4,35.665,48.065,44.185,56.36,33.76
2020-10-29 11:15,303.66,189.775,271.045,205.1,240.19,216.67,183.725,163.7,148.23,216.51,153.03,158.2,120.28,91.39,96.925,137.125,123.075,122.72,137.33,114.35,107.95,140.215,67.43,75.95,45.335,35.695,48.115,44.19,56.305,33.815
2020-10-29 11:20,303.75,189.49,271.025,204.88,240.165,216.69,183.475,163.55,147.87,216.56,152.96,158.1,120.2,91.23,96.76,137.17,123.15,122.56,137.54,114.425,108.03,140.27,67.33,76.11,45.3,35.685,48.12,44.22,56.355,33.785
2020-10-29 11:25,303.25,189.15,270.235,205.035,239.97,216.4,183.175,163.74,147.61,216.16,153.21,158.05,120.055,90.99,96.425,136.775,123.06,122.53,137.04,114.72,107.85,140.18,67.19,75.66,45.145,35.62,47.925,44.165,56.24,33.735
2020-10-29 11:30,302.93,188.94,269.87,205.175,240.16,216.13,183.12,163.365,147.62,216.085,153.0,157.79,120.05,90.965,96.41,136.44,122.985,122.475,137.16,114.69,107.7,140.175,67.14,75.565,45.17,35.58,47.86,44.14,56.255,33.705
2020-10-29 11:35,303.38,189.005,269.74,205.165,240.5,216.31,183.245,163.28,147.59,216.32,153.08,158.095,120.125,91.015,96.61,137.1,122.97,122.78,137.33,114.935,107.745,140.29,67.09,75.76,45.38,35.545,47.915,44.17,56.305,33.755
2020-10-29 11:40,302.59,188.505,269.065,204.63,239.88,215.83,183.035,163.25,147.25,215.71,152.995,157.58,119.89,90.83,96.375,136.525,122.715,122.45,136.8,114.665,107.57,139.77,66.92,75.51,45.33,35.515,47.65,44.07,56.29,33.615
2020-10-29 11:45,302.23,188.465,269.61,204.585,239.75,215.56,183.12,163.07,147.09,215.83,153.18,157.78,119.995,90.85,96.46,136.71,122.835,122.43,136.905,114.765,107.6,139.745,67.085,75.54,45.45,35.54,47.705,44.035,56.285,33.69
2020-10-29 11:50,302.415,188.91,269.6,204.39,239.54,215.54,183.15,163.245,147.15,215.78,152.82,157.84,119.98,90.965,96.56,136.765,122.91,122.37,136.82,114.625,107.88,139.84,67.24,75.53,45.65,35.525,47.735,44.06,56.305,33.715
2020-10-29 11:55,302.77,188.82,269.36,204.31,239.05,215.32,183.2,163.11,146.79,215.81,153.27,157.725,119.78,90.815,96.5,136.64,123.09,122.57,136.7,114.5,107.75,139.595,67.11,75.45,45.725,35.495,47.68,44.01,56.305,33.605
2020-10-29 12:00,301.985,188.55,268.83,204.305,239.18,214.67,182.79,162.795,146.905,215.79,152.98,157.55,119.885,90.74,96.38,136.68,122.76,122.47,136.57,114.395,107.62,139.33,67.17,75.375,45.61,35.535,47.625,44.005,56.375,33.585
2020-10-29 12:05,301.575,188.66,269.57,204.475,239.75,214.92,183.225,163.35,147.2,216.04,153.375,157.72,119.885,90.81,96.47,136.715,122.79,122.195,136.645,114.63,107.79,139.55,67.34,75.375,45.66,35.625,47.71,44.075,56.435,33.555
2020-10-29 12:10,302.09,188.71,269.46,204.535,239.54,214.94,183.465,163.27,147.63,216.11,153.355,157.895,120.025,90.905,96.62,136.83,123.035,122.4,136.8,114.815,107.865,139.76,67.555,75.44,45.76,35.675,47.795,44.115,56.5,33.605
2020-10-29 12:15,302.995,188.795,269.61,204.635,239.56,214.94,183.765,163.61,147.395,216.78,153.8,157.88,120.15,90.87,96.61,136.82,122.89,122.29,136.995,115.095,107.975,139.8,67.465,75.37,45.9,35.665,47.775,44.1,56.545,33.625
2020-10-29 12:20,302.59,188.74,269.88,204.34,239.1,214.98,183.93,163.52,147.29,216.33,153.89,157.72,120.115,90.78,96.515,136.815,122.93,122.06,136.98,114.985,107.95,139.675,67.39,75.39,45.865,35.645,47.815,44.075,56.535,33.65
2020-10-29 12:25,302.315,188.99,270.55,204.54,239.25,215.11,184.335,163.63,147.425,216.7,153.8,157.935,120.155,90.845,96.515,136.91,122.99,122.2,136.84,115.035,107.88,139.63,67.45,75.405,45.9,35.665,47.755,44.16,56.495,33.645
2020-10-29 12:30,303.645,189.21,271.06,204.54,238.935,215.51,184.25,163.755,147.645,216.525,154.295,158.115,120.155,91.0,96.63,137.035,123.15,122.26,137.03,115.1,107.965,139.795,67.615,75.345,46.0,35.795,47.82,44.17,56.575,33.755
2020-10-29 12:35,303.725,189.03,271.39,204.605,238.885,215.48,184.21,163.93,147.635,216.49,154.3,158.07,120.41,91.02,96.73,137.1,123.01,122.395,137.085,115.115,108.125,139.76,67.755,75.41,45.94,35.795,47.835,44.125,56.635,33.755
2020-10-29 12:40,304.01,189.115,271.31,204.73,238.59,215.48,184.17,164.04,147.995,216.53,154.4,158.3,120.36,91.09,96.85,137.0,122.965,122.48,137.195,114.99,108.035,139.82,67.79,75.345,45.92,35.725,47.865,44.105,56.645,33.765
2020-10-29 12:45,303.645,189.24,271.45,205.1,238.49,215.3,184.08,163.97,147.525,217.035,153.92,158.13,120.26,90.855,96.74,136.98,122.975,122.31,137.24,115.145,108.125,139.925,67.75,75.295,45.84,35.79,47.865,44.125,56.65,33.705
2020-10-29 12:50,303.765,189.11,270.985,204.895,238.015,215.14,184.11,163.89,147.38,217.05,154.185,158.075,120.26,90.835,96.68,137.065,122.865,122.2,137.34,115.045,108.17,140.005,67.875,75.34,45.795,35.735,47.875,44.115,56.68,33.755
2020-10-29 12:55,303.45,189.02,270.485,204.84,237.605,215.16,183.65,163.83,147.32,217.05,154.08,158.16,120.21,90.75,96.61,136.87,122.9,122.32,137.115,115.065,108.095,139.9,67.815,75.275,45.785,35.695,47.805,44.08,56.675,33.705
2020-10-29 13:00,303.85,189.115,270.28,204.88,237.825,215.055,183.2,163.84,147.07,217.235,154.0,158.08,120.245,90.795,96.6,136.98,122.92,122.245,137.18,115.19,108.115,139.925,67.805,75.29,45.87,35.695,47.825,44.065,56.625,33.655
2020-10-29 13:05,303.26,188.795,269.34,204.63,237.655,214.605,183.08,163.45,146.8,216.88,153.78,157.49,120.05,90.62,96.405,136.9,122.72,122.125,136.855,115.105,108.0,139.65,67.55,75.175,45.825,35.645,47.715,44.005,56.525,33.635
2020-10-29 13:10,303.31,188.65,269.32,204.83,237.955,214.7,183.38,163.31,146.78,217.16,153.38,157.6,120.09,90.48,96.31,137.165,122.735,121.935,137.105,115.315,107.94,139.68,67.395,75.25,45.905,35.63,47.725,44.015,56.545,33.585
2020-10-29 13:15,303.03,188.505,269.23,204.965,237.495,214.45,183.44,163.235,146.67,216.87,153.34,157.77,120.05,90.27,96.26,137.045,122.63,122.05,136.965,115.41,107.83,139.695,67.38,75.185,45.85,35.585,47.715,43.975,56.5,33.565
2020-10-29 13:20,304.14,188.75,269.66,205.52,237.965,215.135,183.96,163.655,147.03,217.54,153.67,158.15,120.42,90.48,96.44,137.31,122.84,122.21,137.22,115.7,108.13,139.83,67.59,75.395,45.945,35.675,47.805,44.025,56.61,33.615
2020-10-29 13:25,304.75,189.17,269.93,205.76,238.2,215.49,184.055,163.88,147.28,218.315,153.905,158.185,120.66,90.63,96.685,137.46,123.13,122.46,137.375,115.925,108.36,140.11,67.67,75.455,46.01,35.755,47.875,44.065,56.665,33.66
2020-10-29 13:30,305.78,189.48,270.49,206.04,237.97,215.57,184.07,164.24,147.46,218.465,154.05,158.595,120.815,90.74,96.74,137.585,123.305,122.54,137.56,115.975,108.47,140.285,67.87,75.505,46.125,35.825,47.945,44.045,56.755,33.705
2020-10-29 13:35,306.19,189.82,270.68,205.57,237.705,215.41,184.0,164.2,147.225,218.65,154.095,158.53,120.68,90.645,96.635,137.73,123.34,122.63,137.64,115.775,108.395,140.35,67.935,75.685,46.065,35.75,47.93,43.975,56.775,33.695
2020-10-29 13:40,306.35,189.875,271.06,205.765,238.035,215.765,184.19,164.42,147.385,218.88,154.055,159.015,120.89,90.76,96.83,137.815,123.35,122.94,137.83,115.965,108.635,140.42,68.28,75.81,46.12,35.845,47.975,43.975,56.855,33.695
2020-10-29 13:45,306.14,190.01,270.93,205.59,238.02,215.83,184.315,164.75,147.705,219.17,154.315,159.19,120.77,90.93,96.905,138.0,123.28,123.07,138.065,115.815,108.775,140.485,68.415,75.965,46.23,35.905,48.005,44.025,56.975,33.745
2020-10-29 13:50,306.98,189.98,271.19,205.9,238.02,216.05,184.53,164.85,148.03,219.435,154.39,159.31,120.88,90.93,97.065,138.19,123.38,123.17,138.28,116.0,108.88,140.635,68.535,76.14,46.34,35.935,48.1,44.065,57.06,33.82
2020-10-29 13:55,306.96,190.39,271.62,206.07,237.81,216.4,184.48,164.85,148.365,219.515,154.81,159.35,121.035,91.055,97.2,138.16,123.445,123.25,138.325,116.195,108.93,140.55,68.46,76.145,46.33,35.915,48.155,44.085,57.015,33.795
2020-10-29 14:00,307.165,191.66,272.155,206.085,238.31,216.655,184.625,165.12,148.735,219.88,155.14,159.42,121.22,91.215,97.47,138.34,123.65,123.485,138.49,116.425,109.21,140.68,68.625,76.21,46.42,35.975,48.225,44.175,57.155,33.855
2020-10-29 14:05,307.715,191.7,272.545,206.14,238.77,217.13,184.4,165.51,149.05,220.015,155.19,159.93,121.38,91.16,97.58,138.555,123.77,123.33,138.74,116.385,109.365,140.845,68.72,76.36,46.47,36.005,48.29,44.2,57.205,33.865
2020-10-29 14:10,307.735,191.385,272.705,206.24,238.99,217.015,184.23,165.375,149.195,219.65,155.125,159.895,121.33,91.02,97.53,138.44,123.855,123.01,138.58,116.485,109.365,140.825,68.655,76.41,46.38,36.005,48.255,44.21,57.09,33.825
2020-10-29 14:15,308.03,191.93,273.35,206.63,238.955,217.5,184.445,165.64,149.34,220.065,155.375,160.18,121.655,91.38,97.805,138.63,124.075,123.46,138.97,116.765,109.585,141.075,68.73,76.54,46.535,36.03,48.385,44.29,57.265,33.895
2020-10-29 14:20,307.99,191.7,273.4,206.91,238.495,217.55,184.285,165.62,149.43,219.675,155.39,159.77,121.595,91.56,97.89,138.565,124.0,123.25,138.95,116.75,109.635,140.94,68.96,76.51,46.575,36.035,48.42,44.305,57.295,33.875
2020-10-29 14:25,307.21,192.18,273.56,207.25,238.53,217.5,184.44,165.4,149.23,219.56,155.47,159.65,121.485,91.51,97.81,138.39,124.09,123.23,138.98,116.75,109.485,141.0,68.78,76.485,46.585,35.985,48.415,44.355,57.205,33.805
2020-10-29 14:30,307.95,191.995,273.13,207.22,238.5,217.455,184.835,165.24,149.355,219.48,155.23,159.58,121.56,91.585,97.86,138.585,124.185,123.08,138.975,116.9,109.205,141.1,68.85,76.535,46.625,35.985,48.465,44.385,57.195,33.845
2020-10-29 14:35,307.01,191.23,272.29,207.1,238.28,216.96,184.54,164.74,148.735,219.32,154.705,159.03,121.235,91.215,97.475,138.3,123.885,122.48,138.71,116.33,109.17,140.77,68.6,76.365,46.405,35.92,48.335,44.3,57.155,33.745
2020-10-29 14:40,307.2,191.045,272.275,207.095,238.665,217.15,185.03,164.83,148.465,219.5,154.775,159.29,121.295,91.205,97.41,138.365,123.8,122.475,138.735,116.54,109.05,140.83,68.53,76.405,46.405,35.945,48.345,44.325,57.125,33.785
2020-10-29 14:45,306.23,190.975,271.695,206.52,238.21,216.565,184.98,164.66,148.34,219.3,154.675,158.905,121.165,91.12,97.35,138.15,123.515,122.36,138.41,116.06,108.865,140.625,68.495,76.235,46.35,35.865,48.255,44.285,57.085,33.755
2020-10-29 14:50,306.625,190.96,272.12,206.53,238.13,216.61,185.285,164.85,148.47,219.29,155.01,159.25,121.37,91.3,97.44,138.23,123.49,122.7,138.655,115.99,108.965,140.645,68.675,76.375,46.5,35.825,48.3,44.315,57.135,33.795
2020-10-29 14:55,306.395,191.08,272.1,206.61,237.965,216.49,185.26,164.99,148.67,219.205,155.115,159.19,121.485,91.405,97.525,138.105,123.42,122.63,138.605,116.01,109.15,140.56,68.74,76.32,46.545,35.795,48.355,44.355,57.125,33.76
2020-10-29 15:00,306.68,191.295,272.325,206.51,238.62,216.565,185.4,164.96,148.705,219.16,155.125,159.25,121.98,91.43,97.59,138.1,123.535,122.56,138.46,116.445,109.105,140.645,68.775,76.295,46.57,35.825,48.28,44.345,57.075,33.765
2020-10-29 15:05,306.245,191.36,271.745,206.26,238.36,216.21,185.4,164.51,148.55,219.05,154.845,159.05,121.845,91.215,97.505,138.065,123.355,122.48,138.52,116.36,109.05,140.475,68.725,76.275,46.605,35.815,48.31,44.315,57.125,33.73
2020-10-29 15:10,305.55,190.775,271.125,206.12,238.335,215.92,185.61,164.215,148.25,219.085,154.505,158.695,121.89,90.99,97.28,137.895,123.095,122.32,138.38,116.31,108.9,140.425,68.52,76.235,46.485,35.71,48.2,44.275,57.105,33.74
2020-10-29 15:15,305.435,190.65,270.96,206.25,238.21,215.74,185.72,164.31,148.17,219.21,154.56,158.57,122.005,91.04,97.365,137.825,123.02,122.335,138.48,116.205,108.91,140.54,68.375,76.17,46.525,35.735,48.21,44.275,57.105,33.745
2020-10-29 15:20,305.58,190.975,271.045,206.4,238.105,215.82,185.74,164.67,148.25,219.57,154.61,158.86,122.035,91.005,97.43,137.9,123.155,122.29,138.545,116.45,109.045,140.585,68.455,76.31,46.57,35.845,48.265,44.345,57.205,33.695
2020-10-29 15:25,305.755,190.78,271.09,206.44,237.845,215.67,186.07,164.73,148.5,219.44,155.0,158.835,122.08,91.18,97.49,137.935,123.19,122.395,138.425,116.305,109.055,140.61,68.61,76.27,46.575,35.86,48.265,44.375,57.15,33.82
2020-10-29 15:30,306.175,191.08,270.93,206.075,237.935,215.7,186.445,164.535,148.54,218.85,154.9,158.57,122.58,91.13,97.465,137.97,123.23,122.29,138.26,116.335,108.91,140.62,68.67,76.32,46.43,35.835,48.245,44.335,57.135,33.795
2020-10-29 15:35,305.99,191.11,270.77,206.055,237.725,215.545,186.57,164.845,148.46,218.89,154.74,158.84,122.2,91.39,97.525,137.895,123.33,122.56,138.245,116.385,109.02,140.605,68.73,76.255,46.485,35.795,48.2,44.345,56.99,33.745
2020-10-29 15:40,305.69,190.73,270.71,206.07,237.89,215.35,186.455,164.86,148.29,218.655,154.64,158.54,121.995,91.095,97.245,137.8,123.21,122.22,138.075,116.465,108.93,140.485,68.635,76.15,46.395,35.695,48.145,44.33,56.97,33.645
2020-10-29 15:45,306.17,191.2,270.9,206.16,238.47,215.55,186.83,165.12,148.6,219.12,154.84,158.735,122.33,91.175,97.45,137.99,123.52,122.8,138.33,116.55,109.09,140.62,69.06,76.245,46.55,35.805,48.245,44.43,57.025,33.675
2020-10-29 15:50,305.55,190.85,270.715,206.32,237.995,215.5,186.45,165.3,148.675,218.92,154.87,158.965,122.07,91.345,97.52,137.98,123.44,122.805,138.275,116.345,109.35,140.425,69.13,76.215,46.505,35.885,48.25,44.4,56.96,33.605
2020-10-29 15:55,303.61,189.99,269.69,204.71,237.21,215.085,184.89,164.76,148.32,217.5,154.725,158.625,121.6,91.04,97.2,137.14,122.95,122.49,137.68,115.01,108.97,139.93,68.86,75.86,46.25,35.69,48.01,44.125,56.76,33.525
2021-01-15 09:30,346.795,302.64,268.91,214.24,217.3,208.01,202.005,205.88,208.08,240.87,192.98,164.64,173.25,122.29,140.26,160.25,140.42,142.96,135.34,130.06,129.03,144.23,93.94,81.82,58.17,45.36,49.1,59.525,56.95,48.94
2021-01-15 09:35,349.11,302.19,268.94,213.855,217.17,207.86,201.76,205.87,207.6,241.59,193.29,164.48,172.96,122.08,140.54,159.69,140.155,142.08,135.48,129.83,129.07,144.25,93.735,81.99,58.28,45.365,48.875,59.295,56.98,48.79
2021-01-15 09:40,350.47,303.35,269.95,213.68,216.75,209.04,202.82,206.575,207.54,242.58,194.2,164.86,172.12,122.61,140.56,159.81,140.895,141.81,135.195,129.665,128.97,144.09,93.95,82.135,58.65,45.37,48.965,59.38,56.965,48.77
2021-01-15 09:45,351.2,302.345,270.51,213.725,216.91,208.87,202.5,206.77,208.53,242.745,194.25,165.05,171.73,122.49,140.655,160.04,141.075,141.715,135.13,129.71,129.08,143.71,93.88,82.19,58.55,45.355,48.86,59.285,56.93,48.8
2021-01-15 09:50,351.175,301.96,271.43,213.675,216.965,208.42,202.1,206.84,208.41,242.84,193.89,164.93,172.09,122.66,139.89,160.135,141.67,141.99,135.235,129.52,128.7,144.47,93.69,82.19,58.46,45.305,48.825,59.515,56.99,49.17
2021-01-15 09:55,351.455,300.02,271.63,213.615,216.95,208.935,202.74,207.42,208.43,243.42,193.69,165.0,172.175,122.41,139.49,160.285,141.945,142.045,135.59,129.155,128.82,144.935,93.745,82.14,58.49,45.445,48.87,58.96,57.07,49.045
2021-01-15 10:00,351.8,300.65,271.81,213.31,215.7,209.25,202.29,207.07,206.97,243.77,193.49,164.93,171.53,122.235,139.36,160.325,141.47,142.04,135.87,128.41,128.63,145.22,93.095,82.205,58.09,45.32,48.96,58.765,57.155,48.92
2021-01-15 10:05,350.295,299.02,270.39,212.445,214.29,208.345,201.565,206.18,206.225,242.74,192.57,164.25,170.93,122.16,138.32,159.39,140.8,141.745,135.46,128.06,128.17,144.87,92.16,82.025,57.71,45.095,48.795,58.56,57.04,48.7
2021-01-15 10:10,349.08,298.67,270.8,212.9,215.255,208.06,202.12,206.51,206.89,241.985,192.22,163.96,172.365,122.15,138.27,159.405,140.75,141.54,135.33,128.33,127.9,144.465,92.53,81.975,57.93,45.09,48.905,58.575,57.075,48.49
2021-01-15 10:15,348.815,298.05,270.31,212.46,214.55,208.26,201.84,205.83,206.46,241.01,191.71,163.65,171.11,122.0,138.1,159.27,140.46,141.395,135.39,127.69,127.975,144.32,92.18,81.9,57.72,45.055,48.815,58.36,57.13,48.56
2021-01-15 10:20,347.45,297.52,270.15,212.185,214.24,208.62,201.86,205.755,205.16,241.205,191.1,163.68,170.84,121.76,137.615,159.34,140.115,141.33,135.44,127.8,127.775,144.26,91.76,81.825,57.47,44.99,48.59,58.42,57.14,48.46
2021-01-15 10:25,347.87,297.66,270.38,212.36,214.775,208.68,202.14,205.69,206.46,240.98,191.895,163.835,171.22,122.235,137.78,159.255,140.76,141.205,135.35,128.26,127.875,144.195,92.45,81.795,57.71,45.02,48.56,58.62,57.045,48.58
2021-01-15 10:30,349.025,298.16,270.605,213.04,215.52,208.74,202.19,206.24,206.93,241.5,192.355,163.94,171.73,122.31,138.09,159.545,141.045,141.29,135.425,128.28,128.1,144.58,92.83,81.985,57.86,45.135,48.605,58.83,57.01,48.645
2021-01-15 10:35,349.425,298.68,270.865,213.73,214.665,209.3,202.195,206.32,206.68,242.28,192.355,164.325,171.33,122.5,138.075,159.655,141.29,141.445,135.345,128.27,128.24,144.54,92.86,82.095,57.77,45.075,48.725,58.83,56.965,48.59
2021-01-15 10:40,349.6,299.34,271.055,213.54,214.82,209.21,201.61,206.27,206.71,242.46,193.09,164.46,171.445,122.62,137.855,159.79,141.18,141.735,135.305,127.975,128.53,144.4,93.18,82.25,57.91,45.135,48.67,59.085,56.95,48.56
2021-01-15 10:45,349.37,299.31,270.65,213.365,214.84,209.34,201.875,205.82,206.49,242.5,193.19,164.275,171.35,122.46,138.09,159.875,140.965,141.91,135.59,128.13,128.38,144.45,92.935,82.36,57.8,45.11,48.665,58.995,57.06,48.55
2021-01-15 10:50,349.29,299.86,270.965,213.5,214.96,209.21,201.74,206.255,206.88,242.69,193.41,164.235,171.79,122.33,137.7,159.91,140.98,141.95,135.37,128.43,128.33,144.47,93.04,82.45,58.05,45.17,48.64,58.98,57.025,48.57
2021-01-15 10:55,349.24,299.27,271.15,213.19,214.78,208.905,201.4,206.59,206.86,242.51,193.56,164.56,171.87,122.49,137.91,159.95,141.055,142.14,135.36,128.22,128.29,144.69,92.955,82.39,58.155,45.1,48.64,58.995,57.015,48.69
2021-01-15 11:00,349.37,299.365,271.16,212.59,214.66,208.86,200.89,206.43,206.7,242.32,193.37,164.545,171.36,122.19,137.56,159.885,140.91,141.92,135.45,127.84,128.25,144.51,92.89,82.39,57.98,44.995,48.67,58.79,56.95,48.61
2021-01-15 11:05,349.25,299.34,271.01,212.655,215.3,208.71,200.655,206.25,206.29,242.61,193.11,164.46,171.35,122.11,137.39,160.18,140.835,141.9,135.92,128.045,128.335,144.86,92.94,82.375,57.86,45.0,48.74,58.795,56.945,48.72
2021-01-15 11:10,349.37,299.41,271.04,213.11,215.74,209.055,201.175,206.7,205.89,242.43,193.19,164.595,171.26,122.18,137.63,160.64,140.98,142.01,135.755,128.33,128.325,144.72,93.005,82.485,57.62,45.105,48.84,58.92,56.98,48.78
2021-01-15 11:15,349.56,299.67,271.85,213.58,215.975,209.46,201.43,206.87,206.12,243.53,193.35,164.42,171.51,122.1,137.625,161.01,141.09,142.29,135.83,128.8,128.53,144.89,93.35,82.64,57.66,45.235,48.885,59.21,57.05,48.86
2021-01-15 11:20,349.19,299.32,272.285,213.8,215.78,209.66,201.275,207.12,206.43,243.675,193.26,165.13,171.37,122.24,137.535,160.74,141.08,142.17,135.73,128.84,128.685,145.2,93.22,82.565,57.675,45.225,48.83,59.14,57.09,48.835
2021-01-15 11:25,349.42,299.775,272.45,213.9,215.705,209.78,201.79,207.49,206.97,244.26,193.71,165.21,171.48,122.62,138.08,161.03,141.32,142.32,136.0,129.31,128.9,145.45,93.55,82.8,57.9,45.375,48.885,59.16,57.13,48.965
2021-01-15 11:30,349.6,299.61,272.18,214.0,215.32,209.46,201.765,207.3,206.86,244.48,193.29,164.91,171.485,122.505,137.955,160.95,141.38,142.18,135.8,129.245,128.81,145.29,93.615,82.765,57.69,45.405,48.845,59.235,57.15,48.95
2021-01-15 11:35,350.285,300.44,272.51,214.055,215.385,209.215,201.88,207.49,206.72,244.58,193.465,164.62,171.4,122.74,138.5,161.16,141.33,142.57,135.905,129.015,128.87,145.38,93.765,82.855,57.71,45.425,48.86,59.275,57.105,49.15
2021-01-15 11:40,350.11,300.7,272.975,213.82,215.245,209.41,201.57,207.65,206.815,244.79,193.25,164.41,171.26,122.675,138.61,161.13,141.27,142.96,135.93,129.01,128.755,145.58,93.48,82.94,57.72,45.43,48.875,59.14,57.075,49.16
2021-01-15 11:45,349.45,300.85,272.91,213.76,214.94,209.42,201.47,207.485,206.165,244.635,193.15,164.18,170.9,122.385,138.9,161.15,141.365,142.89,136.07,128.8,128.655,145.48,93.38,82.96,57.68,45.435,48.875,59.055,57.11,49.07
2021-01-15 11:50,349.385,300.79,273.5,213.55,215.02,209.24,201.5,207.41,205.86,244.675,193.06,164.1,170.195,122.025,138.6,161.21,141.305,142.82,135.89,128.98,128.47,145.69,93.285,82.99,57.625,45.42,48.84,58.975,57.095,49.085
2021-01-15 11:55,349.47,300.53,274.85,213.77,214.94,209.48,201.88,207.22,205.66,244.89,193.16,164.075,170.91,122.065,138.515,161.285,141.53,142.945,136.03,128.75,128.47,145.86,93.09,83.015,57.63,45.335,48.845,58.885,57.21,48.955
2021-01-15 12:00,349.43,301.07,274.6,213.84,214.94,209.75,201.93,206.695,205.95,244.805,193.245,164.01,171.41,121.9,138.39,160.98,141.66,142.905,135.91,128.59,128.34,145.67,93.03,82.935,57.6,45.345,48.815,58.72,57.18,48.9
2021-01-15 12:05,348.89,300.87,274.65,213.605,214.805,209.53,201.81,206.79,205.82,244.87,193.49,164.035,171.29,122.025,138.535,160.85,141.74,143.125,135.8,128.64,128.275,145.83,92.86,82.865,57.61,45.28,48.79,58.815,57.11,48.93
2021-01-15 12:10,349.46,301.06,274.645,213.53,214.69,209.565,201.74,206.665,205.82,244.88,193.495,164.03,171.32,122.02,138.72,160.83,141.72,142.8,135.785,128.45,128.185,145.82,92.935,82.965,57.545,45.275,48.78,58.84,57.135,48.93
2021-01-15 12:15,350.36,301.425,275.215,213.575,214.81,209.705,201.995,206.71,206.06,244.98,193.69,164.0,171.11,122.09,139.04,161.11,141.7,142.92,135.92,128.535,128.28,145.835,93.14,83.04,57.56,45.295,48.775,58.955,57.14,48.975
2021-01-15 12:20,350.215,301.6,275.29,213.395,214.53,209.73,201.86,206.455,206.0,245.445,193.63,164.03,171.33,122.065,139.19,161.18,141.72,142.83,136.02,128.42,128.15,145.61,93.1,83.015,57.52,45.265,48.8,58.92,57.1,48.985
2021-01-15 12:25,350.15,301.77,275.8,213.115,214.56,209.805,201.58,206.46,205.92,245.81,193.66,164.045,171.38,121.965,139.48,161.275,141.705,142.85,136.09,128.27,128.14,145.62,93.07,83.15,57.52,45.255,48.835,58.935,57.225,49.005
2021-01-15 12:30,349.82,302.015,275.56,213.23,214.775,209.85,201.19,206.76,206.06,245.75,193.75,163.975,171.425,121.96,139.525,161.24,141.69,142.73,135.96,128.495,128.09,145.665,93.095,83.1,57.65,45.3,48.87,59.05,57.225,49.075
2021-01-15 12:35,349.575,302.495,275.78,213.12,214.555,209.775,201.055,206.72,206.21,245.825,194.04,164.055,171.495,121.98,139.73,161.125,141.805,142.83,135.86,128.37,128.055,145.6,93.14,83.11,57.715,45.325,48.81,59.095,57.215,49.095
2021-01-15 12:40,349.605,302.62,275.845,213.19,214.895,210.05,201.165,206.98,206.38,245.755,194.205,164.32,171.3,122.26,139.7,161.12,141.88,142.83,135.89,128.58,128.25,145.52,93.035,83.045,57.78,45.385,48.825,59.115,57.255,49.11
2021-01-15 12:45,349.78,303.01,275.825,213.18,214.585,210.015,201.01,206.99,206.44,245.92,194.1,163.78,171.41,122.375,139.83,161.12,141.935,142.965,135.65,128.625,128.25,145.45,93.045,82.97,57.825,45.38,48.785,59.085,57.185,48.94
2021-01-15 12:50,350.09,303.255,275.065,213.18,214.63,210.025,201.17,207.275,206.85,246.03,194.31,163.77,171.48,122.525,140.18,161.12,141.98,142.98,135.67,128.495,128.42,145.245,93.27,82.935,57.75,45.425,48.78,59.09,57.22,49.055
2021-01-15 12:55,350.34,303.185,275.13,213.15,214.48,210.03,201.09,207.27,206.775,245.91,193.96,163.725,171.48,122.37,139.93,161.06,141.99,143.025,135.67,128.495,128.465,145.22,93.305,82.83,57.795,45.43,48.77,59.025,57.26,49.03
2021-01-15 13:00,350.05,302.84,275.065,213.07,214.365,209.71,200.81,206.9,206.56,245.78,193.82,163.655,171.31,122.27,139.72,161.11,141.79,142.79,135.51,128.315,128.28,145.07,93.13,82.825,57.795,45.38,48.72,58.8,57.21,49.005
2021-01-15 13:05,350.835,303.145,274.87,213.49,214.485,209.79,201.295,206.9,206.4,246.225,193.765,163.73,171.195,122.32,140.005,161.27,141.86,142.905,135.515,128.36,128.34,145.185,93.095,82.905,57.68,45.445,48.715,58.69,57.28,49.03
2021-01-15 13:10,350.895,303.09,274.68,213.77,214.53,209.76,201.28,206.82,206.55,246.11,193.6,163.72,171.04,122.38,139.88,161.02,141.855,143.075,135.44,128.52,128.465,145.22,93.105,82.96,57.6,45.45,48.67,58.74,57.24,48.985
2021-01-15 13:15,351.655,303.65,275.18,213.8,214.61,210.13,201.695,207.155,206.85,246.305,193.97,163.775,171.11,122.595,140.105,161.17,142.13,143.32,135.59,128.705,128.59,145.19,93.17,82.965,57.61,45.51,48.735,58.75,57.29,49.03
2021-01-15 13:20,351.45,303.695,275.235,213.73,214.735,210.15,201.625,207.12,206.96,246.3,194.22,164.15,171.25,122.665,140.24,161.12,142.21,143.3,135.58,128.71,128.555,145.005,92.95,83.005,57.68,45.525,48.73,58.695,57.31,49.03
2021-01-15 13:25,351.47,303.785,275.27,213.71,214.65,210.08,201.45,207.02,206.64,246.255,194.065,164.48,171.13,122.56,139.86,161.01,142.31,143.12,135.44,128.665,128.3,144.905,92.855,83.015,57.655,45.46,48.695,58.59,57.29,48.975
2021-01-15 13:30,351.475,303.715,275.15,213.72,214.15,210.11,201.6,207.045,206.39,246.21,194.155,164.64,171.23,122.52,139.73,161.015,142.1,143.23,135.375,128.63,128.29,144.94,92.95,83.01,57.715,45.455,48.685,58.55,57.28,48.93
2021-01-15 13:35,351.7,303.95,275.09,213.875,214.49,210.18,201.72,207.08,206.425,246.005,194.23,164.445,171.3,122.615,139.86,160.85,142.285,143.16,135.41,128.75,128.315,144.99,92.83,83.0,57.605,45.475,48.68,58.63,57.215,48.985
2021-01-15 13:40,351.54,304.36,275.05,213.8,214.38,210.125,201.88,207.185,206.65,246.16,194.45,164.455,171.505,122.535,139.58,160.84,142.33,143.15,135.41,128.675,128.115,144.95,92.89,83.015,57.695,45.495,48.64,58.595,57.195,49.02
2021-01-15 13:45,351.43,304.25,274.78,213.61,214.5,210.035,201.62,207.155,206.55,245.94,194.405,164.42,171.48,122.46,139.62,160.69,142.1,143.295,135.34,128.59,128.1,144.955,92.56,82.95,57.61,45.455,48.615,58.505,57.195,48.935
2021-01-15 13:50,351.51,304.045,274.845,213.72,214.665,209.93,201.65,207.01,205.9,245.865,194.31,164.275,171.45,122.49,139.335,160.62,141.895,143.2,135.27,128.62,128.19,144.91,92.565,82.975,57.53,45.475,48.6,58.495,57.255,48.925
2021-01-15 13:55,351.415,304.25,275.24,213.715,214.45,209.89,201.53,207.235,206.19,245.525,194.11,164.43,171.465,122.38,139.63,160.56,141.71,143.28,135.3,128.49,128.42,144.82,92.655,82.975,57.6,45.51,48.59,58.44,57.27,48.92
2021-01-15 14:00,351.53,304.47,275.59,213.89,214.53,210.11,201.7,207.48,206.05,245.885,194.43,164.57,171.51,122.5,139.705,160.74,141.82,143.31,135.27,128.62,128.29,144.84,92.46,83.055,57.65,45.495,48.63,58.245,57.25,49.0
2021-01-15 14:05,351.02,303.94,275.275,213.68,214.55,209.87,201.45,207.335,205.74,245.69,194.09,164.425,171.25,122.335,139.35,160.65,141.52,143.39,135.245,128.5,128.205,144.715,92.395,83.01,57.61,45.505,48.595,58.125,57.22,48.91
2021-01-15 14:10,351.185,304.28,275.15,213.65,214.55,209.85,201.525,207.3,205.555,245.775,193.975,164.79,171.09,122.4,139.59,160.64,141.54,143.53,135.225,128.41,128.165,144.645,92.385,83.07,57.515,45.49,48.605,58.035,57.3,48.985
2021-01-15 14:15,351.05,304.07,275.235,213.75,214.605,209.79,201.35,207.185,205.29,246.04,194.08,164.94,171.11,122.275,139.55,160.77,141.39,143.475,135.32,128.33,128.155,144.785,92.17,83.13,57.51,45.5,48.675,58.095,57.265,49.015
2021-01-15 14:20,350.98,303.8,275.31,213.685,214.465,209.97,201.405,207.26,205.43,246.16,194.01,165.21,171.19,122.345,139.425,160.77,141.425,143.46,135.36,128.18,128.16,144.74,92.1,83.23,57.54,45.525,48.675,58.005,57.265,48.995
2021-01-15 14:25,351.18,303.59,275.52,213.76,214.465,210.08,201.345,207.39,205.75,246.085,194.12,165.21,171.22,122.54,139.43,160.74,141.64,143.61,135.28,128.06,128.215,144.64,92.105,83.205,57.535,45.53,48.67,57.99,57.23,49.04
2021-01-15 14:30,350.6,304.12,275.795,213.855,214.65,210.19,201.37,207.43,205.75,246.145,194.465,165.33,171.435,122.55,139.54,160.785,141.775,143.71,135.28,128.02,128.295,144.61,92.35,83.285,57.605,45.54,48.665,57.9,57.31,49.055
2021-01-15 14:35,350.525,304.31,275.93,213.905,214.68,210.255,201.73,207.58,205.91,246.36,194.42,165.8,171.425,122.66,139.655,160.915,141.85,143.78,135.295,127.98,128.28,144.6,92.175,83.415,57.54,45.56,48.695,57.85,57.305,49.06
2021-01-15 14:40,350.815,303.9,276.32,213.985,214.655,210.085,201.81,207.51,205.54,246.53,194.455,165.7,171.435,122.54,139.5,160.86,141.91,143.705,135.34,127.975,128.41,144.57,92.32,83.315,57.565,45.58,48.715,57.955,57.305,49.02
2021-01-15 14:45,350.67,303.765,276.23,214.08,214.5,210.32,201.905,207.56,205.54,246.505,194.53,165.66,171.51,122.565,139.53,160.885,141.81,143.62,135.455,128.01,128.61,144.545,92.42,83.38,57.64,45.62,48.725,58.065,57.35,48.985
2021-01-15 14:50,350.59,303.63,276.32,213.895,214.33,210.24,201.88,207.25,205.42,246.52,194.34,165.61,171.49,122.565,139.625,160.85,141.725,143.645,135.425,127.77,128.495,144.58,92.375,83.405,57.505,45.61,48.8,58.04,57.39,48.93
2021-01-15 14:55,350.505,303.57,276.055,213.515,214.375,210.165,201.78,207.205,205.24,246.28,194.235,165.65,171.42,122.505,139.41,160.65,141.715,143.53,135.4,127.73,128.415,144.5,92.305,83.31,57.48,45.535,48.795,57.885,57.375,48.89
2021-01-15 15:00,350.555,303.61,275.795,213.42,214.45,210.125,201.92,207.145,205.225,246.205,194.445,165.705,171.37,122.51,139.53,160.625,141.76,143.7,135.415,127.69,128.485,144.67,92.15,83.255,57.53,45.455,48.8,58.025,57.335,48.975
2021-01-15 15:05,350.34,302.73,275.44,213.17,214.355,210.07,201.75,206.82,204.76,245.94,194.22,165.865,171.32,122.335,139.26,160.485,141.55,143.73,135.36,127.54,128.345,144.515,92.06,83.235,57.42,45.485,48.755,57.93,57.29,48.98
2021-01-15 15:10,350.95,302.465,276.04,213.64,214.585,210.46,202.12,207.38,205.23,246.71,194.635,166.07,171.47,122.585,139.43,160.86,141.57,143.89,135.665,127.805,128.67,144.81,92.27,83.37,57.43,45.59,48.845,58.05,57.405,49.08
2021-01-15 15:15,350.93,302.1,276.07,213.75,214.4,210.44,202.22,207.19,205.15,246.575,194.69,166.17,171.475,122.51,139.52,160.78,141.53,144.07,135.57,127.77,128.62,144.82,92.28,83.39,57.38,45.55,48.885,58.035,57.43,48.98
2021-01-15 15:20,351.54,301.135,276.01,213.645,214.44,210.32,202.36,207.05,204.82,246.61,194.705,166.13,171.49,122.445,139.17,160.85,141.37,143.96,135.48,127.805,128.9,144.875,92.26,83.475,57.55,45.545,48.905,57.985,57.475,48.92
2021-01-15 15:25,351.835,301.75,275.925,213.525,214.19,210.44,202.09,206.73,205.035,246.565,194.48,165.92,171.475,122.41,139.52,160.75,141.15,143.835,135.34,127.56,128.68,144.88,92.32,83.475,57.42,45.495,48.835,57.925,57.475,48.92
2021-01-15 15:30,351.615,301.41,275.44,213.425,214.17,210.23,202.07,206.405,205.15,246.05,194.41,165.855,171.38,122.34,139.36,160.72,140.99,143.775,135.24,127.39,128.51,144.61,92.16,83.325,57.56,45.465,48.805,57.825,57.395,48.83
2021-01-15 15:35,352.2,301.19,275.705,213.6,214.16,210.295,201.885,206.365,205.0,246.08,194.39,165.63,171.28,122.34,139.09,160.54,140.83,143.74,135.15,127.395,128.505,144.655,92.02,83.405,57.415,45.455,48.745,57.78,57.405,48.86
2021-01-15 15:40,351.75,300.4,275.59,213.16,213.95,209.965,201.865,206.1,204.79,245.635,194.25,165.595,170.935,122.16,139.085,160.305,140.7,143.605,135.18,127.19,128.36,144.675,92.02,83.35,57.26,45.515,48.64,57.77,57.375,48.8
2021-01-15 15:45,351.79,300.59,275.805,213.245,213.79,209.97,201.62,206.12,204.96,246.05,194.91,165.7,171.095,122.15,138.9,160.28,140.585,143.37,135.09,127.345,128.32,144.67,91.9,83.435,57.38,45.515,48.625,57.765,57.4,48.895
2021-01-15 15:50,351.765,300.36,275.965,212.99,213.75,210.07,201.42,206.21,205.01,245.58,194.855,165.54,170.815,122.175,138.67,160.45,140.52,143.325,134.92,127.145,128.295,144.685,92.07,83.4,57.425,45.465,48.625,57.54,57.36,48.98
2021-01-15 15:55,351.39,301.11,275.62,212.57,213.31,209.93,201.6,206.08,204.2,245.49,194.68,165.54,171.38,122.155,138.88,160.38,140.71,143.3,134.82,127.32,128.46,144.67,92.1,83.435,57.19,45.425,48.71,57.615,57.39,48.92
2021-01-19 09:30,354.88,304.72,275.17,214.47,214.65,210.72,203.45,207.415,207.33,247.89,194.27,167.14,173.1,125.305,140.325,161.24,140.47,143.37,135.56,128.305,128.94,143.895,93.96,83.28,57.48,45.165,48.385,57.55,57.235,48.905
2021-01-19 09:35,355.69,303.75,275.54,213.55,215.05,209.83,202.67,207.63,208.835,247.47,194.82,167.38,173.37,125.55,139.73,162.02,140.725,143.62,135.43,128.04,128.5,143.97,94.325,83.36,57.61,45.155,48.415,57.43,57.4,48.9
2021-01-19 09:40,355.99,300.43,275.225,213.52,215.715,209.795,202.92,207.9,209.605,246.99,194.5,167.87,173.2,125.42,139.16,161.35,140.6,143.4,135.16,127.95,128.71,143.25,94.04,82.96,57.53,44.965,48.525,57.51,57.265,48.715
2021-01-19 09:45,353.41,298.61,274.94,213.54,214.89,209.695,202.76,207.93,209.095,246.795,194.23,167.65,172.55,125.28,138.95,161.5,140.26,143.31,135.175,127.77,128.74,143.07,94.425,82.855,57.23,44.87,48.5,57.79,57.23,48.58
2021-01-19 09:50,354.06,298.075,274.9,213.18,214.65,209.28,202.15,207.42,209.13,247.915,193.95,167.68,171.97,125.615,138.965,162.225,140.245,142.9,135.095,127.52,128.905,142.9,94.03,83.2,57.075,44.8,48.55,57.58,57.205,48.51
2021-01-19 09:55,354.88,299.04,275.625,214.14,214.75,209.51,202.505,207.39,209.585,248.25,194.22,167.73,171.91,125.25,138.47,162.39,140.235,142.37,135.365,127.45,129.09,143.01,94.23,83.23,56.98,44.945,48.575,57.62,57.27,48.41
2021-01-19 10:00,354.54,299.19,275.86,214.35,215.4,209.56,202.46,206.93,208.88,248.37,193.78,167.305,171.85,124.9,138.6,161.78,139.705,142.6,135.21,127.16,128.62,142.89,94.19,82.965,56.61,44.82,48.425,57.725,57.045,48.285
2021-01-19 10:05,354.01,298.355,275.205,214.11,216.03,209.375,202.15,206.81,208.89,247.78,193.9,167.26,172.64,124.86,138.23,161.65,139.535,142.44,135.2,127.19,128.47,143.04,94.235,82.91,56.62,44.805,48.49,57.585,57.07,48.07
2021-01-19 10:10,354.53,298.225,275.525,214.48,216.22,209.34,201.65,206.83,207.845,247.65,194.31,167.26,172.165,124.89,138.105,161.52,139.43,142.28,135.185,127.41,128.585,143.15,93.99,82.96,56.46,44.78,48.46,57.735,57.03,48.17
2021-01-19 10:15,354.21,296.285,275.56,214.17,215.41,209.0,202.04,206.82,207.425,248.53,194.65,167.28,172.125,124.88,137.935,162.345,139.69,142.4,135.12,127.26,128.67,143.13,93.93,83.11,56.475,44.87,48.52,57.765,57.15,48.1
2021-01-19 10:20,354.11,296.6,275.54,213.75,214.78,208.53,201.84,207.04,207.885,248.075,194.93,167.47,172.315,124.85,138.245,162.43,139.91,142.485,135.03,126.96,128.735,143.025,94.14,83.025,56.5,44.895,48.425,57.63,57.11,48.08
2021-01-19 10:25,353.97,296.38,275.915,213.615,215.25,208.97,202.11,206.86,208.015,248.28,194.91,167.505,172.515,124.86,138.445,162.62,140.26,142.66,135.22,127.17,128.875,143.49,94.05,83.15,56.7,45.04,48.455,57.765,57.155,48.165
2021-01-19 10:30,354.38,297.99,276.31,213.36,215.13,208.64,202.2,207.31,208.98,247.71,195.455,167.57,172.4,124.99,138.725,162.425,140.26,142.64,135.185,127.08,129.225,143.5,94.385,83.03,56.68,45.055,48.425,57.925,57.09,48.17
2021-01-19 10:35,353.75,298.11,276.695,213.265,215.06,208.64,201.95,207.27,209.73,247.23,195.66,167.74,172.395,124.965,138.97,161.885,140.15,142.54,135.16,127.02,128.97,143.93,94.605,82.97,56.82,44.96,48.375,57.995,57.065,48.205
2021-01-19 10:40,354.47,297.0,276.42,213.49,215.515,208.715,202.16,207.34,209.8,247.52,195.96,168.035,172.53,125.17,138.8,162.27,139.76,143.04,135.315,127.275,129.17,143.71,94.68,83.16,56.825,45.03,48.46,58.13,57.16,48.235
2021-01-19 10:45,354.4,298.64,276.45,213.875,215.175,208.745,201.92,207.53,209.93,248.0,195.76,167.99,172.37,125.275,139.03,162.34,139.67,143.13,135.26,127.4,129.225,143.54,94.62,83.25,56.97,45.065,48.485,58.03,57.165,48.205
2021-01-19 10:50,354.445,299.0,276.28,213.67,215.03,208.825,201.7,207.34,210.17,248.39,195.465,168.21,172.36,125.46,139.2,162.445,139.605,143.305,134.98,127.095,129.24,143.525,94.62,83.32,56.8,45.115,48.425,58.03,57.29,48.39
2021-01-19 10:55,353.9,297.36,275.44,213.9,215.065,208.495,201.54,206.88,209.41,248.34,194.97,168.06,172.13,125.14,139.1,162.32,139.31,143.18,135.0,127.115,129.15,143.48,94.45,83.28,56.85,45.155,48.415,58.08,57.285,48.37
2021-01-19 11:00,354.34,296.95,275.58,213.76,215.295,208.44,201.41,206.95,210.03,248.44,195.22,168.13,172.435,125.345,138.965,162.48,139.56,143.36,135.08,127.38,129.115,143.7,94.59,83.33,56.78,45.12,48.375,58.15,57.25,48.25
2021-01-19 11:05,353.85,298.06,275.21,213.54,214.76,208.28,201.32,206.725,209.495,248.53,195.05,167.88,172.165,125.08,138.53,162.21,139.425,143.08,134.94,127.46,128.715,143.53,94.35,83.2,56.72,45.035,48.35,58.1,57.22,48.19
2021-01-19 11:10,353.63,298.42,275.23,212.78,213.83,208.12,200.63,207.03,209.45,248.07,195.28,167.83,172.11,125.265,138.82,161.95,139.26,143.105,134.68,127.175,128.755,143.295,94.36,83.07,57.005,44.98,48.31,58.12,57.125,48.34
2021-01-19 11:15,352.41,299.11,275.375,212.78,213.905,208.015,200.48,206.79,209.21,247.55,195.305,167.68,171.86,125.575,138.87,161.9,139.14,143.21,134.61,127.19,128.7,143.25,94.245,82.955,56.835,44.975,48.25,58.125,57.06,48.345
2021-01-19 11:20,351.84,299.585,275.215,213.045,214.355,208.15,200.465,206.81,208.855,248.21,195.27,167.875,172.035,125.61,138.7,161.955,139.0,143.38,134.54,127.16,128.81,143.225,94.545,83.04,56.95,45.05,48.29,58.15,57.09,48.31
2021-01-19 11:25,351.965,300.365,275.675,213.13,214.495,208.42,200.86,206.7,208.85,248.35,195.65,168.105,172.09,125.85,139.07,161.98,138.92,143.43,134.51,127.18,128.675,143.26,94.54,83.05,57.065,45.125,48.265,58.07,57.11,48.255
2021-01-19 11:30,351.81,298.59,275.675,213.24,214.54,208.54,200.84,206.71,208.395,248.17,195.36,167.88,171.83,125.805,138.8,161.97,138.635,143.15,134.44,127.23,128.5,143.145,94.58,83.015,56.78,45.145,48.285,58.065,57.075,48.135
2021-01-19 11:35,352.285,298.54,276.215,213.205,214.61,208.57,200.945,206.86,208.73,248.02,195.21,168.035,172.105,125.87,138.9,161.935,138.72,143.33,134.36,127.335,128.61,143.09,94.73,82.92,56.765,45.22,48.32,58.225,57.105,48.025
2021-01-19 11:40,352.32,298.5,276.27,213.445,214.75,208.72,200.79,206.985,208.815,248.055,195.005,168.15,172.195,125.78,138.82,162.05,138.815,143.23,134.41,127.33,128.675,143.325,94.825,82.785,56.95,45.235,48.32,58.225,57.13,48.15
2021-01-19 11:45,352.92,298.48,276.48,213.61,214.845,208.81,200.98,207.3,208.43,247.97,195.14,168.445,172.37,125.78,139.17,162.17,138.895,143.52,134.465,127.405,128.74,143.425,94.67,82.855,57.15,45.205,48.335,58.22,57.135,48.04
2021-01-19 11:50,353.21,299.31,276.98,213.765,214.84,209.04,201.01,207.595,208.81,248.17,195.66,168.595,172.6,126.0,139.01,162.11,138.9,143.67,134.43,127.66,129.0,143.605,94.58,82.915,57.0,45.175,48.3,58.185,57.095,48.005
2021-01-19 11:55,352.79,298.51,276.635,213.625,214.74,208.95,200.745,207.24,208.6,248.14,195.37,168.415,172.54,125.84,138.88,162.11,138.78,143.315,134.38,127.73,128.81,143.635,94.545,82.925,56.85,45.195,48.3,58.085,57.07,48.05
2021-01-19 12:00,353.37,298.85,276.53,214.02,215.26,209.13,201.14,207.45,208.19,248.38,195.08,168.6,172.76,126.06,139.14,162.29,138.78,143.41,134.45,127.7,128.705,143.72,94.43,82.935,56.86,45.22,48.36,58.12,57.11,48.06
2021-01-19 12:05,354.12,298.33,276.435,213.94,214.95,208.82,200.91,207.49,207.96,248.395,195.02,168.57,172.94,126.42,139.39,162.5,138.645,143.6,134.41,127.52,128.755,143.82,94.355,82.95,56.88,45.18,48.355,58.085,57.14,48.085
2021-01-19 12:10,353.825,298.215,276.365,214.42,215.21,208.845,201.07,207.39,207.7,248.26,194.88,168.625,173.165,126.37,138.87,162.42,138.51,143.59,134.395,127.595,128.73,143.855,94.38,83.02,57.01,45.195,48.345,58.135,57.115,48.13
2021-01-19 12:15,352.93,298.07,276.11,214.65,215.46,208.73,201.29,207.3,207.785,248.505,194.635,168.77,173.005,126.52,139.005,162.33,138.75,143.78,134.33,127.6,128.715,143.7,94.27,82.95,56.975,45.11,48.355,58.125,57.11,48.045
2021-01-19 12:20,352.81,298.36,275.46,214.73,215.39,208.53,201.22,207.51,208.31,248.495,194.67,168.92,172.97,126.56,138.79,162.11,138.725,143.73,134.18,127.47,128.665,143.61,94.17,82.855,56.975,45.08,48.335,58.105,57.075,48.09
2021-01-19 12:25,352.825,298.2,275.215,214.62,215.52,208.52,201.35,207.385,208.07,248.59,194.445,168.785,173.0,126.78,138.65,162.22,138.73,143.865,134.19,127.39,128.575,143.58,94.12,82.91,56.985,45.09,48.33,58.015,57.09,48.12
2021-01-19 12:30,353.4,297.725,275.145,214.645,215.685,208.445,201.42,207.42,208.42,248.5,194.46,168.61,173.23,126.845,138.59,162.16,138.8,143.59,134.22,127.41,128.6,143.57,94.195,82.89,56.95,45.065,48.36,57.99,57.08,48.005
2021-01-19 12:35,354.17,297.205,275.42,215.01,216.03,208.52,201.89,207.435,208.295,248.525,194.25,168.42,173.17,126.95,138.41,162.16,139.0,143.56,134.29,127.42,128.49,143.63,94.035,82.865,56.96,45.045,48.375,57.915,57.16,47.97
2021-01-19 12:40,354.64,296.885,275.41,214.94,215.97,208.74,202.0,207.68,208.38,248.905,194.47,168.715,173.59,127.45,138.9,162.52,139.19,143.73,134.3,127.595,128.765,143.665,94.255,83.05,57.02,45.12,48.45,57.975,57.2,48.07
2021-01-19 12:45,354.22,296.76,275.08,214.89,215.98,208.57,201.815,207.56,208.54,248.35,194.525,168.615,173.16,127.51,138.76,162.35,139.155,143.98,134.28,127.705,128.645,143.57,94.15,82.96,57.025,45.11,48.425,57.88,57.175,48.01
2021-01-19 12:50,354.44,296.685,275.215,214.89,215.82,208.59,201.88,207.49,208.675,247.93,194.61,168.88,173.22,127.775,138.82,162.295,139.085,143.87,134.35,127.92,128.705,143.67,94.3,83.06,57.015,45.105,48.455,57.86,57.18,48.14
2021-01-19 12:55,354.535,297.34,275.17,215.0,216.01,208.67,201.46,207.55,208.89,248.145,194.88,168.955,173.11,128.03,138.79,162.315,139.19,143.935,134.29,128.035,128.68,143.705,94.36,83.055,57.23,45.155,48.395,57.945,57.175,48.245
2021-01-19 13:00,354.33,297.095,275.22,215.155,215.83,208.7,201.76,207.59,209.03,247.98,195.15,168.915,173.2,127.95,138.82,162.325,139.52,143.81,134.24,128.06,128.8,143.78,94.425,83.09,57.14,45.16,48.365,58.025,57.17,48.205
2021-01-19 13:05,354.165,297.45,275.12,215.4,216.045,208.85,201.76,207.695,209.14,248.31,195.245,168.985,173.14,127.85,138.735,162.48,139.465,143.715,134.245,128.105,128.84,143.77,94.425,83.18,57.155,45.185,48.36,58.015,57.17,48.08
2021-01-19 13:10,353.77,297.67,275.11,215.36,216.165,208.54,201.525,207.62,208.97,248.195,194.75,168.99,172.71,127.85,138.64,162.53,139.525,143.93,134.2,128.18,128.88,143.775,94.27,83.14,57.1,45.17,48.35,58.0,57.115,48.08
2021-01-19 13:15,353.42,297.71,275.015,215.2,216.125,208.645,201.37,207.355,208.97,248.17,194.685,168.88,172.66,127.84,138.82,162.55,139.53,143.87,134.11,128.1,128.825,143.81,94.265,83.125,57.27,45.21,48.34,57.995,57.115,48.145
2021-01-19 13:20,353.525,297.495,275.24,215.465,216.32,208.58,201.615,207.41,209.27,248.325,194.815,169.14,172.47,127.615,138.78,162.57,139.56,143.93,134.095,128.14,128.87,143.78,94.29,83.175,57.22,45.32,48.315,57.965,57.095,48.195
2021-01-19 13:25,353.365,296.94,275.095,215.35,216.575,208.19,201.68,207.39,209.39,248.055,194.8,169.175,172.44,127.465,138.63,162.51,139.495,143.81,134.25,128.115,128.62,143.93,94.265,83.185,57.23,45.33,48.315,57.97,57.085,48.185
2021-01-19 13:30,353.34,296.72,275.395,215.31,216.28,208.45,201.86,207.235,209.77,248.115,194.76,168.96,172.76,127.37,138.68,162.455,139.75,143.78,134.1,128.015,128.54,143.87,94.26,83.155,57.255,45.31,48.31,57.99,57.09,48.21
2021-01-19 13:35,353.725,296.355,275.245,215.55,216.38,208.37,202.26,207.3,209.76,248.095,194.76,169.12,172.875,127.43,138.61,162.565,139.83,143.78,133.99,127.955,128.655,143.79,94.39,83.145,57.285,45.26,48.305,58.11,57.1,48.22
2021-01-19 13:40,353.25,296.215,275.125,215.81,216.66,208.36,202.22,207.44,210.17,247.9,194.57,169.24,172.58,127.58,138.595,162.415,139.88,143.85,133.975,127.98,128.76,143.785,94.42,83.135,57.29,45.23,48.33,58.145,57.115,48.23
2021-01-19 13:45,353.455,296.075,275.09,216.03,216.86,208.45,202.35,207.44,210.75,247.835,194.69,169.265,172.66,127.52,138.565,162.53,139.95,144.02,133.97,128.05,128.73,143.68,94.56,83.12,57.295,45.255,48.315,58.245,57.095,48.17
2021-01-19 13:50,353.93,295.94,274.87,215.995,217.25,208.46,202.12,207.45,210.86,247.915,194.88,169.32,172.72,127.3,138.49,162.53,140.005,144.1,133.865,128.035,128.685,143.665,94.685,83.1,57.305,45.27,48.32,58.315,57.08,48.2
2021-01-19 13:55,353.825,295.725,274.39,215.985,216.73,208.405,202.2,207.5,210.615,247.68,194.73,169.18,172.68,127.4,138.46,162.51,140.08,144.22,133.86,127.945,128.8,143.61,94.59,83.025,57.29,45.255,48.305,58.215,57.08,48.245
2021-01-19 14:00,353.545,295.455,274.15,215.95,216.47,208.36,202.025,207.4,210.48,247.4,194.62,169.135,172.63,127.245,138.345,162.275,139.97,144.13,133.7,127.89,128.765,143.5,94.61,82.93,57.26,45.225,48.29,58.22,57.075,48.205
2021-01-19 14:05,353.48,296.11,274.49,216.15,216.59,208.44,202.42,207.46,210.29,247.72,194.91,169.31,172.55,127.295,138.56,162.365,140.12,144.21,133.73,127.915,128.78,143.53,94.655,82.94,57.295,45.24,48.32,58.155,57.105,48.29
2021-01-19 14:10,353.425,296.4,274.33,216.005,216.42,208.425,202.29,207.535,210.5,247.86,194.76,169.275,172.52,127.185,138.67,162.395,139.995,144.2,133.84,127.935,128.985,143.44,94.785,82.915,57.31,45.255,48.305,58.05,57.085,48.305
2021-01-19 14:15,353.18,296.155,274.39,216.015,216.56,208.49,202.025,207.56,210.72,247.75,194.735,169.35,172.4,127.32,138.535,162.36,139.9,144.165,133.74,127.97,128.89,143.395,94.765,82.91,57.425,45.2,48.315,58.075,57.055,48.315
2021-01-19 14:20,352.83,296.5,274.26,216.17,216.55,208.43,201.735,207.365,210.475,247.66,194.65,169.355,172.18,127.305,138.615,162.315,139.925,144.12,133.83,128.09,128.91,143.42,94.72,82.86,57.355,45.195,48.345,57.975,57.095,48.31
2021-01-19 14:25,352.915,296.62,274.305,216.135,216.515,208.72,201.63,207.42,210.53,248.07,194.52,169.445,172.12,127.42,138.5,162.62,139.86,144.15,133.95,128.05,128.885,143.46,94.68,83.0,57.345,45.205,48.355,57.875,57.065,48.235
2021-01-19 14:30,353.03,296.28,274.03,216.37,216.55,208.67,201.675,207.355,210.79,247.91,194.235,169.38,172.33,127.22,138.42,162.5,139.765,144.08,133.905,127.9,128.945,143.34,94.845,82.935,57.405,45.215,48.365,57.84,57.065,48.135
2021-01-19 14:35,352.615,296.395,274.085,216.12,216.44,208.555,201.58,207.04,211.04,248.38,194.31,169.165,172.25,126.995,138.34,162.49,139.645,143.805,133.88,127.8,128.97,143.35,94.81,82.92,57.38,45.195,48.375,57.78,57.08,48.19
2021-01-19 14:40,352.52,296.305,274.045,215.9,216.57,208.42,201.51,206.805,210.87,248.31,193.92,169.1,171.96,126.9,138.25,162.37,139.54,143.645,133.78,127.74,128.92,143.34,94.775,82.96,57.31,45.165,48.345,57.8,57.04,48.195
2021-01-19 14:45,352.92,295.92,274.41,216.17,216.76,208.33,201.48,206.92,211.2,248.5,194.0,169.155,172.25,126.92,138.39,162.35,139.615,143.545,133.87,127.85,129.13,143.47,94.745,83.02,57.395,45.17,48.375,57.86,57.03,48.205
2021-01-19 14:50,352.62,295.625,274.31,216.27,216.62,208.3,201.67,206.74,211.07,248.315,193.75,169.1,172.215,126.88,138.325,162.22,139.63,143.55,133.81,127.945,129.24,143.585,94.77,83.02,57.375,45.15,48.37,57.885,57.015,48.19
2021-01-19 14:55,352.84,295.66,274.27,216.225,216.44,208.41,201.92,206.735,210.875,248.41,193.705,169.14,172.38,126.94,138.475,162.16,139.65,143.66,133.88,127.89,129.32,143.49,94.81,82.99,57.345,45.135,48.365,57.835,57.02,48.13
2021-01-19 15:00,352.38,295.34,274.205,216.475,216.53,208.4,201.81,206.815,211.26,248.48,193.8,169.17,172.18,126.975,138.47,162.03,139.505,143.62,133.81,128.12,129.245,143.64,94.91,82.975,57.375,45.195,48.395,57.98,57.07,48.185
2021-01-19 15:05,352.19,295.54,274.08,216.725,216.52,208.48,201.72,206.87,211.325,248.505,193.65,169.315,172.04,126.975,138.52,162.02,139.695,143.63,133.695,128.07,129.39,143.83,94.925,83.03,57.28,45.19,48.395,57.9,57.145,48.155
2021-01-19 15:10,352.055,295.15,274.155,216.74,216.47,208.51,201.555,206.93,211.135,248.505,193.66,169.26,172.01,126.915,138.46,162.055,139.73,143.56,133.71,127.98,129.155,143.72,94.8,83.08,57.235,45.165,48.43,57.775,57.1,48.16
2021-01-19 15:15,351.78,295.275,274.26,216.89,216.48,208.58,201.45,207.02,210.87,248.54,193.83,169.41,171.865,126.88,138.44,162.17,139.61,143.44,133.74,127.905,129.27,143.68,94.785,83.05,57.25,45.135,48.445,57.79,57.095,48.205
2021-01-19 15:20,351.76,295.04,274.125,216.795,216.38,208.58,201.41,207.17,210.865,248.465,193.85,169.41,171.66,126.9,138.49,162.13,139.325,143.405,133.69,127.78,129.29,143.61,94.855,82.99,57.22,45.085,48.43,57.74,57.095,48.115
2021-01-19 15:25,351.95,295.85,274.16,216.8,216.67,208.69,201.45,207.38,211.1,248.52,194.01,169.45,171.72,126.9,138.625,162.24,139.425,143.43,133.68,127.88,129.33,143.535,94.98,83.01,57.235,45.075,48.415,57.785,57.1,48.07
2021-01-19 15:30,352.31,295.78,274.03,216.61,216.76,208.92,201.32,207.2,210.85,248.655,193.79,169.41,171.76,126.96,138.56,162.54,139.345,143.31,133.74,127.93,129.175,143.575,94.92,83.14,57.255,45.075,48.475,57.915,57.095,48.11
2021-01-19 15:35,352.665,295.34,273.965,216.4,216.83,209.18,201.365,207.08,210.72,248.595,193.565,169.145,171.89,126.87,138.53,162.54,139.42,142.995,133.78,127.905,129.19,143.715,94.875,83.195,57.305,45.17,48.52,57.935,57.09,48.08
2021-01-19 15:40,353.315,295.29,274.17,216.3,216.915,209.13,201.4,207.16,210.75,248.71,193.68,169.1,172.02,126.96,138.695,162.74,139.415,143.155,133.69,127.95,129.295,143.715,94.77,83.34,57.315,45.195,48.435,57.96,57.085,48.115
2021-01-19 15:45,353.37,294.295,273.87,216.24,216.79,209.25,201.485,207.03,210.755,248.65,193.68,169.095,172.06,126.92,138.49,162.685,139.27,143.16,133.67,127.67,129.46,143.565,94.805,83.25,57.24,45.12,48.45,58.075,57.09,48.075
2021-01-19 15:50,352.97,294.53,273.61,216.665,216.86,209.29,201.705,207.04,210.87,248.67,193.895,169.21,172.2,126.98,138.625,162.89,139.195,143.35,133.81,127.94,129.32,143.67,94.78,83.255,57.51,45.225,48.485,58.055,57.075,48.095
2021-01-19 15:55,352.1,294.31,273.25,216.46,216.77,209.12,201.655,206.8,210.7,248.24,194.025,169.23,172.32,126.76,138.0,162.76,139.27,143.5,133.56,127.79,129.015,143.38,94.51,83.19,57.55,45.19,48.515,58.02,57.055,48.13
2021-01-20 09:30,350.39,296.51,272.54,218.76,222.13,210.69,203.785,207.78,213.97,247.31,191.79,169.18,176.59,127.945,137.595,162.58,140.535,143.15,131.58,129.325,129.155,143.35,94.67,83.13,57.475,45.295,48.45,58.315,56.87,47.6
2021-01-20 09:35,348.58,294.96,271.9,220.3,223.29,210.6,204.305,207.67,214.52,246.805,191.97,168.69,177.06,127.75,137.43,162.18,140.385,142.96,132.46,129.95,128.62,143.12,94.58,82.99,57.29,45.22,48.395,58.365,56.76,47.455
2021-01-20 09:40,347.08,293.08,271.86,220.74,223.67,210.53,204.65,207.45,214.44,247.055,191.77,168.67,176.37,127.36,136.39,162.88,140.07,143.19,133.07,130.27,129.435,143.39,94.55,83.0,57.425,45.38,48.425,58.39,56.77,47.53
2021-01-20 09:45,347.83,292.79,271.9,220.71,222.7,209.68,204.22,207.75,214.67,247.67,192.525,168.97,175.72,127.63,136.66,163.11,140.44,143.89,132.73,130.275,129.725,143.01,94.54,83.02,57.6,45.405,48.375,58.615,56.775,47.4
2021-01-20 09:50,348.15,292.51,272.03,220.3,221.46,210.27,204.02,207.84,213.32,248.79,191.72,168.66,175.12,127.9,136.63,163.21,140.5,144.03,131.89,130.04,130.035,143.06,94.395,82.94,57.62,45.26,48.4,58.57,56.745,47.5
2021-01-20 09:55,348.73,292.11,272.15,221.13,221.85,210.79,203.37,207.91,212.94,249.39,191.23,169.18,175.77,127.93,136.86,163.55,141.16,143.81,132.18,130.025,130.1,143.07,94.94,83.22,57.79,45.265,48.41,58.64,56.695,47.41
2021-01-20 10:00,351.13,290.21,272.295,221.75,222.59,211.1,204.38,208.03,213.57,249.925,191.45,169.18,175.95,127.83,136.53,163.85,141.5,143.905,132.92,130.045,130.44,143.54,95.015,83.46,57.84,45.36,48.5,58.765,56.76,47.49
2021-01-20 10:05,350.275,290.79,272.48,222.52,222.57,210.5,204.63,208.25,214.38,249.76,191.46,169.17,175.72,127.72,136.395,163.665,141.42,144.05,132.88,130.515,130.765,143.47,95.2,83.42,57.815,45.355,48.5,59.04,56.73,47.44
2021-01-20 10:10,349.84,289.245,273.11,222.68,222.68,210.83,204.975,208.17,214.2,250.25,191.195,168.94,175.575,127.395,136.03,163.51,141.29,143.85,133.025,130.905,130.34,143.745,95.195,83.33,57.61,45.4,48.445,59.05,56.87,47.455
2021-01-20 10:15,349.94,290.42,272.895,222.915,222.78,210.56,205.26,208.19,213.78,251.23,191.06,169.16,175.26,128.055,136.57,163.46,141.07,144.375,133.26,131.02,130.32,143.95,95.18,83.405,57.64,45.42,48.43,59.01,56.89,47.48
2021-01-20 10:20,350.49,289.01,273.65,222.565,223.135,210.86,205.715,207.945,213.74,251.275,191.08,168.88,175.24,127.845,136.42,163.22,141.09,144.54,132.675,130.9,130.32,144.42,95.41,83.42,57.72,45.43,48.45,59.005,57.0,47.5
2021-01-20 10:25,349.875,289.645,273.895,222.58,223.07,210.64,205.62,207.695,213.71,251.01,190.635,168.81,174.85,127.85,136.25,162.9,141.12,144.43,132.105,131.095,130.1,144.3,95.435,83.15,57.73,45.285,48.315,58.92,56.855,47.425
2021-01-20 10:30,351.02,290.21,274.33,223.18,224.04,210.69,205.95,207.71,214.14,251.54,190.65,169.06,174.99,127.94,136.32,163.075,141.35,145.02,131.965,131.175,130.235,144.495,95.31,83.205,57.76,45.345,48.38,58.845,56.875,47.48
2021-01-20 10:35,350.03,290.05,274.53,223.66,224.17,210.74,206.065,207.88,214.33,250.71,191.105,169.28,174.93,128.18,136.35,163.075,141.365,144.92,131.96,131.225,130.22,144.615,95.115,83.17,57.745,45.35,48.43,58.8,56.81,47.45
2021-01-20 10:40,350.22,290.5,275.24,223.58,223.665,210.87,206.375,207.75,214.12,251.375,191.38,169.43,174.91,128.33,136.33,163.08,141.165,144.95,132.07,131.4,130.25,144.835,95.05,83.07,57.71,45.38,48.41,58.78,56.945,47.48
2021-01-20 10:45,351.09,289.77,275.75,223.93,223.35,211.21,206.13,207.81,213.62,251.785,191.84,169.675,174.675,128.14,136.4,163.185,141.18,144.7,132.025,131.42,130.47,144.765,95.08,83.265,57.77,45.415,48.535,58.605,57.065,47.495
2021-01-20 10:50,351.27,290.01,275.655,224.1,223.89,211.14,206.055,207.95,212.61,251.72,191.76,169.62,174.945,128.045,136.29,163.1,141.075,144.67,131.98,131.53,130.565,144.64,94.85,83.26,57.71,45.49,48.46,58.58,57.03,47.65
2021-01-20 10:55,350.99,290.365,275.66,223.88,223.63,211.35,205.945,207.595,212.61,251.195,191.83,169.4,175.0,127.97,136.15,162.79,141.08,144.495,131.8,131.71,130.38,144.7,95.015,83.2,57.77,45.455,48.39,58.59,56.925,47.605
2021-01-20 11:00,351.41,290.02,276.17,223.98,223.06,211.335,205.895,207.45,211.79,251.355,191.415,169.395,174.405,128.065,136.07,162.525,141.005,144.39,132.035,131.54,130.36,144.68,95.01,83.19,57.61,45.43,48.46,58.545,56.95,47.34
2021-01-20 11:05,351.3,288.68,276.1,224.01,223.285,211.535,205.82,207.23,211.46,251.125,191.29,169.58,173.6,127.86,135.745,162.62,140.76,144.06,132.04,131.165,130.19,144.83,94.76,83.165,57.59,45.325,48.47,58.33,56.915,47.11
2021-01-20 11:10,351.28,288.74,276.5,224.505,223.2,211.71,205.44,207.28,212.04,251.755,191.12,169.34,174.27,127.79,135.87,162.68,140.895,144.22,132.0,131.47,130.18,144.925,95.025,83.15,57.64,45.41,48.49,58.375,56.935,47.26
2021-01-20 11:15,351.5,289.61,276.74,224.58,223.385,211.43,205.24,207.22,211.59,251.35,191.255,169.095,174.285,127.85,135.965,162.505,141.145,144.39,132.01,131.68,130.055,144.82,94.965,83.11,57.69,45.415,48.44,58.425,56.9,47.31
2021-01-20 11:20,351.37,289.59,276.11,225.145,224.1,211.13,205.285,206.97,211.78,251.52,191.25,168.78,173.765,127.58,135.72,162.36,141.065,144.205,131.92,131.75,129.88,144.495,94.94,83.02,57.69,45.345,48.415,58.38,56.875,47.225
2021-01-20 11:25,350.1,288.65,275.22,224.54,224.165,210.96,205.33,206.94,212.26,251.38,191.36,168.8,174.18,127.65,135.6,162.22,140.96,143.945,132.04,131.845,129.7,144.6,94.99,82.925,57.72,45.29,48.395,58.445,56.87,47.34
2021-01-20 11:30,350.47,288.995,275.85,224.14,223.62,211.46,205.36,207.285,212.35,251.73,191.325,169.115,174.255,127.85,135.72,162.37,141.18,144.105,132.29,131.785,129.7,144.69,95.18,83.13,57.725,45.305,48.52,58.345,56.945,47.435
2021-01-20 11:35,350.955,289.06,275.8,224.09,223.25,211.49,205.445,207.52,212.53,251.71,191.55,169.185,174.68,127.995,135.555,162.31,141.31,144.095,132.05,131.79,129.655,144.65,95.255,83.15,57.71,45.315,48.46,58.405,56.985,47.47
2021-01-20 11:40,350.83,289.11,275.505,224.29,223.29,211.54,205.425,207.545,212.32,251.87,191.45,169.19,174.765,128.05,135.55,162.345,141.41,144.21,132.24,131.835,129.57,144.76,95.195,83.27,57.73,45.35,48.475,58.42,57.055,47.625
2021-01-20 11:45,351.415,289.655,275.44,223.77,223.46,211.79,205.35,207.52,211.825,251.72,191.47,169.25,174.665,128.08,135.52,162.55,141.46,144.155,131.84,131.88,129.53,144.74,95.16,83.08,57.755,45.305,48.46,58.35,57.01,47.53
2021-01-20 11:50,351.0,288.71,275.775,223.8,223.905,211.9,205.36,207.62,211.69,251.5,191.27,169.41,174.77,128.02,135.75,162.645,141.51,144.18,131.865,132.07,129.515,144.85,95.14,83.055,57.83,45.24,48.455,58.26,56.98,47.54
2021-01-20 11:55,351.145,288.63,275.785,223.91,224.085,211.93,205.72,207.53,211.74,251.52,191.065,169.45,174.91,128.05,135.47,162.77,141.68,143.915,131.795,132.075,129.12,144.905,95.08,83.03,57.76,45.26,48.435,58.265,56.98,47.53
2021-01-20 12:00,351.105,288.39,275.96,224.04,223.705,212.07,206.1,208.09,212.27,251.615,191.6,169.69,174.965,128.2,135.565,163.06,141.68,144.28,131.82,132.065,129.3,144.97,95.25,83.155,57.91,45.295,48.47,58.26,57.01,47.62
2021-01-20 12:05,351.09,287.92,275.94,223.89,223.43,211.98,205.86,207.955,212.36,251.58,191.69,169.69,175.06,128.045,135.59,162.98,141.615,144.175,131.76,132.03,128.9,144.99,95.34,83.06,57.86,45.28,48.48,58.25,57.06,47.59
2021-01-20 12:10,350.85,288.26,275.99,223.99,223.19,211.81,205.85,208.05,212.4,251.575,191.71,169.855,174.615,128.155,135.71,163.06,141.65,144.435,131.615,131.855,128.97,144.935,95.31,82.98,57.875,45.245,48.48,58.2,57.0,47.51
2021-01-20 12:15,351.15,288.515,276.715,224.145,222.97,211.9,206.06,208.14,212.115,251.49,192.055,169.95,174.53,128.325,135.79,163.015,141.865,144.615,131.86,131.88,128.82,144.95,95.25,82.905,57.85,45.215,48.485,58.305,57.055,47.49
2021-01-20 12:20,350.805,288.625,276.33,224.0,223.38,212.01,206.07,207.98,212.27,251.185,191.915,169.86,174.35,128.27,135.92,162.875,142.02,144.565,131.975,132.03,128.635,144.87,95.255,82.8,57.76,45.27,48.495,58.33,57.035,47.47
2021-01-20 12:25,350.995,288.89,276.8,224.305,223.48,212.16,206.05,207.94,212.255,251.31,191.98,169.82,174.59,128.36,136.14,162.845,142.21,144.47,132.12,131.965,128.77,144.985,95.14,82.82,57.775,45.26,48.47,58.3,57.055,47.53
2021-01-20 12:30,351.385,288.58,277.02,224.52,223.25,212.16,205.98,208.0,212.13,251.49,191.79,169.78,174.52,128.31,136.16,163.11,142.36,144.48,132.235,131.845,129.01,145.01,95.1,82.865,57.725,45.27,48.465,58.235,57.05,47.48
2021-01-20 12:35,351.35,288.2,276.79,224.68,223.045,212.18,206.175,207.645,211.37,251.27,191.565,169.78,174.485,128.11,136.01,163.25,142.26,144.23,132.17,131.82,128.96,144.96,95.04,82.81,57.685,45.305,48.525,58.31,57.065,47.48
2021-01-20 12:40,351.07,289.425,277.13,224.74,222.94,212.37,205.77,207.78,211.9,251.33,191.85,169.76,174.885,128.2,136.115,163.2,142.3,144.38,132.175,131.93,129.12,145.16,95.15,82.82,57.72,45.3,48.55,58.3,57.05,47.46
2021-01-20 12:45,350.49,290.065,276.96,224.58,222.61,212.11,205.735,207.88,212.07,251.12,191.96,169.78,174.76,127.91,136.31,163.12,142.34,144.48,131.79,131.87,129.13,144.755,95.32,82.72,57.755,45.29,48.48,58.28,56.985,47.435
2021-01-20 12:50,350.24,289.98,277.04,224.775,222.5,212.29,206.01,208.04,212.225,251.61,192.525,169.97,174.785,127.815,136.435,163.13,142.56,144.81,131.79,131.73,129.38,144.76,95.2,82.75,57.85,45.345,48.48,58.155,57.075,47.445
2021-01-20 12:55,350.12,289.82,276.83,224.86,222.58,212.05,205.83,207.75,212.27,251.7,192.29,169.95,174.6,127.77,136.43,163.355,142.435,144.845,131.69,131.87,129.42,144.81,95.27,82.74,57.87,45.3,48.48,58.245,57.1,47.46
2021-01-20 13:00,350.31,289.9,276.83,224.965,222.74,212.235,206.115,207.92,212.38,251.725,192.48,169.95,174.56,127.81,136.44,163.55,142.6,144.765,131.895,131.955,129.46,144.76,95.29,82.77,57.925,45.31,48.53,58.22,57.085,47.49
2021-01-20 13:05,350.71,289.72,277.025,225.025,222.555,212.275,206.14,208.09,212.3,251.82,192.685,170.01,174.475,127.875,136.42,163.35,142.62,144.74,132.155,131.97,129.65,144.73,95.3,82.765,57.975,45.32,48.52,58.165,57.085,47.43
2021-01-20 13:10,350.275,289.2,277.105,224.93,222.685,212.535,206.4,208.225,212.695,251.71,193.07,170.22,174.17,127.92,136.24,163.145,142.695,144.59,132.12,132.045,129.705,144.58,95.29,82.65,57.965,45.29,48.55,58.215,57.065,47.3
2021-01-20 13:15,349.855,289.095,277.12,225.01,222.59,212.51,206.36,208.25,212.05,251.655,193.14,170.42,174.44,128.03,136.28,163.16,142.67,144.69,132.085,131.995,129.71,144.55,95.415,82.58,58.05,45.295,48.52,58.195,57.055,47.34
2021-01-20 13:20,350.15,288.22,276.98,224.78,222.72,212.69,206.34,208.22,212.295,251.82,193.27,170.18,174.7,128.06,135.95,163.22,142.52,144.38,132.07,131.9,129.58,144.59,95.35,82.58,57.95,45.265,48.475,58.31,57.005,47.375
2021-01-20 13:25,350.57,288.435,277.045,224.935,222.79,212.83,206.685,208.32,212.58,252.025,193.3,170.195,174.735,128.04,135.88,163.31,142.68,144.9,132.14,132.15,129.655,144.665,95.415,82.64,58.05,45.27,48.525,58.255,57.035,47.345
2021-01-20 13:30,350.705,288.85,276.92,225.06,223.03,212.86,206.62,208.31,212.595,251.95,193.06,170.245,174.885,128.08,135.89,163.19,142.835,145.06,132.175,132.39,129.615,144.735,95.345,82.655,58.07,45.295,48.54,58.3,57.075,47.34
2021-01-20 13:35,350.465,289.055,276.81,224.92,222.77,213.08,206.56,208.35,212.45,252.04,192.8,170.335,174.8,127.88,135.99,163.28,142.915,144.97,132.31,132.285,129.73,144.505,95.37,82.645,57.99,45.29,48.51,58.29,57.085,47.34
2021-01-20 13:40,350.035,289.18,276.57,224.305,222.54,212.84,206.42,208.28,212.29,251.84,192.725,170.38,174.67,127.78,135.775,163.175,142.73,145.14,132.19,132.135,129.6,144.595,95.38,82.63,58.03,45.27,48.535,58.27,57.1,47.34
2021-01-20 13:45,349.58,288.775,276.66,224.31,222.6,212.75,206.355,208.1,211.93,251.71,192.54,170.34,174.51,127.76,135.75,163.065,142.71,144.98,132.01,132.02,129.69,144.645,95.315,82.52,58.02,45.24,48.505,58.3,57.095,47.365
2021-01-20 13:50,349.575,289.15,276.91,224.58,222.445,212.9,206.64,208.225,212.11,251.95,192.42,170.335,174.56,127.745,135.795,163.135,142.84,144.905,131.85,131.98,129.9,144.78,95.315,82.435,58.08,45.265,48.51,58.33,57.115,47.375
2021-01-20 13:55,349.67,288.36,276.86,224.6,222.895,212.95,206.84,208.24,212.155,252.48,192.25,170.375,174.3,127.75,135.74,163.195,142.76,144.87,131.785,131.935,129.875,144.795,95.3,82.43,58.17,45.28,48.485,58.31,57.075,47.35
2021-01-20 14:00,349.63,288.365,276.73,224.54,222.93,212.72,206.95,208.1,212.05,252.155,192.385,170.335,174.415,127.78,135.76,163.25,142.74,144.825,131.765,131.94,129.69,144.75,95.12,82.475,58.12,45.26,48.49,58.3,57.06,47.41
2021-01-20 14:05,350.0,287.785,276.46,224.62,223.09,212.805,206.86,208.06,212.185,251.85,192.49,170.3,174.265,127.795,135.855,163.24,142.97,144.92,131.85,132.085,129.53,144.81,95.165,82.5,58.14,45.25,48.485,58.295,57.045,47.43
2021-01-20 14:10,350.02,287.78,275.67,224.36,222.975,212.64,206.75,207.68,212.07,251.89,192.255,169.96,174.055,127.77,135.7,163.09,142.735,144.7,131.815,131.815,129.27,144.72,95.01,82.45,58.09,45.2,48.515,58.27,57.09,47.395
2021-01-20 14:15,349.95,288.235,275.41,224.45,223.205,212.825,206.66,207.87,212.175,252.05,192.245,169.96,174.385,127.89,135.73,162.94,142.81,144.71,131.79,131.895,129.375,144.745,94.99,82.48,58.11,45.23,48.535,58.385,57.135,47.4
2021-01-20 14:20,349.67,288.25,275.035,224.22,223.165,212.9,206.555,207.78,212.205,252.21,192.1,169.87,174.26,127.94,135.87,162.875,142.75,144.605,131.79,131.96,129.535,144.765,95.0,82.605,58.16,45.225,48.535,58.44,57.125,47.42
2021-01-20 14:25,349.65,288.495,274.61,224.28,223.39,213.08,206.75,207.75,212.35,252.25,192.12,169.93,174.24,128.0,135.82,162.88,142.975,144.495,131.75,132.2,129.625,144.86,95.055,82.56,58.215,45.245,48.51,58.495,57.14,47.53
2021-01-20 14:30,349.94,288.7,274.51,224.33,223.095,213.205,206.625,207.86,212.5,252.125,192.26,170.205,174.39,128.225,135.875,162.94,143.085,144.58,131.69,132.3,129.63,144.88,95.05,82.53,58.225,45.245,48.54,58.4,57.14,47.53
2021-01-20 14:35,350.15,288.46,274.9,224.51,223.055,213.27,206.75,207.99,212.285,252.255,192.47,170.23,174.475,128.3,135.73,162.89,143.09,144.69,131.64,132.395,129.71,144.98,95.08,82.545,58.22,45.285,48.51,58.475,57.165,47.54
2021-01-20 14:40,350.44,288.605,275.03,224.66,223.22,213.48,206.945,207.93,212.305,252.47,192.45,170.12,174.28,128.28,135.85,163.045,143.135,144.72,131.62,132.43,129.79,144.96,95.09,82.565,58.29,45.305,48.53,58.48,57.165,47.635
2021-01-20 14:45,350.61,288.26,274.63,224.765,223.21,213.42,206.87,207.99,212.415,252.375,192.465,170.16,174.195,128.29,135.9,162.9,143.005,144.86,131.62,132.42,129.855,144.9,95.12,82.5,58.29,45.33,48.575,58.51,57.2,47.65
2021-01-20 14:50,350.3,288.58,274.605,224.67,223.36,213.485,206.95,207.905,212.38,252.405,192.39,170.145,174.095,128.23,135.81,162.935,143.025,144.795,131.67,132.25,129.875,144.99,95.1,82.505,58.325,45.305,48.535,58.535,57.195,47.675
2021-01-20 14:55,350.88,288.625,274.83,224.675,223.175,213.51,207.0,207.79,212.29,252.345,192.19,170.05,173.88,128.13,135.705,162.61,142.93,144.785,131.53,132.185,129.9,144.93,95.06,82.405,58.305,45.28,48.525,58.585,57.145,47.65
2021-01-20 15:00,350.97,288.655,274.455,224.9,223.12,213.57,206.78,207.895,212.18,252.33,192.24,170.055,173.92,128.125,135.815,162.55,142.965,144.885,131.715,132.16,129.83,144.91,95.045,82.38,58.345,45.295,48.535,58.625,57.15,47.685
2021-01-20 15:05,351.3,289.13,274.355,224.935,223.38,213.39,206.925,207.97,211.955,252.635,192.24,170.075,173.83,128.2,135.8,162.54,142.92,144.935,131.85,132.14,129.825,144.92,95.03,82.375,58.34,45.305,48.535,58.625,57.135,47.725
2021-01-20 15:10,350.97,288.82,273.86,224.93,223.2,213.34,206.71,207.59,211.6,252.575,191.96,169.79,173.725,128.09,135.715,162.47,142.71,145.085,131.77,132.01,129.76,144.9,95.015,82.365,58.335,45.285,48.545,58.615,57.085,47.665
2021-01-20 15:15,351.27,289.1,273.91,225.09,223.265,213.19,206.55,207.52,211.69,252.605,192.245,169.96,173.805,128.33,136.04,162.56,142.61,145.1,131.825,132.04,129.805,144.97,95.155,82.355,58.4,45.26,48.58,58.705,57.135,47.685
2021-01-20 15:20,350.815,289.4,274.015,225.305,223.17,213.315,206.74,207.66,211.58,252.51,192.16,169.82,173.685,128.36,135.78,162.36,142.76,145.04,131.91,132.18,129.75,144.89,95.05,82.295,58.35,45.27,48.57,58.74,57.135,47.805
2021-01-20 15:25,350.63,289.82,274.56,225.475,222.98,213.445,206.72,207.87,211.585,252.96,192.31,169.885,173.86,128.74,136.12,162.445,142.79,145.235,132.27,132.195,129.905,145.07,95.21,82.275,58.385,45.305,48.64,58.71,57.15,47.925
2021-01-20 15:30,350.705,289.99,274.285,225.74,223.19,213.54,206.735,208.1,211.54,252.505,192.395,169.78,173.865,128.725,135.99,162.405,142.805,145.27,132.4,132.4,129.91,145.115,95.115,82.365,58.39,45.345,48.685,58.745,57.2,47.86
2021-01-20 15:35,351.01,290.35,274.43,225.38,222.91,213.7,206.56,208.1,211.42,252.62,192.2,169.74,173.39,128.605,136.14,162.42,142.645,145.22,132.595,132.315,130.02,145.18,95.14,82.43,58.425,45.325,48.72,58.7,57.185,47.945
2021-01-20 15:40,351.01,290.72,274.55,225.375,223.23,213.99,206.77,208.38,211.605,252.955,192.375,169.985,173.895,128.885,136.1,162.54,142.825,145.2,132.61,132.39,130.16,145.34,95.185,82.57,58.46,45.435,48.775,58.78,57.21,48.025
2021-01-20 15:45,350.605,290.69,274.51,224.98,223.345,214.2,206.47,208.41,211.57,253.255,192.425,170.16,173.97,129.27,135.88,162.55,142.715,145.1,132.47,132.33,130.19,145.57,95.37,82.53,58.46,45.38,48.8,58.685,57.235,48.04
2021-01-20 15:50,350.3,290.84,274.49,225.05,223.52,214.05,206.74,208.58,211.595,252.41,192.48,170.46,173.72,129.2,135.98,162.415,142.775,145.21,132.34,132.305,130.28,145.54,95.45,82.49,58.52,45.345,48.77,58.795,57.275,48.04
2021-01-20 15:55,350.29,290.545,274.49,224.34,223.54,213.76,206.08,208.22,211.62,252.585,192.41,170.35,173.67,129.02,135.995,162.41,142.8,145.05,131.88,132.18,130.15,145.57,95.4,82.46,58.605,45.32,48.645,58.72,57.25,48.145
2021-01-21 09:30,353.23,291.76,277.71,223.74,221.73,214.94,205.9,207.78,210.41,252.145,192.16,170.69,172.375,127.48,135.455,161.485,142.89,151.72,131.06,133.985,130.815,145.23,94.47,81.525,58.57,44.98,48.67,58.365,57.42,47.63
2021-01-21 09:35,353.45,291.53,276.76,222.925,222.6,215.71,206.88,206.955,210.315,251.62,192.04,170.065,172.12,127.32,134.82,161.03,142.345,150.595,130.965,134.49,131.76,144.84,93.85,81.27,58.285,44.82,48.535,58.31,57.285,47.265
2021-01-21 09:40,355.53,290.93,276.41,223.07,222.34,214.96,205.875,206.9,209.85,252.205,191.59,169.84,172.235,127.6,134.93,160.54,142.46,150.6,131.695,134.035,131.13,144.72,93.89,81.045,58.41,44.825,48.565,58.43,57.185,47.36
2021-01-21 09:45,356.97,290.9,277.32,223.56,222.605,214.45,205.75,206.25,208.98,251.42,190.85,169.84,172.11,127.28,135.13,160.46,142.49,149.48,131.88,134.775,130.575,144.55,93.47,81.19,58.475,44.84,48.725,58.435,57.205,47.28
2021-01-21 09:50,357.38,290.475,277.155,222.86,222.605,213.64,206.02,205.915,208.84,251.73,190.42,169.53,171.96,126.92,135.2,160.15,142.535,150.095,131.91,134.9,130.8,144.63,93.385,81.22,58.55,44.815,48.56,58.8,57.3,47.26
2021-01-21 09:55,358.0,290.37,278.695,223.24,222.21,214.41,206.24,206.235,208.74,251.29,190.63,169.99,171.895,127.06,135.24,160.655,142.79,150.39,131.78,134.87,131.0,144.47,93.415,81.435,58.565,44.885,48.615,58.67,57.36,47.2
2021-01-21 10:00,358.38,290.53,279.17,223.035,221.5,214.07,206.44,206.46,208.29,250.77,190.945,169.92,171.375,127.13,135.115,160.86,143.17,150.33,131.48,135.105,131.12,144.47,93.635,81.54,58.55,44.95,48.63,58.685,57.335,47.03
2021-01-21 10:05,357.9,290.49,278.795,223.115,221.75,213.775,206.2,206.53,207.94,250.38,191.43,170.14,172.14,127.31,134.77,160.595,143.0,149.06,131.81,135.28,131.125,144.455,93.3,81.49,58.55,44.84,48.655,58.865,57.39,46.79
2021-01-21 10:10,357.36,290.38,279.25,224.56,221.89,213.895,206.25,206.33,208.45,250.16,191.84,170.225,172.17,127.37,134.465,160.83,143.135,149.96,131.52,135.53,131.13,144.7,93.19,81.33,58.655,44.865,48.605,59.08,57.28,46.94
2021-01-21 10:15,358.8,290.64,279.415,224.76,222.385,214.0,206.5,206.48,208.33,249.75,191.84,170.43,172.32,127.805,134.655,160.67,143.335,149.88,131.47,135.81,131.33,144.79,93.38,81.18,58.645,44.95,48.64,59.13,57.255,46.96
2021-01-21 10:20,360.17,291.62,279.46,224.305,221.985,214.43,206.535,206.73,208.75,250.03,191.975,170.54,172.15,128.225,134.84,160.72,143.32,149.94,131.26,135.565,131.44,145.065,93.3,81.31,58.69,44.985,48.65,59.05,57.345,47.26
2021-01-21 10:25,360.7,292.56,278.95,224.0,221.62,214.27,206.05,206.575,208.58,250.21,191.935,170.725,172.555,127.88,135.065,160.92,143.5,150.055,131.325,135.85,131.45,145.23,93.535,81.48,58.705,44.95,48.74,59.2,57.37,47.26
2021-01-21 10:30,359.75,292.105,278.935,224.18,221.3,214.595,206.14,206.79,208.485,250.48,192.51,170.8,172.59,127.745,134.875,161.12,143.63,150.02,131.285,135.715,131.42,145.26,93.24,81.53,58.71,45.005,48.7,59.17,57.45,47.4
2021-01-21 10:35,359.055,291.98,278.73,224.47,221.22,214.48,206.18,206.73,207.77,250.92,192.12,170.7,172.53,127.665,135.07,160.895,143.68,149.895,131.22,135.55,131.515,145.065,93.11,81.5,58.515,44.995,48.71,59.19,57.365,47.27
2021-01-21 10:40,358.59,292.265,278.53,224.44,221.075,214.53,205.625,206.63,207.59,250.94,192.08,170.685,172.38,127.805,134.95,161.085,143.77,149.57,131.1,135.63,131.165,144.98,93.0,81.505,58.52,44.935,48.72,59.16,57.27,47.21
2021-01-21 10:45,358.16,292.0,278.6,224.29,221.0,214.55,205.6,206.88,208.035,251.21,192.47,170.915,172.45,127.73,135.005,161.14,143.505,149.94,131.01,136.17,131.55,145.165,92.97,81.47,58.505,45.02,48.66,59.22,57.205,47.32
2021-01-21 10:50,358.0,292.15,278.645,224.315,221.325,214.69,205.71,206.71,208.03,251.43,192.505,170.905,172.04,127.65,134.825,161.09,142.945,149.78,130.71,136.17,131.5,145.305,92.815,81.51,58.5,45.005,48.72,59.205,57.215,47.355
2021-01-21 10:55,358.54,291.93,278.6,224.54,221.38,214.46,205.485,206.79,207.725,251.64,192.405,170.82,172.365,127.465,134.755,161.22,142.61,149.24,130.85,135.975,131.32,145.24,92.87,81.38,58.5,45.04,48.715,59.165,57.245,47.495
2021-01-21 11:00,358.09,292.055,279.09,224.69,222.28,214.225,205.58,207.07,207.91,251.27,192.73,170.955,172.745,127.28,134.87,161.5,142.6,149.005,130.95,136.19,131.43,145.215,92.98,81.41,58.52,45.1,48.755,59.25,57.215,47.48
2021-01-21 11:05,357.045,291.18,279.32,224.55,222.49,214.275,205.435,206.64,207.555,250.885,192.5,170.815,172.545,126.885,134.66,161.55,142.26,149.31,131.15,136.33,131.35,145.32,92.9,81.43,58.46,45.045,48.935,59.17,57.265,47.28
2021-01-21 11:10,357.26,291.4,278.915,224.52,222.04,214.0,205.285,206.48,207.29,250.42,192.595,170.64,172.32,126.83,134.74,160.89,141.92,149.725,131.065,136.29,131.27,145.22,92.97,81.43,58.4,45.005,48.89,59.085,57.245,47.39
2021-01-21 11:15,356.5,291.41,278.79,224.405,222.15,214.08,205.23,206.63,207.6,250.605,192.39,170.78,172.235,126.86,134.67,160.96,142.19,149.38,130.92,136.11,131.415,145.11,93.08,81.505,58.295,44.95,48.825,59.185,57.195,47.415
2021-01-21 11:20,357.475,291.2,278.66,224.74,222.515,213.705,205.195,206.65,207.62,250.605,192.335,170.835,172.62,126.735,134.71,161.105,142.11,149.44,130.82,136.07,131.445,145.09,93.185,81.475,58.405,44.9,48.89,59.215,57.205,47.485
2021-01-21 11:25,357.12,291.2,278.69,224.89,222.69,213.48,205.035,206.6,207.68,250.58,192.38,170.81,172.505,126.56,134.67,161.06,141.83,149.28,130.825,136.185,131.23,145.13,93.13,81.455,58.275,44.81,48.84,59.305,57.13,47.575
2021-01-21 11:30,355.78,290.97,278.05,224.6,222.33,213.37,204.985,206.075,207.22,250.65,191.83,170.44,172.34,126.64,134.455,160.94,141.74,149.22,130.715,136.01,130.905,145.14,92.82,81.41,58.085,44.835,48.805,59.24,57.105,47.45
2021-01-21 11:35,355.69,291.17,278.505,224.78,222.34,213.69,204.8,206.07,206.64,250.6,191.97,170.44,172.45,126.77,134.55,160.89,141.72,149.38,130.9,135.8,130.87,145.12,92.61,81.335,58.255,44.89,48.87,59.195,57.155,47.37
2021-01-21 11:40,355.54,290.82,278.815,224.88,222.045,213.93,205.18,205.98,206.92,250.77,192.22,170.52,172.265,126.985,134.55,160.79,141.74,148.69,130.85,135.795,130.96,145.09,92.61,81.35,58.36,44.94,48.915,59.185,57.27,47.38
2021-01-21 11:45,355.73,291.0,278.96,225.15,222.31,213.77,205.14,205.91,207.04,250.465,192.56,170.72,172.12,126.79,134.62,160.92,141.77,148.89,130.645,136.005,131.065,145.2,92.45,81.385,58.34,44.93,49.005,59.075,57.26,47.39
2021-01-21 11:50,355.64,290.92,278.92,225.375,222.88,214.02,205.38,205.895,206.85,250.68,192.57,170.84,171.95,126.86,134.58,160.89,141.9,148.77,130.73,136.145,131.02,145.31,92.36,81.36,58.27,44.965,49.035,59.05,57.23,47.2
2021-01-21 11:55,355.605,290.73,279.115,225.14,222.66,214.17,205.45,205.99,207.17,251.16,192.69,170.925,171.75,126.65,134.64,161.0,142.18,148.16,130.63,136.09,131.075,145.325,92.46,81.51,58.365,44.995,48.995,59.17,57.215,47.2
2021-01-21 12:00,355.83,290.86,278.99,225.19,222.32,214.09,205.44,205.94,207.5,251.0,192.335,170.92,171.6,126.66,134.68,160.88,141.85,148.0,130.565,135.945,131.225,145.28,92.515,81.37,58.24,44.96,48.945,59.155,57.21,47.175
2021-01-21 12:05,356.13,290.48,279.23,225.06,222.03,214.16,205.62,205.87,207.67,251.23,192.205,170.93,171.49,126.6,134.615,161.185,141.765,148.23,130.74,135.77,130.785,145.17,92.33,81.46,58.22,45.0,48.955,59.135,57.26,47.165
2021-01-21 12:10,356.155,289.265,279.6,225.16,221.86,214.145,205.465,205.89,206.8,251.32,192.02,171.01,171.34,126.265,134.46,161.3,141.88,148.01,131.05,135.47,130.58,145.275,92.31,81.52,58.135,45.035,49.05,59.015,57.31,47.13
2021-01-21 12:15,355.54,289.17,279.575,224.85,221.73,214.17,205.38,205.63,206.65,250.97,191.78,170.945,171.045,126.215,134.45,161.08,141.63,148.1,131.14,135.39,130.61,145.24,92.135,81.4,57.97,44.95,49.045,58.995,57.28,47.125
2021-01-21 12:20,355.94,288.91,279.36,225.16,222.1,214.1,205.49,205.805,206.61,251.23,191.955,170.56,171.21,126.25,134.55,161.15,141.81,148.33,131.15,135.695,130.74,145.25,92.23,81.385,57.84,44.99,48.97,59.075,57.28,47.18
2021-01-21 12:25,356.31,289.265,279.87,224.95,222.09,214.31,205.255,206.02,206.98,251.155,192.12,170.495,171.13,126.42,134.665,160.93,141.8,148.6,130.99,135.86,130.775,145.235,92.23,81.345,57.845,44.955,48.945,59.04,57.23,47.16
2021-01-21 12:30,355.625,289.655,279.61,224.97,222.365,213.89,205.305,205.68,207.02,251.0,191.84,170.355,171.37,126.545,134.65,160.74,141.73,148.05,130.89,135.75,130.845,145.06,92.25,81.2,57.735,45.0,48.885,59.1,57.17,47.29
2021-01-21 12:35,355.51,289.3,279.52,225.45,222.58,213.66,205.4,205.54,207.1,251.02,191.59,170.43,171.67,126.56,134.615,160.77,141.665,148.015,131.03,135.98,130.73,144.995,92.09,81.15,57.605,44.905,48.88,59.15,57.165,47.195
2021-01-21 12:40,355.67,289.1,279.48,225.775,222.77,213.9,205.86,205.66,207.38,251.11,191.74,170.53,171.66,126.605,134.605,160.91,141.68,147.95,131.14,136.06,130.495,145.06,92.125,81.165,57.66,44.875,48.9,59.13,57.155,47.145
2021-01-21 12:45,355.62,288.97,279.54,225.86,222.8,214.095,205.63,205.675,207.32,251.305,191.66,170.56,171.85,126.725,134.65,160.89,141.78,148.06,131.4,136.2,130.52,145.12,92.14,81.075,57.64,44.895,48.925,59.1,57.215,47.15
2021-01-21 12:50,354.915,289.12,279.44,225.735,222.33,214.05,205.63,205.65,207.24,251.41,191.8,170.53,171.6,126.87,134.745,160.92,141.66,148.01,131.42,135.93,130.735,145.18,92.11,81.11,57.68,44.905,48.915,59.145,57.235,47.165
2021-01-21 12:55,355.34,289.3,279.94,226.2,222.56,214.015,205.88,205.84,207.195,251.355,192.02,170.55,172.045,126.655,134.69,160.81,141.845,147.845,131.585,136.165,130.82,145.22,91.94,81.02,57.58,44.945,48.885,59.305,57.22,47.18
2021-01-21 13:00,355.69,289.075,279.69,225.89,222.405,213.94,205.805,205.85,207.27,251.42,191.98,170.475,172.17,126.545,134.565,160.9,141.75,147.52,131.415,136.185,130.99,145.09,91.885,81.06,57.495,44.95,48.915,59.495,57.245,47.225
2021-01-21 13:05,356.535,289.25,279.11,226.25,222.06,213.82,205.86,205.91,207.15,251.63,192.25,170.705,172.42,126.485,134.625,160.91,141.86,147.83,131.47,136.285,131.005,145.06,91.86,81.08,57.54,44.99,48.94,59.55,57.28,47.215
2021-01-21 13:10,357.625,289.2,279.38,225.99,222.435,214.085,206.04,206.08,207.175,251.695,192.385,170.92,172.155,126.49,134.725,161.04,141.865,147.94,131.39,136.25,130.94,145.05,91.71,81.09,57.54,44.995,48.97,59.6,57.255,47.195
2021-01-21 13:15,357.03,289.32,279.375,226.245,222.72,214.1,206.22,206.255,207.27,251.935,192.505,171.15,172.145,126.645,134.71,161.135,141.95,147.94,131.32,136.24,130.88,145.04,91.625,81.04,57.49,44.975,48.95,59.55,57.25,47.205
2021-01-21 13:20,357.06,289.49,279.36,226.06,222.88,213.99,206.39,206.365,207.28,251.55,192.57,171.29,172.0,126.93,134.94,161.22,141.96,148.06,131.435,136.185,130.84,145.07,91.625,81.01,57.53,44.99,48.94,59.535,57.265,47.165
2021-01-21 13:25,356.765,289.38,279.35,225.98,223.09,213.84,206.54,206.2,206.92,251.735,192.51,171.395,172.235,126.96,134.92,161.44,141.88,147.86,131.245,136.22,130.825,145.03,91.555,81.035,57.44,44.99,48.935,59.595,57.26,47.065
2021-01-21 13:30,356.8,289.25,280.26,225.93,222.945,214.045,206.595,206.145,207.04,251.845,192.49,171.37,172.625,126.935,134.91,161.6,141.87,147.375,131.345,136.145,130.96,145.13,91.58,81.15,57.35,44.995,48.965,59.61,57.26,47.15
2021-01-21 13:35,356.5,289.11,280.225,225.815,222.91,214.15,206.655,206.275,207.15,251.715,192.605,171.41,172.505,126.8,134.795,161.555,141.94,147.245,131.515,136.24,131.03,145.21,91.6,81.07,57.425,45.015,49.015,59.73,57.275,47.145
2021-01-21 13:40,356.47,289.23,280.38,225.78,222.995,214.13,206.68,206.04,207.24,251.75,192.415,171.185,172.4,126.795,134.845,161.615,141.8,147.23,131.47,136.41,131.05,145.205,91.71,81.06,57.495,45.025,49.045,59.91,57.29,47.18
2021-01-21 13:45,356.28,289.23,280.24,225.4,223.08,213.935,206.61,206.01,207.06,251.53,192.57,171.09,172.585,126.715,134.82,161.46,141.65,147.4,131.345,136.1,131.125,145.165,91.595,81.055,57.6,45.045,49.03,59.945,57.255,47.14
2021-01-21 13:50,356.02,288.76,280.385,225.19,223.09,214.06,206.4,206.08,207.08,251.905,192.82,171.035,172.545,126.78,134.91,161.405,141.57,147.385,131.28,135.95,131.235,145.235,91.88,81.185,57.645,45.045,49.045,59.965,57.255,47.2
2021-01-21 13:55,356.14,289.15,280.29,225.405,223.6,213.98,206.405,205.98,207.27,251.75,192.8,170.925,172.73,126.9,135.08,161.39,141.71,147.4,131.26,136.14,131.245,145.19,91.72,81.155,57.67,45.085,49.07,59.95,57.255,47.155
2021-01-21 14:00,356.37,289.13,279.805,225.46,223.38,213.845,206.125,205.82,207.44,251.665,192.75,170.855,172.62,126.88,135.03,161.59,141.65,147.625,131.13,136.25,131.47,145.23,92.0,81.17,57.69,45.07,49.065,60.125,57.305,47.145
2021-01-21 14:05,356.62,289.29,279.8,225.695,223.11,213.98,206.19,205.89,207.56,251.92,192.855,170.905,172.45,126.935,135.09,161.79,141.695,148.0,131.1,136.29,131.515,145.33,92.025,81.19,57.705,45.085,49.035,60.17,57.34,47.18
2021-01-21 14:10,356.505,289.71,280.16,225.785,223.24,214.06,206.065,205.87,207.56,251.99,193.0,170.955,172.57,127.0,135.24,161.475,141.67,148.105,131.11,136.39,131.83,145.33,91.935,81.15,57.71,45.06,49.065,60.175,57.345,47.245
2021-01-21 14:15,356.36,290.3,280.285,225.64,223.29,214.175,205.92,205.96,207.9,251.88,193.145,170.935,172.68,127.14,135.21,161.19,141.68,148.265,131.1,136.43,132.005,145.315,91.94,81.09,57.845,45.045,49.045,60.16,57.335,47.23
2021-01-21 14:20,355.85,290.16,280.07,225.74,223.31,214.185,205.78,206.015,207.72,251.535,193.35,170.99,172.58,127.12,135.09,161.04,141.585,148.65,131.095,136.6,131.72,145.28,92.03,81.0,57.965,45.085,49.015,60.175,57.31,47.21
2021-01-21 14:25,355.81,290.12,280.22,225.74,223.03,214.4,205.995,206.005,207.735,251.5,193.27,171.125,172.34,127.135,135.005,161.295,141.63,149.04,131.12,136.56,131.895,145.21,92.18,81.11,57.955,45.09,49.015,60.185,57.32,47.21
2021-01-21 14:30,355.82,290.22,280.06,225.86,222.95,214.37,206.22,205.975,207.645,251.475,193.135,170.88,172.41,127.12,135.0,161.48,141.66,148.925,131.04,136.68,131.895,145.205,92.34,81.15,57.91,45.1,49.03,60.35,57.32,47.24
2021-01-21 14:35,355.61,290.61,280.15,225.885,222.81,214.325,206.42,205.98,207.78,251.56,193.57,171.0,172.53,127.34,135.05,161.71,141.63,148.65,130.99,136.625,132.12,145.145,92.38,81.135,57.94,45.125,49.03,60.37,57.335,47.265
2021-01-21 14:40,355.61,290.31,279.95,225.935,222.69,214.37,206.3,206.0,208.11,251.64,193.45,170.99,172.47,127.275,134.985,161.81,141.61,148.58,131.01,136.455,132.06,145.14,92.35,81.145,57.95,45.12,49.01,60.375,57.37,47.335
2021-01-21 14:45,355.52,290.17,279.905,225.915,222.745,214.435,206.085,205.93,207.8,251.62,193.425,170.96,172.485,127.31,134.99,162.055,141.46,148.465,130.995,136.515,132.03,145.115,92.35,81.2,58.025,45.125,49.02,60.63,57.39,47.325
2021-01-21 14:50,355.01,290.6,279.67,225.85,222.735,214.19,205.88,205.975,207.87,251.835,193.37,170.91,172.45,127.405,135.135,162.125,141.35,148.735,131.1,136.435,132.08,145.12,92.29,81.225,58.0,45.165,49.03,60.845,57.415,47.395
2021-01-21 14:55,354.72,290.61,279.83,225.895,222.645,214.35,205.845,205.945,207.57,251.87,193.45,170.94,172.49,127.59,135.225,162.18,141.34,148.81,131.14,136.54,131.92,145.14,92.31,81.355,57.92,45.165,49.015,60.905,57.425,47.33
2021-01-21 15:00,355.39,290.4,279.87,225.91,222.51,214.35,205.735,205.98,207.47,251.815,193.58,171.03,172.26,127.67,135.485,162.185,141.29,149.02,131.08,136.635,131.77,145.01,92.26,81.355,57.9,45.17,49.02,60.99,57.41,47.33
2021-01-21 15:05,355.53,290.35,279.8,225.945,222.57,214.305,205.81,205.86,207.38,251.835,193.615,171.13,172.16,127.65,135.395,162.29,141.3,149.335,131.105,136.695,131.755,144.965,92.285,81.36,57.87,45.15,48.995,60.99,57.38,47.345
2021-01-21 15:10,354.98,290.18,279.635,225.895,222.58,214.13,205.4,205.68,207.33,251.68,193.28,171.1,171.97,127.46,135.305,162.21,141.175,149.08,131.23,136.64,131.75,144.795,92.16,81.34,57.74,45.13,48.97,60.9,57.325,47.28
2021-01-21 15:15,355.11,290.02,279.905,225.845,222.53,214.025,205.4,205.6,207.345,251.63,193.23,171.16,171.9,127.48,135.35,162.04,141.175,148.81,131.17,136.77,131.7,144.82,92.235,81.355,57.765,45.135,48.945,60.835,57.34,47.23
2021-01-21 15:20,355.375,289.82,279.93,225.9,222.65,214.2,205.55,205.635,207.23,251.64,192.86,171.115,172.01,127.48,135.145,161.855,141.34,148.95,131.205,136.94,131.81,144.85,92.265,81.36,57.745,45.17,48.91,61.07,57.305,47.21
2021-01-21 15:25,355.255,289.96,280.055,226.01,222.415,214.34,205.73,205.53,207.325,251.815,192.645,170.995,172.0,127.45,135.13,161.65,141.8,148.76,131.225,136.85,131.74,144.85,92.195,81.315,57.73,45.15,48.88,60.95,57.255,47.225
2021-01-21 15:30,355.26,290.05,279.97,226.01,222.62,214.23,205.86,205.61,207.605,251.84,192.67,170.95,171.92,127.705,135.29,161.775,141.89,148.71,131.315,136.955,131.805,144.88,92.22,81.31,57.775,45.155,48.925,61.115,57.29,47.145
2021-01-21 15:35,354.82,289.935,279.85,225.975,222.7,214.21,205.9,205.37,207.48,251.99,192.14,170.695,171.77,127.56,135.36,161.825,141.74,148.82,131.3,137.0,131.73,144.69,92.31,81.29,57.685,45.16,48.97,61.495,57.32,47.115
2021-01-21 15:40,355.74,290.24,280.01,226.035,222.62,214.145,205.82,205.36,207.54,252.32,192.275,170.795,171.88,127.565,135.29,161.98,141.95,148.96,131.35,137.13,131.96,144.795,92.545,81.39,57.685,45.185,49.025,61.335,57.375,47.08
2021-01-21 15:45,355.325,289.69,279.9,225.825,222.685,213.98,205.57,205.6,207.37,252.015,192.55,170.85,171.66,127.425,135.08,162.035,141.83,148.75,131.325,137.25,132.2,144.82,92.29,81.38,57.69,45.225,48.965,63.39,57.375,46.99
2021-01-21 15:50,355.8,289.61,279.92,225.14,222.57,214.01,205.47,205.675,207.65,252.49,192.635,170.815,171.465,127.64,135.01,162.095,141.8,148.74,131.24,136.9,132.02,144.795,92.32,81.435,57.745,45.155,48.98,62.8,57.38,47.03
2021-01-21 15:55,355.02,289.48,278.92,224.73,222.21,213.45,205.16,205.14,207.38,252.08,192.21,170.74,171.27,127.44,134.82,161.76,141.54,148.78,131.02,136.81,131.82,144.91,92.03,81.15,57.56,45.1,48.96,62.165,57.285,47.03
2021-01-22 09:30,353.69,287.41,279.87,227.685,224.83,211.92,204.355,203.29,204.8,250.99,190.72,169.24,175.15,126.225,133.01,162.43,141.125,147.615,130.955,135.74,118.88,146.38,90.38,80.91,57.11,44.49,48.85,58.87,56.9,46.515
2021-01-22 09:35,352.63,288.99,279.3,227.58,225.74,211.28,204.15,203.23,206.39,251.9,190.67,169.4,174.2,125.56,133.7,163.25,140.52,147.68,130.6,136.12,118.33,146.29,90.47,80.91,57.15,44.34,48.635,59.52,56.9,46.19
2021-01-22 09:40,353.06,289.76,278.67,228.06,225.0,211.79,204.26,202.19,205.17,251.96,189.74,168.915,174.37,125.975,133.8,162.82,139.9,147.4,130.85,137.14,117.91,145.68,90.73,80.925,57.02,44.37,48.695,58.69,57.025,46.52
2021-01-22 09:45,352.04,290.33,279.1,229.24,226.16,211.89,204.545,201.87,205.61,252.09,189.86,167.9,173.82,126.17,134.11,162.355,140.01,146.52,130.6,137.14,117.575,146.05,90.9,80.96,57.26,44.375,48.59,58.86,57.04,46.58
2021-01-22 09:50,352.275,289.64,280.07,228.69,226.485,211.98,204.13,202.06,205.17,252.4,190.49,168.47,173.49,125.81,134.065,162.47,140.355,146.56,130.75,136.84,117.725,146.7,90.865,81.09,57.19,44.33,48.615,58.8,57.04,46.78
2021-01-22 09:55,352.345,288.5,280.4,229.26,226.52,212.2,204.31,202.01,205.04,252.77,190.46,168.24,173.515,125.76,133.795,162.525,140.63,146.4,130.89,137.365,117.625,146.615,90.71,80.945,57.205,44.24,48.66,58.68,57.05,46.785
2021-01-22 10:00,352.93,288.55,280.42,229.705,226.56,212.025,204.98,202.17,205.0,253.03,190.67,168.39,173.36,125.48,133.885,163.23,140.775,146.52,130.745,137.2,117.595,145.98,90.75,81.105,57.44,44.365,48.685,58.34,57.095,46.785
2021-01-22 10:05,352.87,288.45,281.205,229.9,227.2,212.195,205.28,202.5,205.2,253.42,190.735,168.4,173.69,125.59,133.82,163.25,140.78,145.53,130.795,137.47,117.67,145.55,90.67,81.16,57.42,44.46,48.67,57.83,57.075,46.72
2021-01-22 10:10,352.15,288.17,281.23,229.73,226.63,212.56,205.21,202.125,204.84,253.73,190.095,168.195,173.39,125.62,133.61,163.24,140.93,145.96,130.77,137.235,118.005,145.19,90.48,81.15,57.3,44.555,48.72,57.955,57.12,46.695
2021-01-22 10:15,351.97,288.55,281.34,229.68,226.1,212.41,204.81,201.935,205.31,253.6,190.13,168.26,173.91,125.88,134.005,163.14,140.84,146.04,130.54,137.13,117.72,145.36,90.785,81.165,57.28,44.565,48.68,58.01,57.115,46.71
2021-01-22 10:20,351.93,287.3,281.98,229.53,225.7,212.3,204.665,201.925,204.89,254.11,189.89,167.93,173.545,125.42,133.58,163.23,140.65,145.82,130.765,136.845,117.81,145.45,90.665,81.12,57.185,44.515,48.665,57.865,57.02,46.695
2021-01-22 10:25,350.94,286.44,281.83,229.15,225.345,212.16,204.53,201.62,204.67,254.045,189.46,167.49,172.71,125.13,133.24,162.87,140.32,145.77,130.73,136.625,117.975,145.185,90.59,80.985,57.12,44.425,48.585,57.51,56.985,46.6
2021-01-22 10:30,351.12,286.96,282.01,229.65,225.675,212.055,204.255,201.8,204.5,253.77,189.66,167.34,172.56,125.21,133.1,163.105,140.35,144.98,130.855,136.425,117.865,145.365,90.46,81.01,57.19,44.42,48.565,57.315,57.0,46.56
2021-01-22 10:35,351.18,286.72,281.5,229.295,226.01,212.17,204.34,201.795,204.57,253.29,189.77,167.575,172.33,125.08,133.095,163.45,140.23,144.99,131.015,136.15,117.94,145.325,90.37,81.09,57.2,44.42,48.635,57.08,57.045,46.44
2021-01-22 10:40,351.18,286.86,281.96,229.13,225.97,212.13,204.29,202.1,204.535,253.035,190.32,167.73,172.09,124.92,133.045,163.77,140.32,144.78,131.205,136.285,117.9,145.44,90.83,81.055,57.27,44.485,48.635,57.34,57.075,46.45
2021-01-22 10:45,351.18,287.09,282.44,228.895,225.8,212.085,203.955,202.52,204.57,253.245,190.69,168.085,172.14,125.26,132.84,163.38,140.21,144.86,131.045,136.115,117.565,145.39,90.94,80.94,57.42,44.46,48.64,57.11,56.985,46.53
2021-01-22 10:50,351.325,287.05,282.02,229.59,226.33,212.255,203.93,202.43,204.39,253.39,190.63,168.03,171.99,125.22,132.92,163.63,140.01,144.755,130.91,136.45,117.835,145.3,90.715,80.9,57.365,44.45,48.61,57.075,56.935,46.385
2021-01-22 10:55,352.33,287.46,282.22,229.755,225.905,212.3,203.85,202.89,204.47,253.56,191.18,168.57,172.07,125.32,133.05,163.62,140.055,144.7,131.03,136.885,118.03,145.42,90.915,81.01,57.46,44.49,48.67,57.185,57.025,46.53
2021-01-22 11:00,353.18,287.9,282.26,229.555,226.065,212.73,203.83,203.165,204.66,253.22,191.36,168.635,172.14,125.49,133.275,163.65,139.98,144.98,130.96,137.085,117.97,145.595,90.965,81.085,57.565,44.495,48.74,57.345,57.195,46.57
2021-01-22 11:05,353.05,287.84,282.59,229.69,226.2,212.63,203.705,202.97,204.72,253.575,191.07,168.32,172.035,125.35,133.18,163.565,140.055,144.9,130.99,137.145,118.285,145.68,91.2,80.99,57.53,44.56,48.675,57.415,57.19,46.605
2021-01-22 11:10,352.78,287.7,282.255,229.395,226.86,212.755,203.7,202.745,204.73,253.49,191.215,168.23,172.64,125.32,133.38,163.56,140.045,145.345,130.745,137.11,118.12,145.62,91.12,81.0,57.44,44.545,48.67,57.325,57.135,46.55
2021-01-22 11:15,352.19,287.42,282.49,229.17,227.015,212.64,203.78,202.76,204.745,253.36,191.0,168.1,172.58,125.36,133.29,163.77,140.11,145.52,130.89,137.415,118.235,145.69,91.01,81.035,57.48,44.49,48.65,57.16,57.12,46.55
2021-01-22 11:20,352.43,287.18,282.34,229.075,227.475,212.775,203.815,203.16,205.05,253.44,191.045,168.375,172.38,125.36,133.45,163.685,140.15,145.52,130.95,137.4,118.265,145.75,91.055,81.07,57.485,44.515,48.575,57.07,57.135,46.55
2021-01-22 11:25,351.91,287.61,282.15,228.51,227.345,212.895,204.0,203.335,205.005,253.46,191.17,168.51,172.15,125.47,133.8,163.68,140.14,145.585,131.1,137.245,118.08,145.8,91.09,81.035,57.51,44.495,48.565,57.055,57.175,46.59
2021-01-22 11:30,351.75,288.08,282.65,228.06,226.66,213.19,204.19,203.65,204.99,253.575,191.58,168.815,172.115,125.55,133.91,163.86,140.47,145.685,131.105,137.185,118.18,145.94,91.25,81.11,57.64,44.535,48.605,57.005,57.22,46.65
2021-01-22 11:35,351.19,288.16,282.85,227.99,226.255,213.155,204.025,203.81,205.53,253.645,192.055,169.13,172.635,125.74,134.14,163.89,140.39,145.89,131.04,137.06,118.195,146.175,91.46,81.1,57.735,44.615,48.655,56.885,57.4,46.69
2021-01-22 11:40,350.92,287.94,282.95,227.96,226.72,213.235,204.2,203.74,205.49,253.865,192.025,169.05,172.43,125.545,133.965,163.925,140.45,145.86,131.01,137.105,118.435,146.42,91.31,81.095,57.63,44.6,48.64,56.885,57.45,46.68
2021-01-22 11:45,351.035,287.66,283.07,228.03,226.555,213.32,203.98,204.03,205.57,254.22,192.145,169.27,172.485,125.665,133.945,164.07,140.48,145.8,131.01,137.16,118.5,146.56,91.365,81.15,57.655,44.65,48.67,57.06,57.455,46.695
2021-01-22 11:50,351.48,287.95,283.275,228.365,226.78,213.595,204.04,203.905,205.52,254.52,191.89,169.255,172.495,125.855,134.09,164.305,140.54,146.02,131.175,137.38,118.8,146.565,91.215,81.23,57.695,44.67,48.705,57.21,57.485,46.65
2021-01-22 11:55,351.65,288.09,283.375,228.065,226.455,213.635,204.21,204.21,205.86,254.685,192.12,169.415,172.7,125.895,134.155,164.365,140.68,145.895,131.05,137.34,118.915,146.525,91.34,81.26,57.72,44.71,48.665,57.115,57.565,46.705
2021-01-22 12:00,351.46,287.955,283.37,227.665,226.145,213.46,203.91,204.26,205.64,254.64,192.12,169.65,172.845,125.81,133.94,164.5,140.63,145.71,131.065,137.34,118.755,146.67,91.335,81.235,57.745,44.69,48.675,57.015,57.535,46.835
2021-01-22 12:05,351.06,287.865,283.15,227.965,226.41,213.55,203.86,203.77,205.335,254.845,191.895,169.47,172.45,125.81,133.78,164.66,140.63,145.79,131.09,137.35,118.625,146.45,91.255,81.275,57.605,44.65,48.635,57.01,57.47,46.8
2021-01-22 12:10,351.75,287.99,283.61,228.01,226.3,214.04,203.95,203.7,205.14,255.05,191.975,169.505,172.63,125.74,133.915,164.72,140.54,145.69,131.165,137.735,118.415,146.635,91.245,81.335,57.575,44.65,48.63,56.955,57.52,46.87
2021-01-22 12:15,351.975,288.17,283.73,228.38,226.275,214.0,204.17,204.0,205.13,254.985,192.04,169.55,172.575,125.785,134.0,164.6,140.53,145.5,131.12,137.87,118.7,146.76,91.235,81.3,57.56,44.665,48.69,57.135,57.555,46.905
2021-01-22 12:20,351.89,288.05,283.66,228.35,226.27,213.89,204.13,203.86,205.03,254.8,192.06,169.945,172.87,125.81,134.015,164.7,140.6,145.66,131.24,137.895,118.84,146.695,91.19,81.34,57.665,44.695,48.665,57.185,57.515,47.04
2021-01-22 12:25,351.52,287.79,283.77,228.28,226.415,213.955,204.0,204.09,205.155,254.665,192.19,170.09,172.88,125.745,134.03,164.92,140.475,145.705,131.325,138.085,119.13,146.76,91.39,81.35,57.66,44.73,48.68,57.32,57.545,46.96
2021-01-22 12:30,351.5,287.8,283.16,228.14,226.44,213.89,203.74,204.11,205.075,254.805,192.17,170.18,172.925,125.745,134.0,165.12,140.35,145.6,131.29,137.885,119.005,146.81,91.325,81.355,57.61,44.715,48.645,57.115,57.55,46.94
2021-01-22 12:35,351.475,287.73,283.51,227.88,226.34,213.855,203.8,203.89,205.05,254.71,192.01,170.0,173.065,125.72,133.825,164.94,140.39,145.58,131.31,137.79,119.19,146.785,91.26,81.26,57.645,44.695,48.61,57.005,57.555,46.98
2021-01-22 12:40,351.545,288.135,283.835,227.915,225.925,214.0,203.845,203.74,205.05,254.62,192.0,169.72,173.39,125.54,133.85,164.78,140.415,145.75,131.31,137.91,119.455,147.085,91.195,81.225,57.57,44.77,48.63,56.965,57.545,47.0
2021-01-22 12:45,351.14,288.36,283.81,227.89,226.06,214.0,203.58,203.9,205.105,254.59,192.275,169.825,173.46,125.68,134.07,164.905,140.41,145.705,131.425,137.99,119.295,147.185,91.25,81.135,57.475,44.775,48.64,56.975,57.555,46.995
2021-01-22 12:50,350.98,288.105,283.82,227.68,226.235,213.965,203.75,204.08,205.11,254.615,192.295,169.83,173.59,125.82,134.075,164.885,140.33,145.88,131.24,137.895,119.435,147.08,91.425,81.18,57.485,44.785,48.66,56.96,57.515,47.07
2021-01-22 12:55,350.69,288.255,283.6,227.48,226.28,213.815,203.58,203.98,205.09,254.42,192.53,169.74,173.25,125.86,134.02,164.72,140.425,145.88,131.34,137.975,119.64,147.28,91.46,81.24,57.515,44.745,48.64,56.95,57.45,47.05
2021-01-22 13:00,350.59,288.225,283.72,227.66,226.32,213.595,203.56,203.595,205.0,254.51,192.5,169.46,173.42,125.76,133.91,164.555,140.2,145.78,131.205,138.03,119.32,147.205,91.42,81.14,57.465,44.695,48.61,56.905,57.46,47.05
2021-01-22 13:05,350.18,288.27,283.58,227.32,226.18,213.565,203.4,203.385,204.85,254.28,192.33,169.28,173.11,125.84,133.87,164.455,140.035,145.77,131.18,137.805,119.515,146.85,91.33,81.12,57.44,44.675,48.67,56.86,57.475,47.0
2021-01-22 13:10,350.22,288.78,283.51,227.475,226.15,213.6,203.34,203.41,204.92,254.34,192.11,169.165,173.05,125.69,133.84,164.43,140.105,145.73,131.2,137.97,119.645,146.82,91.305,81.145,57.395,44.685,48.745,57.015,57.51,47.055
2021-01-22 13:15,350.26,288.97,283.84,227.285,226.31,213.645,203.31,203.59,205.06,254.39,192.44,169.305,173.05,125.75,133.89,164.45,140.08,145.6,131.17,137.905,119.645,146.835,91.375,81.175,57.435,44.715,48.735,57.12,57.595,47.195
2021-01-22 13:20,350.85,289.45,284.02,227.525,226.58,213.62,203.39,203.615,205.12,254.6,192.42,169.265,172.965,125.94,133.94,164.475,140.1,145.7,131.27,138.11,119.39,146.895,91.33,81.215,57.395,44.745,48.765,57.135,57.59,47.135
2021-01-22 13:25,350.795,289.035,284.26,227.45,226.5,213.75,203.48,203.63,205.14,254.48,192.615,169.215,172.94,126.045,133.84,164.575,140.11,145.615,131.24,138.01,119.165,146.785,91.33,81.21,57.43,44.805,48.76,57.095,57.64,47.155
2021-01-22 13:30,350.33,288.765,284.09,227.56,226.565,213.69,203.38,203.83,205.135,254.505,192.635,169.405,172.83,125.92,133.92,164.815,140.0,145.635,131.235,137.995,119.04,146.84,91.47,81.29,57.46,44.81,48.8,57.14,57.625,47.2
2021-01-22 13:35,350.2,289.01,284.25,227.55,226.68,213.87,203.39,203.85,205.22,254.815,192.66,169.43,172.82,125.99,134.08,164.63,140.01,145.72,131.23,138.19,118.99,147.025,91.57,81.295,57.42,44.82,48.815,57.215,57.62,47.225
2021-01-22 13:40,349.3,289.21,284.32,227.365,226.56,214.025,203.225,203.71,205.21,254.83,192.5,169.51,172.8,125.95,134.01,164.67,139.91,145.83,131.08,138.22,119.02,146.99,91.59,81.355,57.415,44.805,48.81,57.195,57.61,47.185
2021-01-22 13:45,349.615,289.15,284.14,227.59,226.305,213.83,203.12,203.445,205.24,254.88,192.4,169.48,172.69,125.75,134.015,164.7,139.835,145.775,131.175,138.27,119.01,147.05,91.545,81.365,57.405,44.805,48.805,57.105,57.65,47.165
2021-01-22 13:50,349.59,289.305,284.065,227.405,226.265,213.74,203.22,203.57,205.39,254.9,192.53,169.645,172.83,125.84,134.095,164.465,139.81,145.805,131.065,138.095,119.05,146.985,91.53,81.305,57.41,44.815,48.82,57.085,57.645,47.215
2021-01-22 13:55,349.62,288.94,284.12,227.19,226.215,213.67,203.07,203.42,204.95,254.85,192.4,169.61,172.745,125.675,133.95,164.42,139.8,145.84,131.01,137.99,118.91,146.93,91.53,81.24,57.35,44.78,48.785,57.075,57.605,47.14
2021-01-22 14:00,349.86,288.39,284.08,227.32,226.29,213.815,202.93,203.19,205.155,254.7,192.18,169.65,172.7,125.77,133.935,164.48,139.73,145.935,130.975,138.015,118.645,147.02,91.635,81.28,57.46,44.805,48.775,56.935,57.605,47.15
2021-01-22 14:05,350.035,288.295,284.18,227.355,226.315,213.8,202.92,203.17,205.11,254.605,192.175,169.66,172.76,125.735,133.91,164.46,139.67,145.85,130.97,138.245,118.7,147.045,91.645,81.295,57.45,44.815,48.765,57.02,57.68,47.075
2021-01-22 14:10,349.68,288.345,284.3,227.245,226.37,213.445,203.01,203.135,205.43,254.445,191.91,169.65,172.55,125.57,133.965,164.53,139.665,145.82,130.755,138.215,118.725,146.95,91.545,81.195,57.44,44.83,48.715,56.95,57.62,47.1
2021-01-22 14:15,349.86,288.78,284.48,227.13,226.33,213.5,202.97,202.875,205.35,254.56,192.13,169.73,172.435,125.81,133.94,164.37,139.665,145.9,130.67,138.185,118.81,146.89,91.49,81.195,57.47,44.825,48.715,56.855,57.585,47.17
2021-01-22 14:20,350.04,288.91,284.47,227.55,226.3,213.635,203.0,203.345,205.38,254.8,192.575,170.025,172.51,125.745,133.8,164.19,139.795,145.9,130.57,138.46,118.815,146.845,91.43,81.195,57.49,44.835,48.675,56.855,57.555,47.22
2021-01-22 14:25,349.74,288.9,283.92,227.53,226.005,213.42,203.135,203.205,205.49,254.5,192.6,169.86,172.555,125.9,133.82,164.035,139.71,145.98,130.535,138.435,118.755,146.56,91.53,81.095,57.45,44.815,48.635,56.875,57.535,47.18
2021-01-22 14:30,349.515,289.1,283.885,227.46,225.75,213.34,203.21,203.42,205.255,254.625,192.59,169.89,172.5,125.87,133.695,164.06,139.69,146.03,130.605,138.52,118.685,146.68,91.52,81.135,57.45,44.87,48.65,56.9,57.565,47.2
2021-01-22 14:35,349.295,289.4,284.08,227.16,225.4,213.225,203.18,203.325,205.085,254.585,192.73,170.06,172.82,125.875,133.815,164.23,139.64,145.98,130.645,138.45,118.535,146.64,91.68,81.195,57.485,44.88,48.67,56.975,57.565,47.29
2021-01-22 14:40,348.795,289.32,284.08,227.145,225.515,213.2,203.0,203.355,205.06,254.395,192.61,170.075,172.695,125.745,133.77,163.97,139.92,146.0,130.54,138.52,118.545,146.7,91.65,81.1,57.425,44.86,48.64,57.005,57.555,47.26
2021-01-22 14:45,348.61,289.735,284.24,227.12,225.31,213.21,202.85,203.235,205.19,254.47,192.64,169.87,172.465,125.835,134.0,163.94,140.02,145.97,130.52,138.665,118.585,146.56,91.72,81.13,57.465,44.815,48.615,56.885,57.565,47.27
2021-01-22 14:50,348.7,289.57,284.31,227.29,225.5,213.36,203.01,203.35,205.23,254.62,192.535,170.05,172.535,126.04,134.045,164.0,140.07,146.12,130.59,138.975,118.77,146.68,91.66,81.12,57.485,44.85,48.64,57.01,57.575,47.265
2021-01-22 14:55,348.64,289.45,284.04,227.46,225.72,213.4,203.115,203.275,205.18,254.75,192.23,170.015,172.555,126.095,134.07,164.035,140.04,146.1,130.61,139.09,118.86,146.63,91.64,81.09,57.45,44.84,48.67,57.09,57.585,47.29
2021-01-22 15:00,348.755,289.63,284.04,227.165,225.615,213.41,203.17,203.5,205.16,254.965,192.34,170.12,172.45,126.34,134.2,163.965,140.04,146.06,130.515,138.78,118.58,146.515,91.72,81.08,57.48,44.82,48.64,57.115,57.515,47.305
2021-01-22 15:05,348.88,289.74,284.37,227.14,226.04,213.3,202.8,203.615,205.24,254.945,192.24,170.09,172.425,126.08,134.16,163.9,140.125,146.065,130.45,138.895,118.555,146.445,91.74,81.065,57.445,44.865,48.645,57.26,57.515,47.335
2021-01-22 15:10,348.685,289.27,284.47,226.85,225.83,213.26,202.81,203.3,205.5,254.9,192.14,170.035,172.415,126.135,133.92,163.94,139.95,145.9,130.33,138.83,118.545,146.45,91.665,81.04,57.44,44.825,48.625,57.115,57.535,47.25
2021-01-22 15:15,348.785,289.195,284.64,226.73,225.91,213.32,202.56,203.2,205.575,254.7,192.03,169.985,172.565,125.955,133.83,163.81,139.99,145.98,130.215,138.9,118.645,146.4,91.74,80.99,57.44,44.8,48.63,56.965,57.545,47.26
2021-01-22 15:20,349.38,289.22,285.02,226.705,226.175,213.465,202.69,203.195,205.65,254.77,191.97,169.895,172.635,126.2,133.93,163.855,139.95,146.015,130.27,139.175,118.63,146.485,91.695,81.1,57.455,44.795,48.65,56.945,57.605,47.255
2021-01-22 15:25,349.65,289.725,284.82,226.67,226.35,213.49,202.63,203.185,206.1,254.78,192.22,169.855,172.955,126.32,134.13,163.98,140.06,146.145,130.32,139.37,118.67,146.53,91.89,81.165,57.555,44.795,48.695,56.945,57.555,47.31
2021-01-22 15:30,349.1,289.94,284.42,226.71,226.42,213.46,202.34,202.91,206.05,254.19,192.15,169.64,172.895,126.75,134.05,163.78,139.85,146.06,130.235,139.59,118.485,146.49,91.84,81.085,57.535,44.795,48.625,56.85,57.55,47.3
2021-01-22 15:35,348.74,290.17,283.94,226.91,226.43,213.52,202.57,203.22,206.39,254.37,192.42,169.76,173.31,126.705,134.23,163.95,139.84,146.27,130.315,139.59,118.34,146.51,91.97,81.145,57.605,44.795,48.625,56.905,57.645,47.255
2021-01-22 15:40,348.665,290.36,284.3,226.935,226.43,213.62,202.425,203.19,206.54,254.325,192.24,169.795,173.075,126.62,134.25,164.02,139.83,146.24,130.445,139.845,118.595,146.54,91.96,81.18,57.635,44.795,48.655,56.855,57.66,47.32
2021-01-22 15:45,348.085,290.03,284.3,226.95,226.245,213.68,202.375,202.9,206.285,254.345,192.23,169.59,173.08,126.67,134.14,164.01,139.91,146.14,130.44,139.495,118.92,146.52,91.855,81.17,57.58,44.765,48.635,56.875,57.665,47.385
2021-01-22 15:50,348.305,289.655,284.13,226.44,226.35,213.555,202.21,202.805,206.11,254.2,192.13,169.25,172.89,126.56,134.145,163.895,139.76,146.17,130.135,139.46,118.735,146.53,91.97,81.16,57.64,44.81,48.595,56.755,57.62,47.415
2021-01-22 15:55,347.61,289.33,284.08,226.05,225.765,213.49,201.86,202.34,205.97,253.58,192.07,169.05,172.92,126.16,133.79,163.55,139.335,145.84,130.095,138.94,118.61,146.45,91.75,81.01,57.49,44.77,48.5,56.655,57.48,47.46
2021-01-25 09:30,346.64,284.94,283.87,229.465,229.03,212.49,199.865,201.47,201.92,252.845,191.04,168.44,172.45,123.73,132.55,165.07,138.55,144.42,130.44,144.54,117.745,145.245,89.995,80.19,57.01,44.93,48.26,56.29,57.435,46.465
2021-01-25 09:35,346.285,284.37,282.57,228.93,228.98,212.825,199.31,201.15,201.12,252.615,190.77,168.595,171.51,123.305,131.87,164.64,137.46,143.43,130.65,144.87,118.07,144.74,89.44,80.35,57.01,45.07,48.445,56.105,57.62,46.675
2021-01-25 09:40,345.49,283.755,283.02,228.13,228.37,212.08,199.5,201.62,201.89,252.32,190.51,168.51,172.11,123.7,131.63,164.01,137.865,143.75,130.735,144.47,118.41,144.93,89.92,80.285,57.06,45.035,48.495,55.815,57.48,46.845
2021-01-25 09:45,347.0,282.72,282.4,227.74,227.805,211.695,199.01,201.79,201.54,252.3,190.57,169.1,171.925,123.015,131.38,163.85,137.48,144.08,130.535,144.05,118.15,144.775,89.6,80.46,57.24,44.92,48.495,55.75,57.68,46.84
2021-01-25 09:50,347.55,282.03,282.905,227.675,227.55,211.56,199.26,200.81,200.79,252.175,189.73,169.03,171.26,122.87,131.19,163.96,137.345,143.52,130.915,144.155,117.67,144.31,89.42,80.285,56.94,44.85,48.37,55.575,57.955,46.77
2021-01-25 09:55,348.5,281.93,283.27,227.38,227.33,212.425,198.855,201.08,201.05,252.73,190.06,169.23,171.185,123.02,131.185,164.15,137.48,143.43,131.03,144.94,117.75,144.91,89.42,80.39,56.86,44.795,48.325,55.39,57.885,46.915
2021-01-25 10:00,350.1,282.9,284.2,227.46,227.5,212.39,199.3,201.9,201.58,253.46,190.69,170.2,171.17,123.28,131.51,164.525,137.28,144.15,131.08,144.76,118.12,145.21,90.07,80.42,57.17,44.89,48.385,55.58,58.015,47.185
2021-01-25 10:05,349.9,282.97,283.57,227.855,226.74,212.46,198.35,201.985,201.95,253.59,190.82,170.77,171.01,123.05,131.58,164.365,137.465,144.45,131.1,144.165,118.045,144.93,90.15,80.36,57.23,44.97,48.31,55.435,58.04,47.165
2021-01-25 10:10,349.025,283.12,284.25,228.14,226.825,212.34,197.65,201.62,202.355,253.76,190.78,171.2,171.7,122.91,131.44,164.43,137.43,144.83,131.39,144.195,118.355,144.82,90.39,80.365,57.22,44.96,48.415,55.26,57.915,47.265
2021-01-25 10:15,348.36,283.49,284.665,228.27,226.93,212.33,197.625,201.925,202.875,254.1,190.56,171.075,171.72,123.12,131.775,164.26,136.87,145.045,131.405,144.35,118.365,144.73,90.78,80.33,57.195,44.955,48.46,55.32,57.86,47.26
2021-01-25 10:20,349.07,283.77,284.62,228.455,227.425,212.18,197.88,202.03,203.01,254.395,190.41,171.315,171.7,123.16,131.925,164.46,137.145,144.94,131.75,144.46,118.385,145.035,90.97,80.37,57.14,45.015,48.5,55.345,57.845,47.25
2021-01-25 10:25,349.88,283.24,285.67,228.565,226.825,212.15,197.84,201.99,202.73,254.2,190.5,171.545,171.345,122.99,131.91,164.48,137.19,145.2,131.72,144.23,118.255,145.16,90.885,80.46,57.125,44.99,48.485,55.185,57.915,47.305
2021-01-25 10:30,349.74,282.89,284.83,228.625,226.94,212.19,197.41,202.14,202.98,254.42,190.33,171.73,171.5,122.68,131.76,164.56,137.15,145.27,131.86,143.81,118.385,145.3,90.69,80.63,56.975,45.095,48.625,55.09,57.955,47.3
2021-01-25 10:35,349.16,283.31,284.725,228.59,226.45,212.16,197.27,201.83,202.51,254.94,190.12,171.68,171.55,122.665,131.88,164.47,137.18,145.6,132.08,143.75,118.465,145.63,90.71,80.71,56.885,45.12,48.645,55.105,57.905,47.49
2021-01-25 10:40,348.62,282.5,284.27,228.48,226.445,212.08,196.4,202.01,202.48,255.525,190.14,171.89,171.33,122.35,131.79,165.075,136.91,145.75,132.52,143.945,118.265,145.89,90.86,80.88,56.84,45.095,48.6,54.95,58.08,47.5
2021-01-25 10:45,348.15,281.92,284.035,227.825,225.07,211.765,196.4,201.745,201.92,255.725,189.88,171.93,170.98,121.905,131.55,165.175,136.59,145.23,132.27,143.58,118.395,145.47,90.66,80.885,56.75,45.1,48.645,54.825,58.105,47.33
2021-01-25 10:50,348.675,281.22,283.775,226.965,224.35,211.695,196.025,201.605,201.5,255.89,189.175,171.69,170.525,121.95,131.13,165.025,135.985,145.075,132.11,142.85,118.205,145.525,90.595,80.9,56.725,45.135,48.66,54.76,58.11,47.45
2021-01-25 10:55,347.83,279.94,282.65,226.26,223.24,211.44,196.4,201.04,200.76,255.35,187.82,171.49,169.62,121.07,130.61,165.005,135.31,144.97,131.795,141.105,117.84,145.615,90.04,80.78,56.18,45.06,48.56,54.55,58.135,47.23
2021-01-25 11:00,347.51,278.31,281.79,225.04,222.71,211.11,196.62,200.56,200.32,254.41,187.5,171.01,169.69,120.785,130.56,164.57,135.185,144.61,131.555,140.035,117.72,145.275,89.85,80.78,56.155,44.91,48.52,54.335,58.195,47.05
2021-01-25 11:05,347.38,278.06,281.96,224.71,221.53,211.26,196.26,200.28,199.39,254.365,187.18,170.82,168.98,120.44,130.335,164.52,134.75,144.24,132.02,137.73,117.555,145.115,89.7,80.835,55.93,44.85,48.57,54.115,58.25,46.92
2021-01-25 11:10,347.49,280.13,282.44,225.925,223.89,211.05,196.67,201.13,200.97,253.81,188.075,170.665,170.265,120.97,130.445,164.56,135.63,144.54,131.66,141.18,117.68,144.915,90.14,80.72,56.235,44.78,48.445,54.39,58.06,46.89
2021-01-25 11:15,346.32,279.94,282.69,225.825,224.23,210.765,197.225,200.9,201.145,253.995,188.27,170.85,170.645,121.41,130.58,164.685,135.33,144.55,131.79,141.24,117.855,145.11,90.265,80.56,56.315,44.8,48.44,54.38,58.07,46.98
2021-01-25 11:20,345.9,280.05,283.58,225.465,224.365,211.13,197.4,200.95,200.97,254.49,188.12,170.76,170.38,121.49,130.33,164.975,135.53,144.61,132.45,141.685,117.91,145.15,90.14,80.64,55.855,44.83,48.445,54.935,58.195,46.955
2021-01-25 11:25,345.87,279.245,282.99,225.675,223.6,210.8,197.2,200.76,200.34,254.55,188.02,170.84,169.775,120.78,130.34,165.0,135.11,144.56,132.53,141.22,117.885,145.185,89.815,80.65,55.705,44.87,48.415,54.99,58.2,47.075
2021-01-25 11:30,345.675,280.14,283.59,226.1,224.2,210.78,197.745,200.89,200.71,254.84,187.98,170.805,170.385,121.22,130.305,165.23,135.61,144.77,132.43,141.985,118.16,145.13,89.9,80.64,55.87,44.855,48.405,55.015,58.29,46.975
2021-01-25 11:35,346.23,279.44,283.415,226.42,224.455,210.66,197.905,201.2,200.61,255.105,187.84,171.335,170.54,121.365,130.17,165.62,135.72,144.92,132.74,141.91,118.605,145.2,89.97,80.58,55.9,44.885,48.54,54.865,58.35,47.03
2021-01-25 11:40,346.41,280.49,284.54,226.755,224.71,211.31,198.22,201.43,200.675,255.63,188.48,171.84,170.78,121.81,130.765,165.86,136.21,145.33,132.6,142.335,118.98,145.21,90.005,80.74,56.01,44.91,48.53,54.985,58.38,47.08
2021-01-25 11:45,347.07,280.23,283.97,226.54,224.3,211.72,198.215,201.59,200.86,255.59,188.16,171.94,170.8,121.87,130.84,165.93,136.05,145.715,132.54,142.005,119.03,145.41,90.2,80.755,56.11,44.92,48.505,54.855,58.38,47.175
2021-01-25 11:50,346.65,280.14,284.51,226.78,224.89,211.7,198.125,201.76,200.955,255.31,188.07,171.94,170.35,121.665,130.94,166.01,136.38,145.86,132.61,142.41,119.135,145.37,90.24,80.77,56.38,44.94,48.525,54.985,58.305,47.09
2021-01-25 11:55,346.66,280.73,284.99,226.98,225.31,211.925,198.55,201.62,201.08,255.09,187.97,171.74,170.295,121.43,131.03,165.69,136.53,145.62,132.36,142.605,118.905,145.28,90.26,80.75,56.53,44.95,48.535,54.99,58.31,47.07
2021-01-25 12:00,346.63,280.65,284.58,226.985,225.835,212.38,198.825,201.495,201.08,254.96,187.815,171.78,170.3,121.57,130.88,165.595,136.34,145.58,132.17,142.71,118.9,145.38,90.29,80.665,56.42,44.94,48.495,54.96,58.29,47.045
2021-01-25 12:05,347.15,280.52,284.735,227.35,225.48,212.18,198.95,201.41,201.43,255.06,187.675,171.64,170.81,121.42,131.06,165.06,136.4,145.86,132.05,142.77,118.98,145.15,90.54,80.515,56.385,44.99,48.49,54.98,58.18,47.05
2021-01-25 12:10,346.985,280.45,284.76,226.59,224.86,212.37,198.22,201.475,200.58,255.5,187.9,172.01,170.17,121.09,131.035,165.23,136.12,145.875,132.31,141.72,118.69,145.31,90.32,80.69,56.28,44.885,48.54,54.745,58.29,47.17
2021-01-25 12:15,346.78,280.5,284.31,225.975,224.52,212.67,198.65,201.185,200.21,255.4,187.77,172.17,170.27,121.01,131.09,165.12,135.84,145.93,132.26,141.28,118.47,145.365,90.095,80.61,56.23,44.835,48.56,54.455,58.265,47.06
2021-01-25 12:20,347.265,280.7,284.35,225.41,223.93,212.85,198.82,201.025,200.04,255.35,187.615,172.13,170.14,120.91,131.25,164.93,135.635,145.98,132.085,141.19,118.6,145.32,90.1,80.63,56.13,44.805,48.51,54.49,58.24,47.015
2021-01-25 12:25,347.47,281.48,285.07,225.955,224.515,213.165,199.215,201.03,200.65,254.84,188.0,171.98,170.24,120.995,131.2,164.555,136.11,145.97,132.08,141.165,118.6,145.325,90.17,80.49,56.15,44.8,48.555,54.485,58.215,47.05
2021-01-25 12:30,347.845,281.275,285.13,226.52,225.36,213.18,199.87,200.935,201.32,254.82,188.45,171.975,171.005,121.46,131.64,164.805,136.44,146.19,132.47,141.775,118.73,145.38,90.31,80.53,56.24,44.91,48.58,54.77,58.395,46.98
2021-01-25 12:35,347.69,281.38,285.055,226.3,224.81,213.34,199.42,201.33,201.07,254.84,188.56,171.98,170.835,121.245,131.41,164.78,136.5,146.175,132.72,141.605,118.78,145.57,90.22,80.58,56.29,44.85,48.63,54.76,58.325,47.06
2021-01-25 12:40,347.82,280.91,284.95,226.51,225.185,213.76,199.87,201.46,200.945,255.21,188.47,171.81,170.765,121.285,131.545,164.785,136.49,146.48,132.94,141.835,119.085,145.735,90.12,80.655,56.34,44.91,48.69,54.86,58.435,47.105
2021-01-25 12:45,348.13,280.22,284.665,226.66,225.39,213.88,200.09,201.51,201.04,255.38,188.42,171.73,171.25,121.34,131.515,165.37,136.74,146.22,132.895,142.235,118.95,145.65,89.985,80.69,56.31,44.95,48.735,54.95,58.445,47.09
2021-01-25 12:50,347.99,280.38,284.865,227.39,225.855,213.81,200.59,201.64,201.22,255.37,188.33,171.56,171.39,121.365,131.52,165.665,136.83,146.09,132.8,142.635,118.94,145.835,89.81,80.67,56.285,44.94,48.74,55.045,58.4,47.12
2021-01-25 12:55,347.89,281.14,284.64,227.63,226.25,213.825,200.83,201.705,201.4,255.55,188.26,171.575,171.5,121.5,131.7,165.35,136.7,146.23,132.65,142.475,119.05,145.735,89.88,80.56,56.265,44.96,48.735,55.005,58.375,47.18
2021-01-25 13:00,348.04,281.24,284.46,227.435,225.82,213.78,201.06,201.67,201.38,255.66,188.485,171.59,171.245,121.34,131.6,165.455,136.93,145.965,132.57,142.595,119.025,145.7,89.765,80.57,56.32,44.96,48.735,55.0,58.425,47.28
2021-01-25 13:05,347.51,280.67,284.355,227.82,225.875,213.57,200.655,201.3,201.38,255.785,188.41,171.635,171.04,121.225,131.525,165.335,136.695,145.8,132.515,142.74,118.92,145.59,89.61,80.68,56.33,44.92,48.705,54.9,58.455,47.19
2021-01-25 13:10,347.84,281.34,284.87,228.04,226.09,213.82,200.82,201.6,202.205,255.88,188.7,171.83,171.195,121.6,131.87,165.58,137.04,145.91,132.4,143.245,118.92,145.64,89.76,80.665,56.47,44.945,48.695,54.885,58.42,47.27
2021-01-25 13:15,347.585,281.38,285.045,227.9,225.805,213.93,200.88,201.41,202.29,256.03,188.76,171.8,171.13,121.63,131.77,165.56,136.74,146.02,132.465,142.905,118.99,145.89,89.91,80.61,56.53,44.955,48.71,54.865,58.44,47.32
2021-01-25 13:20,347.78,282.14,284.97,228.11,226.06,214.0,200.96,201.6,202.75,255.85,189.035,171.945,171.05,121.77,132.12,165.67,136.75,146.05,132.39,142.98,119.28,145.85,90.07,80.615,56.6,44.96,48.715,54.935,58.43,47.39
2021-01-25 13:25,347.9,282.225,284.65,228.32,225.925,213.78,200.84,201.61,202.58,256.05,189.11,171.925,171.135,122.05,132.08,165.525,136.745,146.14,132.39,142.995,119.465,145.765,90.04,80.6,56.61,44.93,48.73,54.945,58.415,47.4
2021-01-25 13:30,347.765,282.68,284.245,228.08,225.82,213.7,201.09,202.34,202.695,256.205,189.21,172.05,171.035,121.915,132.2,165.515,136.77,146.17,132.33,142.525,119.195,145.74,90.08,80.535,56.55,44.94,48.705,54.975,58.415,47.46
2021-01-25 13:35,347.365,282.94,284.055,228.345,225.94,213.7,201.43,202.44,202.7,256.56,189.025,172.08,171.035,122.04,132.385,165.475,136.84,146.175,132.41,142.65,119.095,145.88,90.14,80.565,56.61,44.965,48.745,55.015,58.425,47.38
2021-01-25 13:40,347.33,282.495,284.29,228.68,225.895,213.725,201.46,202.24,202.565,256.57,189.015,171.89,171.04,122.045,132.145,165.49,136.845,146.3,132.375,142.6,118.875,145.94,90.08,80.55,56.6,44.935,48.78,55.01,58.415,47.37
2021-01-25 13:45,346.815,282.105,284.83,228.71,226.1,213.6,201.14,202.205,202.69,256.755,188.705,171.87,170.87,121.945,132.09,165.46,136.98,146.21,132.35,142.94,118.585,145.86,90.04,80.475,56.495,44.91,48.77,55.08,58.43,47.29
2021-01-25 13:50,346.395,281.58,285.02,228.02,225.975,213.64,200.765,201.85,202.72,256.0,188.48,171.73,170.59,121.76,131.945,165.305,137.095,146.045,132.16,142.48,118.535,145.65,89.995,80.455,56.385,44.89,48.72,55.015,58.425,47.3
2021-01-25 13:55,346.41,282.2,284.97,228.67,226.34,213.49,201.09,202.005,202.82,255.985,188.545,171.92,170.785,121.765,132.29,165.33,137.155,146.1,132.255,142.67,118.68,145.81,90.08,80.5,56.45,44.935,48.765,55.17,58.445,47.38
2021-01-25 14:00,346.39,282.355,284.97,228.47,226.39,213.425,201.0,202.0,202.95,256.34,188.45,171.86,170.85,121.735,132.22,165.53,137.2,146.06,132.27,142.815,118.565,145.81,90.15,80.545,56.45,44.945,48.79,55.185,58.46,47.69
2021-01-25 14:05,346.03,282.54,284.595,228.47,226.255,213.21,200.82,201.95,202.57,256.075,188.46,171.55,170.65,121.685,132.13,165.58,137.25,145.85,132.22,142.265,118.58,145.875,90.28,80.525,56.47,44.93,48.795,55.14,58.465,47.565
2021-01-25 14:10,345.85,282.575,284.62,228.23,225.81,213.045,200.71,201.87,202.37,256.145,188.25,171.3,170.58,121.49,132.14,165.425,137.105,145.97,132.06,142.185,118.565,145.845,90.13,80.55,56.525,44.93,48.805,55.14,58.47,47.655
2021-01-25 14:15,345.45,282.145,284.37,228.43,225.56,213.0,200.91,201.545,202.39,256.16,188.145,171.2,170.59,121.185,132.125,165.53,137.09,146.01,132.06,142.38,118.545,145.86,90.07,80.775,56.51,44.94,48.78,55.15,58.505,47.58
2021-01-25 14:20,345.89,282.39,284.84,228.57,225.59,213.05,200.84,201.65,202.23,256.37,188.16,171.275,170.71,121.22,132.08,165.64,136.965,146.11,132.015,142.37,118.53,145.79,89.82,80.91,56.48,44.93,48.78,55.16,58.495,47.48
2021-01-25 14:25,346.08,282.55,284.98,228.86,225.61,213.05,200.875,201.86,202.38,256.2,188.47,171.27,170.895,121.175,132.14,165.69,136.82,146.08,132.07,142.58,118.71,146.01,89.995,80.905,56.6,44.935,48.77,55.16,58.55,47.61
2021-01-25 14:30,346.48,282.4,285.14,229.11,225.765,212.93,200.785,201.675,202.32,256.31,188.415,171.12,170.845,121.21,132.015,165.745,136.925,146.02,132.08,142.605,118.58,146.0,90.1,80.93,56.63,44.95,48.82,55.175,58.505,47.725
2021-01-25 14:35,346.595,281.92,284.98,228.77,225.62,212.85,200.63,201.59,201.98,256.235,188.17,170.98,170.975,121.08,131.9,165.79,136.84,145.95,132.06,142.54,118.635,146.04,90.18,80.99,56.6,44.95,48.785,55.155,58.545,47.815
2021-01-25 14:40,345.8,282.4,285.02,228.85,225.76,212.9,200.35,201.365,202.28,256.23,188.07,170.82,171.185,121.16,132.11,165.78,136.855,145.85,132.02,142.85,118.635,145.975,90.355,81.07,56.71,44.94,48.79,55.315,58.565,47.79
2021-01-25 14:45,345.795,281.77,284.99,228.45,225.565,212.935,200.38,201.37,202.3,256.215,188.225,170.755,171.245,121.23,132.095,165.53,136.94,145.91,132.05,142.935,118.385,146.11,90.455,80.99,56.755,44.94,48.755,55.36,58.585,47.85
2021-01-25 14:50,345.865,281.62,284.57,228.62,225.48,213.14,200.64,201.42,202.08,256.245,188.21,170.92,170.98,121.09,132.03,165.555,136.845,145.94,132.185,142.73,118.115,145.955,90.445,81.05,56.77,44.915,48.72,55.265,58.515,47.83
2021-01-25 14:55,345.835,281.585,284.86,228.6,225.525,213.18,200.5,201.43,202.37,256.06,187.99,170.76,170.96,121.12,132.01,165.465,137.075,145.93,132.12,142.7,118.24,146.01,90.39,81.02,56.73,44.89,48.705,55.22,58.42,47.83
2021-01-25 15:00,345.99,281.835,284.66,228.12,225.31,213.085,200.515,201.64,202.62,256.23,187.975,170.86,171.22,121.11,132.17,165.51,137.115,146.19,132.1,142.46,118.09,145.95,90.51,81.03,56.83,44.895,48.705,55.265,58.36,47.85
2021-01-25 15:05,346.18,282.185,284.71,228.02,225.35,213.06,200.95,201.72,202.37,256.04,187.83,170.49,171.39,121.215,132.185,165.335,137.15,146.14,132.165,142.47,118.125,146.015,90.485,80.985,56.86,44.885,48.75,55.305,58.355,47.83
2021-01-25 15:10,346.06,282.02,284.415,227.625,224.56,212.85,200.575,201.43,202.18,255.825,187.57,170.13,171.125,120.96,132.05,165.3,136.96,146.11,132.14,141.985,118.065,145.95,90.4,80.915,56.81,44.82,48.72,55.1,58.275,47.82
2021-01-25 15:15,346.4,282.19,284.75,228.06,225.22,213.015,200.745,201.78,202.235,256.055,187.4,170.21,171.22,120.67,132.19,165.29,137.17,146.09,132.15,142.39,118.17,145.99,90.59,80.91,56.845,44.825,48.76,55.095,58.295,47.84
2021-01-25 15:20,346.81,282.225,284.75,227.58,224.715,213.03,200.74,201.72,202.21,256.11,187.445,170.22,171.18,120.89,132.13,165.485,137.085,146.06,132.07,142.155,118.27,146.015,90.59,81.11,56.915,44.865,48.72,55.085,58.295,47.895
2021-01-25 15:25,347.03,282.6,284.87,227.55,224.645,213.185,200.67,201.665,201.97,256.42,187.525,169.88,171.24,121.035,132.195,165.365,137.115,146.16,132.075,142.07,118.34,146.015,90.54,80.955,56.85,44.88,48.765,55.04,58.3,47.83
2021-01-25 15:30,346.09,282.74,284.72,227.595,224.37,213.15,200.905,201.65,201.98,256.205,187.37,169.64,171.24,120.915,132.22,165.02,137.205,146.235,132.02,142.205,118.285,145.92,90.67,80.815,56.87,44.835,48.72,55.065,58.39,47.73
2021-01-25 15:35,346.16,282.88,284.25,228.02,224.56,213.12,200.835,201.71,202.15,256.05,187.685,169.62,171.35,120.89,132.14,165.185,137.325,146.18,132.095,142.27,118.345,145.81,90.6,80.835,57.02,44.86,48.69,55.16,58.395,47.68
2021-01-25 15:40,346.435,282.84,284.685,228.455,224.83,213.1,201.08,201.83,202.47,256.33,187.65,169.795,171.56,120.82,132.165,165.39,137.415,146.03,132.285,142.6,118.21,146.0,90.745,81.03,57.075,44.92,48.72,55.085,58.34,47.715
2021-01-25 15:45,346.795,282.905,284.71,228.72,225.13,213.11,201.0,201.64,202.49,256.615,187.75,169.82,171.92,120.98,132.205,165.74,137.33,146.17,132.325,142.64,118.205,146.05,90.785,80.975,57.125,44.91,48.735,55.115,58.335,47.73
2021-01-25 15:50,347.52,282.87,284.74,229.42,225.385,213.41,201.11,201.64,202.925,256.79,187.285,170.035,171.88,120.95,132.11,165.9,137.35,146.375,132.375,142.905,118.21,146.15,90.84,81.045,57.125,45.0,48.755,55.245,58.37,47.865
2021-01-25 15:55,347.95,283.07,285.05,229.455,225.99,213.27,201.0,201.96,203.39,257.06,187.255,170.545,171.97,121.19,132.13,165.935,137.51,146.35,132.2,142.94,118.63,146.23,90.94,81.15,57.24,45.045,48.785,55.445,58.405,47.785
2021-01-26 09:30,350.01,284.49,284.79,232.755,227.67,212.39,201.685,203.565,207.74,256.33,187.63,173.61,172.26,119.73,132.575,172.39,136.5,146.78,131.88,143.945,119.04,145.795,92.295,80.47,57.98,45.04,48.71,55.61,56.71,47.74
2021-01-26 09:35,349.08,284.34,284.18,231.05,227.2,213.47,202.085,203.74,207.22,256.06,187.58,174.95,172.165,118.06,132.65,172.53,136.94,147.01,132.58,143.8,119.1,146.165,92.41,80.25,57.9,45.2,48.87,55.43,57.0,47.73
2021-01-26 09:40,350.63,283.9,283.59,230.565,226.19,213.85,202.055,203.86,206.2,256.21,187.715,175.39,172.02,118.15,132.925,171.93,136.865,147.09,132.36,142.05,119.4,146.67,92.32,80.36,57.86,45.28,48.98,55.55,56.87,47.975
2021-01-26 09:45,350.14,283.96,283.66,230.88,226.51,213.49,202.55,204.47,205.82,256.38,187.56,175.33,171.54,118.21,132.825,171.98,136.54,146.81,132.085,142.675,119.1,146.415,92.07,80.47,57.55,45.255,48.9,55.58,56.89,48.08
2021-01-26 09:50,348.87,282.88,283.23,231.12,226.44,213.3,201.74,204.32,205.73,256.07,187.31,176.0,171.235,117.62,132.5,172.025,136.375,146.35,132.47,142.88,118.86,146.37,91.61,80.47,57.28,45.215,48.83,55.515,56.975,47.78
2021-01-26 09:55,348.79,283.125,281.865,231.975,226.37,212.96,202.315,204.315,204.7,255.65,187.525,175.13,171.47,117.32,132.55,171.445,136.51,146.23,132.91,143.055,118.54,146.67,91.42,80.42,57.395,45.21,48.88,55.53,56.98,47.83
2021-01-26 10:00,348.88,283.38,283.375,231.56,226.645,213.535,202.505,204.62,204.465,256.25,188.22,175.69,171.5,117.895,132.52,171.545,136.51,146.4,132.55,142.84,119.14,146.56,91.69,80.445,57.5,45.24,49.02,55.795,57.075,48.04
2021-01-26 10:05,348.68,283.62,282.65,231.64,225.89,213.305,202.13,204.4,204.625,256.22,188.1,175.39,171.55,118.45,132.45,170.62,136.08,146.32,132.34,142.565,119.28,146.495,91.74,80.4,57.32,45.29,48.99,55.955,57.03,47.89
2021-01-26 10:10,348.16,282.99,282.215,231.72,224.875,213.09,201.94,204.07,203.7,256.28,187.6,174.94,170.83,118.26,132.14,169.77,135.59,146.34,132.585,142.36,119.36,146.465,91.12,80.23,57.11,45.25,48.99,55.935,56.84,47.815
2021-01-26 10:15,347.72,282.6,282.47,231.98,225.18,213.16,202.245,204.13,203.525,255.69,187.85,175.04,171.03,117.935,132.125,170.49,135.96,146.55,132.53,141.94,119.25,146.55,91.06,80.375,57.23,45.145,49.0,55.85,56.745,47.9
2021-01-26 10:20,347.37,283.35,282.555,232.455,225.585,213.105,202.09,203.94,203.695,255.49,187.86,175.17,170.91,118.2,132.185,170.325,136.32,146.52,132.695,142.115,118.915,146.91,91.125,80.31,57.145,45.1,48.99,55.995,56.77,48.07
2021-01-26 10:25,347.4,283.455,283.17,233.08,225.86,212.825,202.3,204.16,203.45,255.57,187.85,175.52,171.185,118.29,132.53,170.51,136.29,146.59,132.805,142.21,118.855,147.165,91.34,80.48,57.3,45.11,48.995,55.835,56.66,48.22
2021-01-26 10:30,347.245,282.74,283.45,232.655,226.52,212.85,202.185,204.11,203.06,255.28,187.795,175.17,170.79,117.995,132.185,170.26,136.38,146.48,132.57,142.225,118.84,146.99,91.22,80.29,57.16,45.225,49.055,55.955,56.625,48.17
2021-01-26 10:35,346.92,282.385,283.795,233.135,226.31,213.025,201.96,204.25,203.16,255.185,188.69,175.17,170.29,117.905,132.25,170.78,136.12,146.41,132.745,142.44,118.91,147.245,91.135,80.255,57.28,45.17,49.08,55.87,56.72,48.09
2021-01-26 10:40,346.41,282.25,283.45,233.385,226.12,213.165,202.0,204.175,203.725,255.575,188.9,175.51,170.785,117.79,132.37,170.93,135.9,146.17,132.875,142.065,119.0,147.035,90.795,80.34,57.145,45.195,49.075,55.965,56.765,47.98
2021-01-26 10:45,346.795,282.495,283.43,234.055,226.515,213.63,202.09,204.07,204.1,255.83,188.91,175.275,170.53,117.78,132.5,171.03,136.165,146.61,132.815,142.505,119.26,146.92,90.87,80.24,57.08,45.165,49.065,56.15,56.765,47.96
2021-01-26 10:50,345.91,281.915,283.07,234.0,226.505,213.475,202.08,203.91,203.03,256.11,188.59,174.64,170.03,117.605,132.23,170.81,135.865,146.2,132.96,142.44,119.42,147.035,90.69,80.355,56.84,45.18,49.04,56.065,56.8,47.92
2021-01-26 10:55,345.9,281.55,282.84,233.63,227.095,213.3,201.665,203.83,202.66,256.1,188.2,175.37,169.88,117.33,131.86,170.89,135.835,146.14,132.43,142.65,119.43,146.705,90.525,80.43,56.76,45.155,49.025,55.99,56.705,47.96
2021-01-26 11:00,346.32,281.72,282.98,233.075,226.465,213.52,201.895,203.905,203.165,256.06,188.19,175.475,169.96,117.92,132.03,171.075,136.07,146.15,132.495,142.855,119.335,146.945,90.565,80.49,56.84,45.19,49.15,55.8,56.84,48.035
2021-01-26 11:05,345.42,281.17,282.91,232.38,225.59,213.355,201.48,203.455,202.755,256.0,187.94,175.17,169.755,118.18,131.97,170.81,135.92,145.97,132.48,142.64,119.095,146.805,90.27,80.355,56.67,45.15,49.04,55.64,56.835,48.01
2021-01-26 11:10,345.7,281.32,283.04,231.77,225.47,213.4,201.56,203.33,203.16,255.63,188.1,175.44,170.04,117.94,132.16,170.79,135.98,146.1,132.49,142.26,119.03,146.97,90.315,80.47,56.715,45.155,49.005,55.63,56.71,48.04
2021-01-26 11:15,345.54,281.16,283.57,232.32,225.715,213.65,201.88,203.43,203.25,255.755,188.34,175.475,170.35,117.91,132.0,170.905,136.29,145.93,132.46,142.55,119.285,147.06,90.24,80.59,56.825,45.085,49.04,55.585,56.725,48.09
2021-01-26 11:20,345.51,281.515,283.6,232.025,225.59,213.82,201.54,203.7,203.37,256.235,188.395,175.765,170.165,118.12,132.21,170.945,136.32,146.06,132.5,142.355,119.285,147.0,90.51,80.595,56.9,45.15,49.12,55.56,56.755,48.08
2021-01-26 11:25,346.055,282.36,283.465,231.545,225.25,213.98,201.705,203.5,203.4,256.245,188.61,175.7,170.09,118.26,132.46,170.8,136.1,146.15,132.575,142.325,119.405,146.995,90.48,80.62,56.93,45.15,49.13,55.43,56.705,47.91
2021-01-26 11:30,346.8,282.31,282.95,231.675,225.345,213.89,201.525,203.34,203.82,255.735,188.605,175.64,170.31,118.325,132.38,171.05,135.95,145.86,132.515,142.39,119.605,146.885,90.355,80.535,56.75,45.175,49.105,55.47,56.675,48.02
2021-01-26 11:35,346.705,281.7,283.34,231.715,225.105,214.065,201.59,203.15,203.54,255.365,188.0,175.735,170.59,118.34,132.27,171.05,135.705,145.93,132.665,142.26,119.61,146.945,90.34,80.52,56.59,45.175,49.04,55.565,56.69,48.17
2021-01-26 11:40,347.215,281.42,283.62,231.48,225.09,214.145,201.7,203.08,203.1,255.565,187.94,175.71,170.425,118.65,132.19,171.1,135.76,145.64,132.76,142.025,119.37,147.15,90.15,80.56,56.48,45.125,49.115,55.58,56.66,48.21
2021-01-26 11:45,347.25,280.87,283.15,231.67,224.805,214.175,201.82,203.04,202.52,255.38,187.545,175.46,170.48,118.27,132.025,170.86,135.77,145.6,132.915,141.995,119.17,147.07,90.14,80.575,56.37,45.105,49.145,55.51,56.65,48.105
2021-01-26 11:50,346.83,280.815,283.14,231.46,224.91,214.34,202.025,203.03,202.33,255.63,187.38,175.215,170.35,118.44,132.04,171.095,135.72,145.43,132.93,142.04,119.21,147.015,90.03,80.635,56.28,45.055,49.135,55.46,56.665,48.165
2021-01-26 11:55,346.735,280.41,282.97,231.4,224.645,214.535,201.76,203.045,202.53,255.965,187.28,175.325,170.425,118.37,132.06,171.145,135.635,145.71,132.805,141.92,119.57,147.13,90.135,80.53,56.305,45.08,49.185,55.52,56.675,48.235
2021-01-26 12:00,347.12,280.34,283.3,232.35,225.03,214.77,202.33,203.32,202.58,256.105,187.45,175.44,170.775,118.345,131.985,171.19,136.06,145.53,132.83,142.14,119.475,147.04,90.155,80.5,56.4,45.08,49.205,55.51,56.68,48.15
2021-01-26 12:05,347.04,280.73,283.37,232.77,225.35,214.88,202.37,202.99,202.52,256.07,187.14,175.25,170.795,118.2,132.02,170.195,136.105,145.34,132.56,142.175,119.44,147.03,90.04,80.34,56.37,45.075,49.085,55.43,56.625,48.175
2021-01-26 12:10,346.61,280.58,283.235,232.68,225.79,214.53,202.39,202.88,202.69,256.43,187.31,175.395,170.9,117.44,132.035,169.79,136.04,145.215,132.55,142.235,119.33,147.185,89.875,80.28,56.345,45.075,49.125,55.425,56.56,48.2
2021-01-26 12:15,346.99,280.175,283.215,232.67,225.6,214.625,202.385,202.75,202.18,256.48,186.98,175.445,170.77,117.55,132.05,170.3,136.0,145.37,132.715,142.335,119.62,147.415,89.675,80.36,56.235,45.085,49.135,55.34,56.58,48.265
2021-01-26 12:20,347.43,280.495,282.825,232.45,225.48,214.59,202.535,202.675,202.41,256.63,186.975,175.415,170.74,117.415,132.21,170.96,136.1,145.31,132.835,142.15,119.57,147.525,89.77,80.41,56.185,45.11,49.19,55.29,56.595,48.275
2021-01-26 12:25,347.65,280.415,282.865,232.61,225.76,214.72,202.65,202.735,203.02,256.695,187.06,175.79,170.63,117.54,132.325,171.25,136.175,145.375,132.72,142.405,119.47,147.495,89.975,80.48,56.26,45.065,49.15,55.39,56.6,48.26
2021-01-26 12:30,347.41,280.7,283.36,232.495,225.41,214.605,202.56,202.79,202.94,256.78,187.13,175.83,170.47,117.54,132.43,171.25,136.07,145.45,132.71,142.36,119.415,147.38,89.96,80.48,56.38,45.085,49.145,55.37,56.62,48.38
2021-01-26 12:35,347.095,281.115,283.235,232.155,225.62,214.26,202.66,203.03,203.21,256.895,187.29,176.0,170.59,117.5,132.4,170.71,136.04,145.49,132.79,142.22,119.495,147.42,89.91,80.31,56.445,45.055,49.14,55.335,56.625,48.37
2021-01-26 12:40,346.69,280.695,283.205,232.195,225.615,214.15,202.86,202.95,202.89,256.79,187.08,175.705,170.625,117.17,132.335,170.72,135.745,145.42,132.765,142.055,119.34,147.32,89.805,80.285,56.435,45.06,49.13,55.27,56.515,48.31
2021-01-26 12:45,347.125,280.84,283.2,232.575,225.54,214.055,202.43,202.78,202.8,256.37,186.98,175.62,170.53,116.83,132.43,170.695,135.47,145.3,132.57,142.25,119.305,147.31,89.735,80.29,56.4,45.065,49.115,55.275,56.485,48.315
2021-01-26 12:50,347.095,281.41,283.32,232.37,225.845,214.08,202.595,202.885,202.855,256.565,187.44,175.585,170.6,117.015,132.47,170.62,135.62,145.38,132.675,142.165,119.43,147.45,89.81,80.38,56.6,45.065,49.13,55.295,56.53,48.62
2021-01-26 12:55,346.57,281.415,283.15,232.055,225.64,214.04,202.365,203.055,202.65,256.61,187.3,175.46,170.47,116.79,132.555,170.48,135.48,145.4,132.71,142.18,119.48,147.49,89.83,80.43,56.62,45.09,49.13,55.295,56.51,48.63
2021-01-26 13:00,346.56,281.33,283.29,231.795,225.705,214.16,202.715,203.0,202.9,256.84,187.6,176.11,170.39,116.94,132.615,170.03,135.34,145.38,132.65,142.095,119.69,147.585,89.9,80.405,56.67,45.105,49.125,55.28,56.52,48.59
2021-01-26 13:05,345.94,281.43,283.28,232.3,225.685,214.28,202.55,202.895,202.98,256.99,187.785,176.34,170.35,116.925,132.505,170.16,135.43,145.545,132.61,142.225,119.775,147.755,90.04,80.505,56.68,45.095,49.125,55.29,56.525,48.73
2021-01-26 13:10,346.51,282.09,283.08,232.445,225.71,214.325,202.9,203.005,203.415,257.235,187.675,176.51,170.4,116.89,132.48,170.44,135.34,145.58,132.61,142.37,119.915,147.72,89.955,80.545,56.65,45.1,49.15,55.4,56.465,48.745
2021-01-26 13:15,345.995,282.42,282.85,232.72,225.865,214.34,202.855,203.09,203.44,256.88,187.715,176.29,170.31,116.805,132.51,170.55,135.31,145.44,132.66,142.5,120.03,147.68,89.96,80.535,56.64,45.125,49.16,55.47,56.45,48.775
2021-01-26 13:20,345.66,282.345,282.88,232.725,225.95,214.28,202.545,203.0,203.28,256.955,187.815,176.14,170.16,116.83,132.45,170.08,135.36,145.4,132.58,142.41,120.185,147.615,89.93,80.545,56.595,45.105,49.16,55.595,56.485,48.81
2021-01-26 13:25,345.455,282.88,283.025,232.925,225.79,214.275,202.57,203.06,203.22,256.96,187.86,176.02,170.18,116.84,132.52,169.965,135.39,145.43,132.51,142.505,120.24,147.51,89.88,80.375,56.53,45.095,49.15,55.54,56.46,48.73
2021-01-26 13:30,345.86,282.61,282.92,233.17,225.775,214.67,202.66,203.07,203.045,257.16,187.725,175.83,170.39,116.585,132.54,170.27,135.56,145.38,132.74,142.7,120.34,147.47,89.865,80.415,56.49,45.09,49.19,55.585,56.44,48.675
2021-01-26 13:35,346.14,282.61,282.73,233.36,225.76,214.49,202.805,202.93,203.1,257.18,187.47,175.775,170.16,116.84,132.44,170.13,135.665,145.25,132.795,142.87,120.55,147.415,89.775,80.27,56.445,45.075,49.18,55.56,56.46,48.635
2021-01-26 13:40,346.11,282.985,282.69,233.23,225.84,214.54,202.85,203.12,203.145,257.285,187.405,176.45,170.07,116.79,132.5,170.275,135.59,145.4,132.785,143.13,120.68,147.44,89.715,80.31,56.32,45.075,49.125,55.57,56.49,48.595
2021-01-26 13:45,346.07,283.145,282.535,233.58,225.965,214.6,202.7,203.02,202.89,257.45,187.29,176.36,169.985,116.7,132.47,170.46,135.485,145.24,132.77,143.06,120.875,147.44,89.82,80.335,56.285,45.07,49.09,55.55,56.485,48.54
2021-01-26 13:50,346.24,283.17,282.59,233.335,226.055,214.55,202.905,203.045,202.905,257.34,187.25,176.265,169.955,116.99,132.49,170.48,135.625,145.05,132.76,142.9,121.2,147.455,89.71,80.41,56.39,45.055,49.145,55.48,56.475,48.56
2021-01-26 13:55,346.12,283.05,282.415,233.17,225.91,214.53,202.95,202.815,202.65,257.31,187.145,176.29,169.91,117.29,132.465,170.37,135.575,144.93,132.83,142.935,121.72,147.47,89.775,80.355,56.305,45.11,49.155,55.475,56.53,48.58
2021-01-26 14:00,345.81,283.57,281.97,233.385,225.965,214.505,203.01,202.98,202.7,257.14,187.38,176.62,169.95,117.07,132.6,170.5,135.635,144.715,132.84,143.015,121.96,147.535,89.855,80.48,56.34,45.15,49.215,55.51,56.575,48.61
2021-01-26 14:05,345.64,283.89,282.08,232.98,226.005,214.42,203.1,202.985,202.715,257.41,187.305,176.24,169.88,116.97,132.495,170.8,135.59,144.71,132.95,143.115,121.42,147.525,89.865,80.53,56.34,45.155,49.2,55.355,56.505,48.67
2021-01-26 14:10,345.36,284.13,282.22,233.33,226.255,214.45,203.085,203.13,202.91,257.535,187.54,176.395,169.84,116.92,132.54,170.825,135.58,144.685,133.06,143.335,121.575,147.545,89.835,80.5,56.315,45.18,49.185,55.36,56.515,48.67
2021-01-26 14:15,345.09,284.3,282.2,233.19,226.19,214.595,203.02,203.17,202.835,257.59,187.58,176.475,169.73,116.75,132.55,170.87,135.545,144.535,133.19,143.135,121.55,147.59,89.77,80.51,56.26,45.195,49.19,55.355,56.505,48.63
2021-01-26 14:20,344.88,284.03,282.08,233.1,226.34,214.58,203.055,203.24,202.86,257.54,187.41,176.165,169.8,116.74,132.51,170.505,135.575,144.56,133.155,143.08,121.33,147.69,89.69,80.5,56.22,45.2,49.195,55.285,56.485,48.475
2021-01-26 14:25,344.855,283.5,282.72,232.935,225.965,214.515,202.95,203.18,202.67,257.13,187.325,176.02,170.02,116.655,132.48,170.355,135.465,144.32,133.19,142.97,121.27,147.66,89.62,80.38,56.2,45.16,49.17,55.165,56.445,48.555
2021-01-26 14:30,344.83,283.91,282.44,233.09,226.06,214.665,203.09,203.33,202.71,257.295,187.45,175.92,170.045,116.76,132.455,170.245,135.51,144.14,133.02,143.05,121.355,147.655,89.665,80.37,56.175,45.21,49.18,55.225,56.455,48.68
2021-01-26 14:35,344.72,284.0,282.02,233.07,226.18,214.9,203.07,203.21,203.44,257.405,187.54,175.84,170.14,116.905,132.52,170.185,135.545,144.25,132.92,142.91,121.51,147.51,89.69,80.355,56.14,45.22,49.2,55.21,56.435,48.615
2021-01-26 14:40,344.58,283.965,282.04,232.99,226.195,214.88,203.0,203.345,203.11,257.34,187.4,175.68,170.63,116.785,132.47,170.205,135.34,144.2,132.91,143.02,121.625,147.615,89.64,80.335,56.14,45.205,49.2,55.19,56.435,48.575
2021-01-26 14:45,343.86,283.915,281.92,233.3,226.305,214.795,203.0,203.065,203.12,257.29,187.195,175.48,169.86,116.65,132.5,170.035,135.21,144.325,132.84,142.87,121.785,147.5,89.48,80.29,56.125,45.205,49.18,55.205,56.445,48.57
2021-01-26 14:50,343.985,283.96,281.99,233.42,226.17,214.885,203.17,202.86,202.9,257.5,187.195,175.35,169.745,116.735,132.52,170.16,135.21,144.3,132.91,142.81,121.76,147.58,89.38,80.36,56.14,45.205,49.205,55.135,56.485,48.6
2021-01-26 14:55,343.88,284.44,282.275,233.5,226.295,215.28,203.255,202.89,203.225,257.77,187.28,175.625,169.625,117.16,132.63,170.49,135.43,144.46,133.035,142.92,121.93,147.575,89.505,80.37,56.295,45.245,49.225,55.195,56.53,48.72
2021-01-26 15:00,343.895,283.635,282.265,233.145,226.23,215.375,203.34,202.84,202.96,257.63,187.45,175.86,169.44,117.155,132.44,170.03,135.43,144.635,132.92,142.86,121.84,147.57,89.52,80.41,56.33,45.245,49.245,55.205,56.615,48.83
2021-01-26 15:05,343.92,283.775,282.7,233.255,226.14,215.36,203.41,202.74,202.865,257.73,187.43,175.845,169.355,117.18,132.4,170.18,135.285,144.605,132.955,143.0,121.71,147.6,89.505,80.44,56.285,45.26,49.25,55.28,56.55,48.81
2021-01-26 15:10,343.99,283.875,282.805,233.77,226.385,215.22,203.08,202.64,203.14,257.955,187.385,176.09,169.7,116.77,132.35,169.98,135.205,144.685,133.09,142.93,121.74,147.69,89.39,80.39,56.26,45.265,49.225,55.325,56.605,48.855
2021-01-26 15:15,343.86,283.92,282.72,233.815,226.35,215.26,203.04,202.4,203.08,257.97,187.2,176.02,169.8,116.88,132.355,169.91,135.1,144.645,133.21,142.91,121.915,147.74,89.475,80.35,56.185,45.29,49.325,55.425,56.74,48.895
2021-01-26 15:20,344.275,284.15,283.045,233.85,226.145,215.255,202.98,202.33,202.82,258.03,187.015,176.285,169.785,116.95,132.39,170.34,135.0,144.665,133.2,142.95,122.1,147.74,89.635,80.38,56.165,45.33,49.325,55.475,56.735,48.895
2021-01-26 15:25,344.085,284.11,283.13,233.64,226.33,215.29,202.83,202.28,203.09,258.05,187.02,176.44,169.725,116.97,132.36,170.35,135.15,144.77,133.45,143.1,122.17,147.77,89.7,80.335,56.13,45.35,49.385,55.44,56.68,48.965
2021-01-26 15:30,343.49,283.26,283.385,232.915,226.32,215.1,202.585,201.99,202.885,258.09,187.18,175.935,169.47,116.56,132.25,170.06,134.87,144.675,133.39,143.08,122.28,147.68,89.54,80.25,56.025,45.285,49.385,55.26,56.74,49.085
2021-01-26 15:35,343.195,282.67,282.93,232.505,226.31,214.995,202.69,201.76,202.645,258.495,187.345,175.355,169.35,116.27,131.94,170.185,134.82,144.555,133.16,142.94,122.39,147.67,89.46,80.28,55.87,45.295,49.335,55.205,56.75,48.97
2021-01-26 15:40,343.57,281.97,283.385,232.745,226.37,215.385,202.53,201.915,202.71,258.56,187.65,175.595,169.445,116.215,131.83,170.085,135.05,144.4,133.34,143.21,122.36,147.72,89.42,80.275,56.0,45.315,49.305,55.135,56.695,49.1
2021-01-26 15:45,343.1,282.155,282.58,232.71,226.41,215.115,202.3,201.8,202.63,258.585,187.34,175.845,169.41,116.24,131.84,170.08,134.725,144.21,133.105,143.095,122.27,147.61,89.575,80.215,55.95,45.235,49.285,55.215,56.61,49.055
2021-01-26 15:50,343.24,282.295,282.52,231.82,226.33,215.36,202.14,201.53,202.26,258.47,187.42,176.16,169.11,116.05,131.6,170.435,134.93,144.07,133.24,143.07,122.335,147.585,89.475,80.235,55.855,45.265,49.275,55.115,56.575,49.25
2021-01-26 15:55,342.9,281.83,282.65,232.525,226.37,215.4,202.08,200.98,202.08,258.71,187.28,175.93,169.73,116.15,131.56,170.52,135.12,143.77,133.145,143.25,122.56,147.605,89.37,80.29,55.75,45.26,49.305,55.205,56.575,49.15
2021-01-27 09:30,335.42,273.79,280.39,235.3,222.99,212.03,197.24,198.9,195.64,258.23,182.81,178.89,163.73,114.525,128.55,168.735,131.99,142.35,132.69,142.5,123.125,147.435,87.95,79.61,53.72,45.3,49.045,53.995,56.39,53.26
2021-01-27 09:35,332.165,272.97,278.55,234.04,222.17,211.73,196.295,198.31,193.82,258.55,181.54,179.81,162.76,114.195,128.35,169.55,131.78,143.04,133.06,142.22,123.02,147.57,87.78,79.44,53.77,45.46,49.28,54.035,56.66,54.22
2021-01-27 09:40,331.59,272.22,276.925,232.99,222.03,210.47,195.705,196.85,193.83,258.485,179.76,180.01,161.505,113.06,127.69,168.6,131.2,142.32,132.39,142.725,122.36,147.18,87.09,78.855,53.37,45.325,49.02,54.04,56.65,54.035
2021-01-27 09:45,331.06,273.07,277.85,232.215,224.65,210.51,195.905,197.27,192.66,257.98,180.225,181.82,161.595,112.58,127.76,169.15,131.285,142.79,132.18,142.25,122.54,147.2,86.805,78.63,53.03,45.23,48.9,53.92,56.695,53.54
2021-01-27 09:50,329.39,272.57,278.13,232.89,224.36,210.8,196.4,197.28,193.06,258.28,179.66,182.42,161.8,112.36,127.8,169.27,131.13,143.06,132.445,141.925,122.52,147.37,87.23,78.66,52.72,45.265,49.02,53.92,56.74,53.15
2021-01-27 09:55,332.83,272.74,278.03,235.87,224.935,210.19,196.365,197.6,192.89,256.69,180.29,180.57,161.33,112.715,128.225,169.575,131.53,143.49,132.19,142.785,122.415,146.155,87.71,78.52,53.465,45.36,48.725,54.07,56.635,52.255
2021-01-27 10:00,334.81,273.395,279.86,238.8,225.6,209.82,196.535,197.72,193.55,255.15,181.11,180.31,161.96,113.06,128.56,169.8,131.99,143.03,131.935,143.89,122.47,146.47,87.71,78.545,53.67,45.445,48.705,54.265,56.6,51.78
2021-01-27 10:05,334.945,273.59,278.195,238.98,226.41,209.65,196.71,198.05,193.605,254.66,181.915,180.07,162.2,113.45,128.39,170.36,131.78,143.0,132.13,143.73,122.49,146.48,87.84,78.71,53.37,45.66,48.575,54.135,56.32,51.915
2021-01-27 10:10,334.13,273.23,277.8,239.96,225.9,210.08,197.41,198.55,194.54,254.13,182.74,180.7,162.33,114.23,128.105,170.16,131.58,142.51,131.96,143.135,122.47,146.05,87.62,78.515,53.475,45.575,48.495,53.945,56.325,51.41
2021-01-27 10:15,334.33,274.08,277.4,238.26,224.84,209.89,197.23,198.86,195.89,254.39,183.13,180.38,161.94,114.33,128.47,170.13,131.14,142.62,131.79,143.51,123.055,145.96,87.97,78.505,53.85,45.595,48.515,53.885,56.18,51.725
2021-01-27 10:20,333.5,274.4,278.005,239.02,226.22,210.24,197.63,199.57,195.85,254.555,183.27,181.58,163.46,114.52,128.575,170.45,131.54,142.78,131.85,143.89,123.06,146.32,88.33,78.6,54.09,45.73,48.555,53.995,56.16,51.93
2021-01-27 10:25,332.76,274.06,277.41,239.09,226.095,210.63,198.48,199.85,195.94,254.12,183.33,182.47,163.54,115.075,128.855,170.41,132.43,142.75,131.88,143.5,123.0,146.23,88.19,78.695,54.35,45.775,48.59,54.06,56.14,51.9
2021-01-27 10:30,332.85,274.525,276.86,238.39,226.18,210.07,197.86,200.41,196.3,254.125,183.44,182.93,162.74,115.24,129.11,170.055,131.775,142.34,131.55,143.265,122.755,145.81,88.51,78.44,54.565,45.795,48.525,53.925,56.11,51.73
2021-01-27 10:35,332.78,274.04,277.48,238.9,226.4,210.0,197.97,199.75,195.59,254.04,182.49,182.71,162.26,115.37,128.57,170.02,131.845,142.21,131.69,143.15,122.58,145.72,88.53,78.515,54.12,45.78,48.58,53.765,56.15,51.85
2021-01-27 10:40,334.01,274.62,278.27,238.85,226.64,210.295,198.02,199.73,195.52,254.015,183.28,182.71,163.145,115.31,128.51,170.025,132.17,142.31,132.29,143.37,122.54,146.04,88.92,78.73,54.265,45.735,48.685,54.015,56.22,51.53
2021-01-27 10:45,333.02,275.96,278.17,239.96,227.035,210.455,197.975,199.8,195.6,254.38,183.69,183.485,163.025,115.24,128.285,170.095,132.33,142.05,132.28,143.525,122.56,146.35,88.535,78.675,54.305,45.665,48.705,54.065,56.25,51.58
2021-01-27 10:50,333.59,276.33,278.15,240.41,227.28,210.65,197.46,199.25,195.39,254.56,183.93,183.175,163.71,115.305,128.7,170.08,132.355,141.83,132.9,143.51,122.39,146.27,88.32,78.67,54.34,45.555,48.665,54.045,56.215,51.46
2021-01-27 10:55,334.4,276.79,278.38,238.655,226.565,210.72,197.575,199.49,196.85,255.25,184.9,183.37,164.06,115.6,128.9,170.19,132.54,142.12,132.84,143.3,122.51,146.34,88.55,78.8,54.57,45.575,48.685,54.075,56.12,51.385
2021-01-27 11:00,334.32,276.43,278.76,238.88,226.435,210.505,197.195,199.39,199.37,254.75,184.53,183.42,164.23,115.3,128.99,169.59,132.45,141.97,132.595,143.22,122.41,146.29,88.85,78.75,54.59,45.54,48.645,54.19,56.09,51.415
2021-01-27 11:05,334.17,276.47,277.885,239.14,226.16,209.96,196.86,198.995,198.01,255.02,184.16,183.59,163.685,115.25,128.675,169.52,132.14,141.92,132.39,143.11,122.65,145.815,88.93,78.685,54.55,45.41,48.695,54.295,56.12,51.39
2021-01-27 11:10,332.91,276.62,278.43,238.75,225.69,209.98,196.8,198.85,196.57,255.63,183.865,183.5,163.89,115.16,128.69,169.55,131.91,141.82,132.38,143.125,122.73,145.76,89.05,78.63,54.52,45.445,48.615,54.355,56.045,51.295
2021-01-27 11:15,333.08,276.005,278.71,237.625,225.25,209.71,196.335,198.49,195.79,255.93,183.78,183.3,163.08,115.07,128.7,169.645,131.91,141.75,132.34,142.9,122.535,145.945,88.96,78.72,54.495,45.495,48.595,54.33,56.105,51.28
2021-01-27 11:20,333.06,275.92,278.37,237.41,225.42,209.865,196.56,198.94,196.43,256.8,184.33,183.76,162.84,115.28,128.565,170.27,132.29,142.16,132.805,142.85,122.57,146.06,89.2,78.79,54.785,45.56,48.65,54.155,56.13,51.23
2021-01-27 11:25,334.59,275.96,278.0,236.19,225.78,209.835,196.26,199.11,197.18,256.87,184.125,184.06,162.945,115.26,128.97,169.425,132.265,142.39,132.67,142.57,122.81,146.02,89.49,78.68,54.79,45.57,48.72,54.195,56.115,51.1
2021-01-27 11:30,334.39,275.72,278.15,234.92,224.96,209.72,196.25,199.135,197.02,256.8,184.29,184.08,162.22,115.18,128.68,169.5,132.025,141.995,132.21,141.975,122.73,145.96,89.545,78.71,54.725,45.555,48.665,54.235,56.055,51.09
2021-01-27 11:35,334.34,276.32,278.4,235.43,225.62,209.95,196.46,199.28,197.26,256.61,183.82,184.305,163.56,115.38,128.84,169.25,132.4,142.27,132.195,142.72,122.94,145.38,89.485,78.59,54.695,45.76,48.64,54.315,55.885,51.06
2021-01-27 11:40,335.47,276.15,278.25,234.775,225.46,210.03,195.92,199.31,197.47,256.11,183.5,184.085,163.71,115.36,128.47,169.49,132.41,141.98,132.1,142.32,123.07,145.26,89.48,78.58,54.705,45.875,48.6,54.28,55.83,50.88
2021-01-27 11:45,334.69,276.01,277.76,234.93,225.32,209.73,195.96,199.015,196.51,255.45,182.89,184.0,163.65,115.49,128.43,169.32,131.935,141.78,131.635,142.065,123.15,145.415,89.59,78.5,54.48,46.105,48.54,54.29,55.83,50.7
2021-01-27 11:50,333.48,275.81,277.385,234.805,225.44,209.76,195.9,198.985,196.25,254.84,182.88,184.08,163.525,115.16,128.345,169.39,131.87,141.27,131.29,142.355,123.72,145.21,89.37,78.415,54.4,46.15,48.54,54.285,55.64,50.84
2021-01-27 11:55,332.74,275.01,276.7,234.945,225.16,209.56,195.685,198.635,195.435,253.92,182.94,184.285,163.105,115.115,128.32,169.16,131.62,141.195,131.27,141.85,124.08,144.96,89.385,78.28,54.33,46.28,48.5,54.305,55.55,50.855
2021-01-27 12:00,333.06,274.905,276.27,234.36,225.055,209.335,195.375,198.58,195.8,254.35,182.97,183.985,162.99,115.02,128.125,169.005,131.33,140.88,131.06,141.85,123.76,144.92,89.54,78.14,54.395,46.305,48.555,54.285,55.57,50.695
2021-01-27 12:05,333.4,276.02,276.55,235.575,225.705,209.175,195.47,199.46,196.43,254.2,183.06,184.8,162.985,115.55,128.55,169.24,131.52,141.54,130.945,142.33,123.92,144.775,90.12,78.165,54.635,46.25,48.635,54.405,55.485,50.78
2021-01-27 12:10,334.28,276.96,276.25,236.64,226.42,209.02,195.875,199.93,197.12,254.67,183.82,184.93,163.5,116.12,128.495,169.14,131.67,141.47,131.15,142.79,124.095,144.765,90.2,78.155,54.89,46.315,48.62,54.605,55.485,50.9
2021-01-27 12:15,334.225,277.11,276.115,236.39,227.19,208.8,195.865,200.22,197.28,255.49,183.75,185.6,163.605,116.27,128.49,169.0,131.98,141.46,131.17,143.14,124.15,144.9,90.19,78.085,54.965,46.41,48.65,54.675,55.42,50.77
2021-01-27 12:20,333.665,276.775,275.88,236.95,227.81,208.88,196.55,199.94,196.49,255.4,183.36,185.8,163.64,116.265,128.3,168.83,132.015,141.45,131.17,143.215,123.92,145.085,90.105,78.04,54.84,46.355,48.67,54.625,55.46,50.6
2021-01-27 12:25,333.81,276.25,276.28,236.92,227.08,208.96,196.55,199.88,195.88,255.5,183.84,185.49,163.53,116.145,128.12,169.09,132.09,141.11,131.245,143.315,124.03,145.085,90.04,78.11,54.86,46.36,48.655,54.57,55.48,50.59
2021-01-27 12:30,333.51,276.22,276.545,236.53,226.6,209.08,196.405,199.575,195.76,254.95,183.74,185.39,163.22,115.85,127.92,169.065,132.21,140.92,130.85,143.015,123.81,145.17,89.77,78.23,54.78,46.255,48.625,54.435,55.415,50.59
2021-01-27 12:35,333.81,276.51,276.7,236.64,226.97,209.455,197.075,199.765,195.54,254.68,184.6,186.0,163.62,115.655,127.91,169.01,132.26,141.25,130.63,143.06,123.865,145.28,89.77,78.145,54.935,46.255,48.63,54.45,55.405,50.64
2021-01-27 12:40,334.07,276.96,276.77,237.48,227.255,209.67,197.43,199.9,195.85,255.21,184.26,186.16,164.12,116.16,128.055,168.875,132.14,141.35,130.82,143.265,123.94,145.21,89.905,78.07,54.945,46.38,48.685,54.56,55.495,50.625
2021-01-27 12:45,333.93,276.69,277.16,237.26,227.395,209.88,198.22,199.87,195.74,254.915,184.41,186.06,164.17,116.37,128.42,169.02,132.405,141.47,130.815,143.0,123.99,145.3,89.95,78.1,54.94,46.325,48.7,54.55,55.47,50.65
2021-01-27 12:50,333.58,276.85,277.18,237.54,227.455,209.755,198.02,199.695,195.83,254.905,183.98,186.54,164.42,116.53,128.41,168.695,132.32,141.695,130.59,143.14,123.915,145.225,89.95,77.905,54.86,46.29,48.66,54.685,55.425,50.58
2021-01-27 12:55,333.92,275.68,277.675,237.55,227.485,210.13,197.975,199.73,195.87,255.24,184.05,186.55,164.44,116.5,128.32,169.075,132.51,141.585,130.665,143.33,123.94,145.22,90.155,78.13,54.885,46.29,48.74,54.695,55.645,50.59
2021-01-27 13:00,334.0,276.105,277.43,237.015,227.485,209.99,197.94,199.725,195.56,254.94,184.37,186.56,164.245,116.765,128.49,168.99,132.45,141.615,130.615,143.4,123.93,145.05,89.92,78.13,54.875,46.26,48.77,54.665,55.59,50.51
2021-01-27 13:05,334.17,275.92,277.37,236.145,227.255,209.84,197.825,199.695,195.145,254.93,184.19,186.6,164.06,116.65,128.48,169.185,132.45,141.5,130.575,143.23,124.085,145.065,89.82,78.13,54.875,46.225,48.82,54.695,55.64,50.74
2021-01-27 13:10,334.19,275.24,277.03,235.61,226.985,209.735,197.775,199.72,194.81,254.985,183.885,186.41,164.19,116.4,128.18,169.035,132.09,141.37,130.325,142.99,124.21,145.07,89.745,78.13,54.81,46.18,48.735,54.725,55.51,50.76
2021-01-27 13:15,334.65,275.655,277.165,235.68,227.01,209.705,198.03,199.82,194.85,254.79,184.44,186.82,164.265,116.19,128.455,168.735,131.99,141.14,130.205,143.135,124.56,145.15,89.88,78.045,54.93,46.215,48.735,54.725,55.535,50.85
2021-01-27 13:20,334.435,276.17,277.11,235.32,227.15,209.735,197.72,199.98,194.74,254.35,184.7,187.03,164.495,116.14,128.56,168.43,132.22,141.07,130.11,143.09,124.53,145.075,89.865,77.875,54.87,46.105,48.71,54.665,55.5,50.795
2021-01-27 13:25,335.16,276.55,277.15,235.98,227.27,209.9,197.89,200.255,194.77,254.5,184.46,187.02,164.655,116.11,128.575,168.51,131.99,141.23,130.11,143.27,124.64,145.05,90.055,77.875,54.98,46.2,48.725,54.82,55.59,50.98
2021-01-27 13:30,335.01,276.7,276.92,235.91,227.115,210.27,197.86,200.24,195.05,254.15,184.56,186.875,164.71,116.11,128.585,168.47,131.88,141.23,129.84,143.245,124.61,144.895,89.93,77.815,54.93,46.16,48.665,54.645,55.745,51.015
2021-01-27 13:35,335.68,277.11,277.22,235.2,226.88,210.38,197.77,199.8,194.62,254.43,184.38,186.43,165.085,115.765,128.535,168.42,132.0,141.2,129.97,143.2,124.485,144.79,89.76,77.785,54.87,46.125,48.64,54.65,55.615,51.01
2021-01-27 13:40,335.555,276.51,277.24,234.43,226.31,210.35,197.87,199.59,194.36,253.875,184.36,185.76,165.355,115.49,128.36,168.575,131.88,141.06,129.93,143.11,124.205,144.765,89.59,77.855,54.74,45.98,48.6,54.46,55.65,50.995
2021-01-27 13:45,334.82,276.145,277.04,234.505,226.645,210.35,197.76,199.565,194.44,253.74,183.82,185.32,164.64,115.205,128.325,168.355,131.865,140.885,129.835,143.29,124.16,144.815,89.6,77.79,54.76,46.025,48.625,54.475,55.645,51.045
2021-01-27 13:50,334.87,276.275,277.37,235.04,226.745,210.24,198.165,199.94,194.315,253.14,183.71,186.045,164.5,115.05,128.18,168.6,132.1,140.92,129.89,143.405,124.21,145.015,89.47,77.83,54.805,46.06,48.69,54.415,55.68,51.01
2021-01-27 13:55,335.0,276.12,276.925,234.125,226.31,209.86,197.82,199.64,194.2,252.75,183.59,186.51,164.2,115.08,128.22,168.49,131.84,140.82,129.51,143.39,124.24,144.84,89.425,77.745,54.78,46.07,48.65,54.385,55.6,51.255
2021-01-27 14:00,334.67,276.11,277.07,234.91,226.67,209.595,197.2,199.83,194.2,252.99,183.52,186.265,164.465,114.89,128.07,168.37,131.83,140.57,129.5,143.75,124.23,144.615,89.475,77.765,54.74,46.19,48.62,54.55,55.61,51.24
2021-01-27 14:05,334.84,275.82,277.23,235.08,226.36,209.555,197.105,199.48,194.115,252.96,183.19,186.465,163.915,114.92,128.07,168.465,131.755,140.585,129.61,143.775,124.06,144.52,89.22,77.74,54.77,46.125,48.645,54.545,55.525,51.245
2021-01-27 14:10,334.69,275.88,277.34,235.37,226.755,209.72,197.16,199.39,193.99,252.86,183.14,186.02,163.76,115.09,128.22,168.51,131.79,140.4,129.53,143.98,124.17,144.435,89.24,77.605,54.82,46.145,48.64,54.565,55.535,51.425
2021-01-27 14:15,334.175,275.18,276.22,235.09,226.035,209.21,196.5,198.73,193.345,252.105,182.36,185.76,163.485,114.64,127.81,168.24,131.42,139.79,129.38,143.5,123.985,144.36,89.01,77.42,54.57,46.03,48.59,54.415,55.44,51.42
2021-01-27 14:20,335.06,275.61,276.41,234.54,226.17,209.35,196.28,199.01,193.76,252.0,182.26,186.12,163.515,114.845,127.96,168.51,131.59,140.24,129.47,143.18,124.13,144.435,89.15,77.415,54.76,46.04,48.605,54.34,55.605,51.54
2021-01-27 14:25,334.73,275.25,276.01,234.115,225.99,209.03,196.25,198.78,193.385,251.84,182.03,186.155,163.62,114.74,127.64,168.51,131.34,140.19,129.13,142.89,124.115,144.095,88.95,77.31,54.71,46.04,48.555,54.27,55.485,51.53
2021-01-27 14:30,333.76,274.25,275.055,232.45,225.225,208.72,195.62,198.515,193.02,251.725,181.49,185.75,163.03,114.405,127.43,168.29,130.91,139.87,128.78,142.395,124.05,144.02,88.62,77.26,54.61,46.0,48.475,54.01,55.425,51.57
2021-01-27 14:35,334.48,274.93,274.64,232.4,225.19,208.66,195.71,198.97,193.47,252.395,181.5,185.98,162.98,114.71,127.93,168.48,131.12,140.31,128.92,142.095,124.21,144.325,88.685,77.34,54.695,46.025,48.54,54.1,55.46,51.68
2021-01-27 14:40,334.115,275.14,275.1,232.515,225.51,208.625,195.6,199.195,194.07,252.66,181.55,186.62,163.545,114.77,128.01,168.32,131.27,140.59,129.11,142.605,124.18,144.33,88.77,77.435,54.72,46.09,48.62,54.155,55.47,51.75
2021-01-27 14:45,332.62,274.47,274.445,231.435,224.65,207.99,195.27,199.22,193.24,252.31,181.04,186.225,162.65,114.2,128.09,167.945,130.84,140.34,129.04,141.85,124.125,144.08,88.405,77.26,54.59,45.96,48.545,53.965,55.425,51.62
2021-01-27 14:50,332.89,274.65,274.355,231.78,224.63,207.84,195.07,199.27,193.36,252.21,181.0,186.485,162.84,114.43,128.0,168.055,130.69,140.25,129.035,141.74,124.245,144.095,88.395,77.32,54.63,45.87,48.515,53.9,55.47,51.58
2021-01-27 14:55,332.79,274.0,274.06,231.365,224.57,207.89,194.98,199.135,193.36,251.95,180.72,186.71,162.69,114.38,127.82,167.925,130.7,140.105,129.1,141.775,124.06,144.06,88.305,77.25,54.565,45.85,48.46,53.72,55.405,51.49
2021-01-27 15:00,333.12,273.93,273.7,231.76,224.675,207.685,194.945,199.14,192.86,251.84,181.05,186.67,162.37,114.22,127.755,168.005,130.71,140.04,129.045,142.235,124.01,144.035,88.16,77.175,54.58,45.85,48.405,53.68,55.435,51.29
2021-01-27 15:05,333.635,274.89,274.12,231.99,224.375,207.62,195.1,199.19,193.14,252.07,181.02,186.62,162.56,114.275,127.99,168.015,130.93,140.25,128.795,141.645,124.01,144.01,88.32,77.235,54.67,45.81,48.44,53.585,55.39,51.395
2021-01-27 15:10,335.02,276.21,275.015,232.285,224.79,207.87,195.735,199.79,193.85,252.39,181.54,186.98,163.0,114.53,128.64,168.67,131.435,140.41,129.25,141.97,124.56,144.405,88.8,77.355,54.795,45.885,48.54,53.71,55.51,51.585
2021-01-27 15:15,334.82,276.14,274.62,231.79,224.18,207.78,195.56,199.755,193.43,251.99,181.27,186.925,163.43,114.46,128.515,168.255,131.21,140.31,129.165,141.895,124.17,144.25,88.585,77.28,54.69,45.785,48.505,53.56,55.38,51.525
2021-01-27 15:20,334.24,275.78,274.195,231.375,223.69,207.255,194.94,199.225,193.0,251.98,180.79,186.69,163.23,114.23,128.255,168.035,130.96,139.95,129.11,141.78,123.82,144.06,88.35,77.235,54.52,45.735,48.475,53.45,55.36,51.365
2021-01-27 15:25,333.6,275.3,274.02,231.24,223.62,207.25,194.54,199.07,192.72,251.69,180.7,186.51,162.93,114.41,128.33,167.71,130.69,139.61,128.8,141.65,123.46,144.0,88.34,77.11,54.56,45.67,48.42,53.555,55.22,51.19
2021-01-27 15:30,333.115,274.795,273.82,230.345,223.265,207.625,194.45,198.91,192.94,251.43,180.52,186.22,162.63,114.47,128.16,168.01,130.495,139.77,128.72,140.86,123.155,143.91,88.32,77.105,54.5,45.64,48.36,53.46,55.27,51.145
2021-01-27 15:35,332.93,274.31,273.72,231.83,223.52,207.29,194.545,198.3,192.695,250.865,180.46,185.87,162.06,114.11,127.93,167.975,130.54,139.63,128.595,141.06,122.95,143.97,88.115,76.945,54.44,45.6,48.275,53.445,55.275,51.1
2021-01-27 15:40,333.17,273.48,273.31,232.14,223.745,207.44,194.24,198.08,192.55,250.97,180.06,185.555,162.24,113.95,127.78,167.81,130.6,139.39,128.445,141.295,122.74,143.715,88.18,77.005,54.23,45.6,48.28,53.505,55.225,51.185
2021-01-27 15:45,332.89,273.66,273.61,232.295,224.335,207.44,194.35,198.63,193.32,251.11,180.74,185.94,162.47,114.18,127.785,167.73,130.94,139.66,128.645,141.49,122.98,143.855,88.39,76.915,54.52,45.685,48.37,53.615,55.215,51.295
2021-01-27 15:50,333.565,273.66,273.82,232.7,225.03,207.89,194.95,199.17,193.965,250.44,180.71,186.83,162.59,114.21,127.61,167.69,131.035,139.565,128.715,141.83,123.18,144.005,88.39,77.06,54.56,45.68,48.45,53.595,55.235,51.32
2021-01-27 15:55,332.38,272.96,273.9,233.14,224.72,207.35,194.9,199.42,194.075,250.705,180.74,186.59,162.93,114.05,127.92,167.86,131.005,139.38,128.245,142.46,122.42,143.74,88.155,77.0,54.38,45.67,48.47,53.51,55.065,51.18
2021-01-28 09:30,335.3,274.21,276.13,237.23,228.0,208.19,201.125,200.76,198.45,253.67,181.95,183.92,167.21,116.76,129.31,168.5,132.075,140.57,128.71,139.005,123.035,144.51,89.02,77.29,53.8,45.94,48.75,54.875,55.315,51.21
2021-01-28 09:35,335.99,274.62,275.59,235.66,228.21,208.33,200.49,200.42,198.315,252.96,181.59,182.8,166.86,117.07,129.54,168.6,131.68,140.39,128.1,138.565,122.15,144.145,89.31,77.29,53.37,45.62,48.68,54.925,55.2,50.87
2021-01-28 09:40,338.185,275.7,276.98,237.09,228.935,208.185,200.93,201.84,199.16,255.27,182.25,183.33,168.94,117.71,130.17,169.69,132.3,140.99,128.845,139.59,122.495,144.61,90.0,77.775,54.37,45.965,48.89,55.35,55.31,51.11
2021-01-28 09:45,338.57,275.65,276.45,237.14,226.695,209.04,201.2,201.97,198.19,255.385,181.98,183.27,167.05,117.73,129.5,168.98,132.76,140.67,128.95,139.15,122.12,144.445,89.58,77.67,53.685,45.92,48.775,55.205,55.385,51.28
2021-01-28 09:50,339.33,276.73,277.82,236.35,226.805,209.37,201.51,202.94,199.265,254.7,182.73,183.43,168.3,117.98,129.64,169.58,132.93,141.02,128.87,138.435,122.06,144.76,89.98,77.85,54.055,45.98,48.79,55.78,55.495,51.365
2021-01-28 09:55,340.38,275.175,277.63,236.595,226.26,209.425,201.895,202.27,198.23,256.01,182.19,184.23,167.62,117.49,129.25,168.97,132.63,140.52,128.56,138.24,121.225,144.8,89.03,77.54,53.45,46.05,48.815,55.83,55.385,51.265
2021-01-28 10:00,341.85,276.46,279.1,236.79,226.92,210.15,201.17,202.61,198.15,256.61,183.3,185.13,168.07,118.04,129.94,169.095,132.97,141.03,129.02,138.67,121.185,145.64,89.35,78.035,53.7,46.18,48.96,56.09,55.66,51.59
2021-01-28 10:05,342.57,276.23,278.87,237.36,226.87,209.25,201.345,202.505,197.47,256.59,183.49,185.53,167.95,117.925,129.67,169.135,133.285,140.73,129.275,138.37,121.3,145.67,89.16,78.335,53.78,46.07,48.935,56.44,55.665,51.625
2021-01-28 10:10,341.91,276.6,278.805,237.7,227.69,209.2,200.21,202.635,197.84,255.96,183.65,185.76,168.31,118.255,130.01,169.225,133.245,140.55,129.8,139.36,121.57,145.52,89.52,78.095,54.135,46.13,49.045,56.765,55.825,51.865
2021-01-28 10:15,342.775,276.92,279.52,238.58,227.81,210.045,200.63,202.89,196.52,257.04,183.26,185.96,168.5,118.62,130.55,169.28,133.79,140.39,130.415,140.25,121.55,145.955,89.17,78.16,54.07,46.16,49.1,56.805,55.925,51.585
2021-01-28 10:20,341.76,276.39,278.88,237.89,227.57,209.695,200.265,202.43,196.98,256.5,183.105,186.2,168.01,118.51,130.29,169.265,133.61,140.18,130.685,139.45,121.64,145.705,89.26,78.03,54.535,46.165,49.215,56.67,55.975,51.5
2021-01-28 10:25,341.93,275.92,278.76,237.935,227.34,208.74,199.925,202.15,196.915,255.62,182.9,185.85,168.46,118.28,130.275,168.97,133.97,140.09,130.22,139.62,121.22,145.54,89.14,78.03,54.54,46.01,49.08,56.67,55.87,51.59
2021-01-28 10:30,342.85,276.355,279.0,237.975,226.74,208.42,200.0,202.02,197.28,256.19,184.465,186.045,168.91,118.105,130.27,168.92,133.9,140.49,130.42,139.89,120.96,145.17,88.91,78.05,54.295,45.985,48.98,56.63,56.0,51.45
2021-01-28 10:35,343.02,276.125,279.14,238.49,226.15,207.78,199.265,202.45,197.1,255.84,184.43,186.185,168.695,118.21,130.735,168.88,133.97,139.995,130.51,139.54,120.87,144.885,88.82,78.17,54.43,45.875,49.01,56.835,55.935,51.31
2021-01-28 10:40,343.185,275.37,279.72,239.105,225.86,208.4,198.935,202.21,196.53,256.54,184.795,185.89,168.775,117.7,130.425,168.86,133.97,139.58,130.65,138.9,120.955,145.16,88.95,78.29,54.4,45.805,49.14,56.96,56.02,51.34
2021-01-28 10:45,343.76,276.39,280.64,239.98,226.395,208.215,199.66,203.11,196.605,256.94,185.74,185.975,168.96,118.24,130.76,168.725,134.46,140.01,130.935,139.465,120.895,145.3,89.015,78.305,54.68,45.79,49.195,56.99,56.11,51.24
2021-01-28 10:50,344.13,275.98,279.5,239.98,226.005,208.35,199.04,202.44,197.05,257.35,185.63,185.91,168.605,118.25,130.415,169.47,134.21,140.08,130.77,139.2,120.59,145.355,88.77,78.28,54.46,45.72,49.225,56.97,56.095,51.15
2021-01-28 10:55,344.16,276.6,280.68,239.675,226.3,207.71,199.445,202.83,197.02,257.18,186.235,186.44,169.015,118.46,130.935,169.075,134.33,139.91,130.93,139.22,120.58,145.39,89.02,78.18,54.55,45.745,49.13,56.96,56.075,50.96
2021-01-28 11:00,345.19,277.85,281.155,239.47,227.145,208.01,199.82,203.42,197.26,257.67,186.32,186.285,169.94,118.87,131.105,169.115,134.565,140.36,130.95,139.085,120.565,145.49,89.41,78.31,54.21,45.795,49.265,57.0,56.21,50.84
2021-01-28 11:05,345.09,278.28,280.76,239.3,227.38,207.78,200.06,203.99,197.605,256.745,186.22,185.97,170.19,119.2,131.1,169.045,134.55,140.505,131.15,139.59,120.5,145.555,89.38,78.34,54.23,45.805,49.215,57.055,56.13,51.02
2021-01-28 11:10,345.96,278.37,281.74,239.8,227.62,207.54,200.3,204.26,197.56,256.94,186.135,185.605,170.04,119.11,131.24,169.195,134.865,140.23,130.655,139.535,120.46,145.44,89.655,78.44,54.21,45.705,49.245,57.095,56.24,50.82
2021-01-28 11:15,345.465,278.385,280.84,239.115,227.17,207.15,199.99,204.15,197.115,256.81,185.94,185.235,170.38,118.89,131.28,169.01,134.97,140.21,130.96,139.66,120.655,145.64,89.535,78.255,54.23,45.75,49.16,57.2,56.205,50.78
2021-01-28 11:20,345.575,277.74,281.63,239.36,227.67,207.08,200.04,203.99,197.05,257.43,185.195,184.73,169.82,119.0,131.005,168.965,135.28,140.07,131.1,139.2,120.625,145.62,89.33,78.29,54.12,45.73,49.27,57.18,56.2,50.81
2021-01-28 11:25,345.965,276.97,281.7,238.62,227.7,208.15,199.97,203.73,196.59,257.5,185.205,184.73,169.88,119.15,130.83,169.34,135.235,139.845,130.875,138.96,120.695,145.92,88.945,78.425,53.82,45.69,49.265,57.105,56.29,51.135
2021-01-28 11:30,345.875,277.2,281.75,238.77,227.37,207.55,199.84,204.02,196.765,257.3,185.63,184.72,170.27,118.96,130.79,169.515,135.65,140.09,131.11,138.95,120.57,145.75,89.24,78.295,54.04,45.59,49.26,56.86,56.24,51.16
2021-01-28 11:35,345.96,277.17,281.85,239.3,227.99,207.44,200.01,203.92,196.905,256.93,185.64,184.06,170.25,118.945,130.725,169.46,135.475,139.86,131.32,138.735,120.695,145.65,89.075,78.385,54.04,45.56,49.345,56.42,56.18,51.14
2021-01-28 11:40,346.33,277.8,281.91,239.56,227.78,207.625,199.92,204.5,196.795,257.1,186.26,184.61,170.53,118.99,130.895,169.465,135.39,140.0,131.21,138.75,120.66,145.485,89.445,78.405,54.32,45.64,49.345,56.285,56.24,51.03
2021-01-28 11:45,345.93,278.355,282.04,239.38,227.56,207.0,199.745,204.47,197.13,256.74,186.7,184.78,170.72,119.065,131.025,169.47,135.31,139.83,131.19,138.78,120.45,145.27,89.38,78.29,54.35,45.535,49.34,56.035,56.04,51.085
2021-01-28 11:50,345.99,278.39,282.31,239.88,227.935,206.84,199.92,204.42,197.33,256.93,186.795,184.23,171.045,119.03,131.255,169.275,135.16,140.09,131.205,138.865,120.5,145.27,89.48,78.34,54.49,45.58,49.275,56.195,56.06,51.025
2021-01-28 11:55,345.395,278.655,282.5,240.04,228.065,206.545,199.64,204.11,197.98,256.51,186.2,184.09,171.47,119.09,131.23,169.17,135.36,139.62,130.905,139.09,120.45,145.285,89.3,78.28,54.37,45.605,49.215,56.275,56.11,51.02
2021-01-28 12:00,345.33,278.84,282.65,240.7,228.59,207.12,199.565,204.37,198.72,256.725,186.77,184.24,171.39,119.255,131.45,169.225,135.35,139.77,131.385,139.65,120.51,145.22,89.525,78.31,54.4,45.685,49.36,56.265,56.195,51.06
2021-01-28 12:05,345.29,278.9,282.45,241.12,228.71,206.91,199.64,204.65,198.78,257.1,186.785,184.17,171.41,119.48,131.58,169.45,135.31,139.82,131.55,140.03,120.78,145.1,89.56,78.475,54.435,45.78,49.365,56.265,56.075,51.22
2021-01-28 12:10,344.18,278.93,282.03,240.83,228.69,205.955,199.3,204.64,198.32,256.0,186.95,184.39,170.95,119.305,131.61,169.15,134.98,139.66,131.08,140.725,120.725,144.985,89.3,78.25,54.46,45.72,49.305,56.17,55.935,51.05
2021-01-28 12:15,344.205,279.07,282.07,240.87,228.56,205.64,199.17,204.79,199.615,256.39,186.69,184.74,171.74,119.62,131.61,169.34,135.14,139.46,131.085,141.39,120.62,144.875,89.46,78.34,54.455,45.71,49.385,56.165,55.95,51.07
2021-01-28 12:20,344.33,279.41,281.97,240.97,228.67,205.24,198.79,204.39,199.13,255.6,186.895,184.235,170.96,119.78,131.72,169.685,135.12,139.49,131.26,141.915,120.49,144.775,89.4,78.27,54.28,45.705,49.38,56.205,55.975,51.055
2021-01-28 12:25,343.17,279.29,282.07,241.555,228.85,205.89,199.06,204.41,200.19,255.46,186.895,184.48,170.905,119.86,131.78,170.01,135.415,139.28,131.35,141.165,120.53,144.955,89.49,78.33,54.14,45.79,49.38,56.3,55.945,51.02
2021-01-28 12:30,343.59,279.315,282.255,241.41,228.36,206.415,198.9,204.67,199.52,255.51,187.02,184.565,171.43,120.23,131.89,170.21,135.68,139.62,131.31,141.35,120.61,144.905,89.41,78.39,54.06,45.805,49.29,56.23,55.955,50.99
2021-01-28 12:35,343.7,279.38,282.04,241.88,228.14,206.41,199.0,205.05,199.14,255.15,187.38,184.495,171.625,120.115,131.855,170.205,135.85,139.82,131.07,141.02,120.325,144.72,89.22,78.345,54.09,45.765,49.315,56.065,55.885,51.02
2021-01-28 12:40,343.02,278.85,281.8,242.1,228.555,206.78,199.38,205.25,199.28,255.175,187.54,184.17,171.685,120.105,131.55,170.23,135.97,139.875,131.34,141.11,120.215,144.67,89.16,78.35,54.15,45.795,49.36,56.1,55.805,51.02
2021-01-28 12:45,342.975,279.48,281.26,242.06,228.885,206.59,199.5,205.03,199.08,255.035,187.3,184.2,171.76,120.02,131.82,170.36,135.89,139.945,131.22,141.285,120.31,144.565,89.185,78.28,54.265,45.8,49.345,56.245,55.745,51.01
2021-01-28 12:50,343.15,279.625,280.79,241.65,228.55,205.93,199.21,204.845,198.86,254.55,187.125,184.145,171.28,119.99,131.665,170.345,135.5,139.96,130.88,140.925,120.27,144.38,89.08,78.22,53.99,45.755,49.275,56.245,55.635,50.975
2021-01-28 12:55,343.22,279.585,280.8,242.46,228.45,206.16,199.79,204.515,198.95,254.56,187.06,184.57,171.43,119.95,131.65,170.43,135.58,139.88,130.98,140.705,120.235,144.39,89.11,78.28,53.965,45.67,49.325,56.175,55.615,51.01
2021-01-28 13:00,343.29,279.16,280.48,242.3,228.56,206.37,199.44,204.055,198.83,254.68,186.885,184.495,171.83,119.93,131.755,170.5,135.52,139.95,131.2,140.88,120.425,144.27,89.27,78.23,54.32,45.71,49.385,56.205,55.65,51.01
2021-01-28 13:05,342.9,278.42,280.63,242.14,228.16,206.675,199.27,204.15,198.41,254.25,187.13,184.29,171.9,119.885,131.885,170.62,135.53,140.18,131.45,140.405,120.245,144.41,89.095,78.33,54.085,45.72,49.445,56.065,55.685,51.055
2021-01-28 13:10,342.615,277.77,280.7,241.56,227.7,206.685,199.38,204.165,197.86,253.895,186.54,184.19,171.945,119.6,131.635,170.74,135.42,140.05,131.44,140.315,120.255,144.68,89.0,78.295,54.04,45.745,49.415,56.215,55.735,51.03
2021-01-28 13:15,342.33,277.995,280.25,241.45,227.975,206.57,199.5,203.905,197.91,253.96,185.98,183.89,171.91,119.76,131.46,170.37,135.63,140.06,131.335,140.255,120.21,144.68,88.81,78.205,54.05,45.685,49.385,56.295,55.675,50.99
2021-01-28 13:20,342.135,278.11,280.635,241.61,228.3,206.58,199.49,204.34,198.42,254.455,186.23,183.955,172.215,120.105,131.615,170.435,135.435,140.06,131.26,140.595,120.305,144.585,89.06,78.265,54.065,45.685,49.405,56.48,55.645,51.03
2021-01-28 13:25,341.97,278.15,280.295,241.22,228.29,206.88,199.63,204.46,198.28,254.59,186.105,184.01,171.93,120.03,131.54,170.485,135.675,140.23,131.17,140.16,120.27,144.605,88.995,78.305,54.065,45.705,49.445,56.45,55.625,50.99
2021-01-28 13:30,341.9,278.57,280.38,241.815,228.83,207.12,199.39,204.55,198.35,254.42,186.42,184.175,172.0,120.04,131.69,170.565,135.47,140.06,131.085,140.495,120.48,144.63,89.145,78.285,54.24,45.8,49.465,56.49,55.61,51.1
2021-01-28 13:35,341.89,278.91,280.5,241.68,229.18,207.165,199.72,204.95,199.04,253.92,186.735,184.405,172.01,120.275,132.14,170.51,135.755,139.99,131.22,140.235,120.53,144.705,89.265,78.255,54.27,45.8,49.46,56.615,55.505,51.07
2021-01-28 13:40,342.275,278.7,280.29,242.1,228.9,207.18,199.55,205.02,198.84,253.82,186.84,184.58,171.825,120.22,131.95,170.61,135.795,139.91,131.21,140.45,120.625,144.555,89.175,78.34,54.36,45.8,49.415,56.525,55.485,50.95
2021-01-28 13:45,342.155,278.385,280.235,242.15,229.07,207.27,199.74,204.82,198.69,253.61,186.68,184.46,172.13,120.165,131.9,170.78,135.885,139.67,131.11,140.375,120.445,144.58,89.07,78.305,54.26,45.805,49.435,56.575,55.535,51.005
2021-01-28 13:50,342.35,278.12,280.115,241.88,228.58,207.6,199.91,204.84,198.8,253.375,186.295,184.655,171.56,120.25,131.97,170.6,136.06,139.68,131.05,140.22,120.51,144.425,89.22,78.27,54.245,45.755,49.455,56.625,55.58,51.01
2021-01-28 13:55,342.52,277.975,280.16,242.04,228.7,207.565,200.225,204.85,199.01,253.26,186.33,185.09,171.325,120.22,131.815,170.52,136.285,139.96,130.92,140.22,120.545,144.47,89.225,78.28,54.075,45.77,49.44,56.83,55.525,51.005
2021-01-28 14:00,342.315,278.16,280.04,242.18,227.95,207.69,200.4,204.78,198.785,253.195,186.05,184.685,171.57,120.14,131.89,170.595,136.28,139.97,130.76,140.155,120.62,144.5,89.22,78.3,54.16,45.78,49.425,56.645,55.505,51.01
2021-01-28 14:05,342.91,277.8,279.94,241.875,227.71,207.39,200.25,205.13,198.595,252.925,186.04,184.485,171.595,119.86,131.775,170.64,135.82,139.86,130.915,139.72,120.775,144.58,89.53,78.375,54.37,45.81,49.445,56.425,55.545,51.26
2021-01-28 14:10,342.755,277.25,279.87,241.98,227.48,207.525,200.15,204.945,198.6,252.785,185.82,184.335,171.4,119.82,131.67,170.785,135.735,139.87,130.9,139.28,120.5,144.585,89.395,78.38,54.63,45.83,49.39,56.335,55.525,51.2
2021-01-28 14:15,342.26,276.0,279.275,241.67,227.25,207.175,199.99,203.89,197.71,271.78,185.07,183.57,171.23,119.46,131.25,170.495,135.475,139.11,130.6,139.375,120.37,144.27,89.19,78.33,54.31,45.71,49.275,56.355,55.45,51.03
2021-01-28 14:20,341.335,276.46,279.17,241.535,227.16,207.43,199.93,204.43,197.9,254.11,185.58,184.04,171.11,119.64,131.22,170.23,135.565,139.5,130.63,139.47,120.61,144.28,89.225,78.185,54.53,45.755,49.235,56.395,55.435,51.0
2021-01-28 14:25,342.505,276.95,279.375,241.6,227.73,208.24,200.135,204.235,197.96,254.24,185.605,183.96,171.14,119.79,131.31,170.14,135.875,139.61,130.66,139.79,120.56,144.325,89.27,78.205,54.62,45.745,49.27,56.505,55.485,51.01
2021-01-28 14:30,341.97,276.67,279.165,241.66,227.91,208.03,199.92,204.39,197.84,253.03,185.39,183.825,171.315,119.775,131.085,170.345,135.75,139.48,130.71,139.78,120.53,144.265,89.24,78.2,54.48,45.705,49.265,56.555,55.5,51.015
2021-01-28 14:35,342.24,277.22,279.32,241.97,227.9,208.43,200.21,204.61,198.305,246.73,185.88,183.82,171.38,120.15,131.25,170.25,135.95,139.51,130.715,139.52,120.54,144.26,89.345,78.18,54.63,45.73,49.33,56.605,55.485,51.07
2021-01-28 14:40,341.97,276.33,279.09,241.075,227.555,207.74,199.845,204.41,198.275,248.38,185.57,183.75,171.49,119.895,131.01,170.175,135.96,139.22,130.675,139.4,120.42,144.315,89.385,78.185,54.56,45.715,49.305,56.54,55.445,51.14
2021-01-28 14:45,341.695,276.65,279.575,241.21,227.645,207.835,199.84,204.49,198.58,247.95,186.07,184.295,171.755,120.0,131.11,170.38,135.89,139.47,130.86,139.43,120.83,144.7,89.36,78.2,54.82,45.73,49.355,56.54,55.53,51.23
2021-01-28 14:50,341.88,276.635,279.52,240.77,227.21,207.59,199.82,204.15,198.38,249.035,185.635,184.34,171.875,119.84,130.92,170.255,135.705,139.67,130.865,139.16,120.85,144.5,89.15,78.135,54.62,45.73,49.33,56.495,55.535,51.16
2021-01-28 14:55,341.285,276.69,279.86,241.155,227.6,207.73,199.85,204.49,198.33,251.405,185.59,184.33,172.13,119.87,130.99,170.33,135.83,139.805,130.75,139.315,121.06,144.39,89.13,78.165,54.605,45.75,49.395,56.58,55.525,51.21
2021-01-28 15:00,341.66,276.765,280.08,241.175,227.54,206.9,199.47,204.6,198.195,249.34,185.63,184.46,172.255,119.74,130.935,170.2,135.805,140.115,130.615,139.08,121.03,144.37,89.21,78.105,54.52,45.695,49.335,56.44,55.515,51.01
2021-01-28 15:05,341.81,276.89,280.34,241.24,227.11,207.57,199.5,204.66,198.03,249.29,185.38,184.63,172.12,119.795,130.92,170.22,136.11,140.34,130.755,139.01,121.145,144.41,89.32,78.025,54.45,45.725,49.41,56.455,55.535,51.095
2021-01-28 15:10,342.73,276.61,280.115,240.81,227.14,207.68,199.59,204.68,197.83,248.74,185.105,184.265,172.045,119.875,131.03,170.1,136.14,140.27,130.725,139.2,121.14,144.335,89.21,78.025,54.225,45.725,49.41,56.475,55.525,51.165
2021-01-28 15:15,342.04,276.32,279.985,239.7,227.085,207.73,199.38,204.295,197.64,248.525,184.775,184.03,172.06,119.66,130.825,169.87,136.15,140.31,130.745,138.74,121.02,144.295,89.145,77.955,54.23,45.66,49.365,56.365,55.495,51.15
2021-01-28 15:20,342.535,276.01,280.025,239.74,227.015,207.715,199.615,204.13,197.16,249.37,184.95,183.81,172.145,119.695,130.905,169.89,136.125,140.375,130.59,138.745,120.85,144.34,89.13,78.2,54.165,45.655,49.315,56.435,55.43,51.135
2021-01-28 15:25,341.93,275.77,279.63,239.145,226.88,207.455,199.47,204.02,196.89,248.95,184.94,183.735,172.2,119.42,130.6,169.885,135.82,140.23,130.67,138.305,120.835,144.435,89.19,78.28,54.04,45.685,49.355,56.365,55.485,51.105
2021-01-28 15:30,341.08,275.45,279.34,238.935,226.76,207.21,199.19,203.9,197.2,248.53,185.06,183.59,172.36,119.635,130.63,169.695,135.64,140.115,130.54,138.16,120.595,144.21,89.445,78.14,54.16,45.6,49.31,56.325,55.475,50.89
2021-01-28 15:35,340.475,275.845,279.46,239.335,227.11,207.035,199.23,203.84,196.94,249.06,184.67,183.515,172.465,119.53,130.68,169.385,135.555,140.255,130.69,138.21,120.6,144.365,89.255,78.175,54.11,45.595,49.26,56.255,55.46,51.065
2021-01-28 15:40,339.895,275.155,279.165,238.75,227.165,206.855,199.125,203.58,196.93,248.85,184.58,183.41,172.32,119.33,130.55,169.255,135.29,140.16,130.525,138.035,120.445,144.305,89.165,78.085,54.145,45.54,49.165,56.115,55.42,51.015
2021-01-28 15:45,339.77,275.935,279.5,239.11,227.52,207.265,199.295,203.85,197.75,248.46,185.265,183.65,172.56,119.42,130.75,169.44,135.425,140.34,130.82,137.91,120.59,144.295,89.38,78.125,54.335,45.535,49.27,56.21,55.445,51.095
2021-01-28 15:50,339.57,275.795,279.31,240.09,227.01,206.96,199.245,204.02,197.73,247.94,185.15,183.95,172.77,119.395,130.665,169.58,135.3,140.21,130.85,137.205,120.47,144.235,89.26,78.13,54.25,45.525,49.29,56.255,55.55,50.895
2021-01-28 15:55,338.01,274.98,277.88,239.04,226.58,206.64,198.19,202.965,197.33,247.78,184.355,183.46,171.96,118.96,130.09,169.14,134.64,139.975,130.36,136.72,120.09,143.7,89.0,77.89,54.35,45.315,49.175,56.015,55.37,50.64
2021-01-29 09:30,334.58,274.29,274.1,235.88,225.25,203.55,199.345,195.69,197.51,243.45,187.59,180.805,168.83,116.685,131.34,163.09,132.87,138.19,128.78,136.62,120.49,142.38,86.45,77.49,54.375,44.915,48.72,56.14,54.755,50.48
2021-01-29 09:35,334.92,272.83,274.7,234.77,224.06,204.855,197.37,195.84,197.4,245.33,185.4,180.08,167.7,115.82,130.76,162.925,132.29,138.12,129.32,134.91,120.93,142.73,86.1,77.58,53.88,44.93,48.78,55.95,54.86,50.43
2021-01-29 09:40,337.74,273.32,274.53,234.625,223.12,205.03,197.69,198.085,197.02,241.69,187.26,180.9,167.41,116.25,130.65,163.41,132.4,138.0,129.1,134.78,120.85,142.685,86.46,77.53,54.06,44.82,48.645,55.83,54.96,50.45
2021-01-29 09:45,337.19,273.9,274.825,234.76,224.75,204.94,198.63,196.88,198.01,243.005,185.31,180.15,167.52,116.55,130.62,162.705,133.31,137.89,129.37,134.62,120.94,142.54,86.11,77.51,53.95,44.855,48.76,56.065,54.93,51.15
2021-01-29 09:50,336.63,273.95,273.88,235.58,224.475,204.74,198.015,198.3,198.35,243.5,185.67,180.29,167.23,117.14,130.44,162.8,133.05,137.785,128.95,134.245,120.44,142.3,86.195,77.5,54.29,44.95,48.685,56.265,54.85,51.03
2021-01-29 09:55,335.41,276.18,274.26,236.27,225.17,205.21,197.605,199.63,199.92,243.02,188.07,180.63,167.87,117.27,131.18,162.595,133.5,138.28,129.08,135.09,120.47,142.48,86.71,77.565,54.59,45.025,48.805,56.675,54.885,50.8
2021-01-29 10:00,335.405,276.98,274.47,237.01,225.75,205.12,197.95,199.48,200.595,243.02,187.95,180.22,167.43,117.94,131.385,162.23,133.92,138.38,129.21,134.905,120.67,142.41,86.885,77.555,54.55,44.97,48.79,56.625,54.86,51.2
2021-01-29 10:05,337.72,276.62,275.305,236.925,226.23,206.13,198.29,200.72,201.5,243.48,187.2,179.96,168.33,117.69,131.57,162.86,134.145,138.36,129.45,134.54,120.78,142.46,86.78,77.91,54.13,45.045,48.78,56.695,54.93,51.02
2021-01-29 10:10,337.11,276.55,274.8,237.26,226.49,205.44,197.97,199.96,200.71,244.23,186.75,179.705,167.68,117.84,131.48,163.41,134.045,138.38,129.28,134.78,120.725,142.22,86.775,77.78,53.755,45.115,48.775,56.785,54.915,51.23
2021-01-29 10:15,337.61,276.295,274.26,236.805,226.63,205.26,197.89,199.7,200.42,244.255,186.035,179.21,168.63,117.8,131.275,163.865,134.165,138.32,129.06,134.69,120.63,142.14,86.87,77.81,53.74,45.145,48.7,56.805,54.785,51.14
2021-01-29 10:20,338.8,276.66,275.05,237.55,227.405,205.5,198.11,200.27,199.9,244.815,185.67,179.45,169.26,118.0,131.635,164.91,134.28,138.16,129.545,135.52,120.83,142.235,86.98,78.06,53.795,45.335,48.83,57.135,54.91,51.18
2021-01-29 10:25,338.37,275.0,274.75,237.8,227.56,205.66,198.47,199.78,199.44,244.99,186.21,179.32,169.3,117.61,131.275,164.425,133.805,137.77,129.45,135.09,120.8,142.2,87.12,78.12,53.66,45.325,48.75,57.035,54.86,51.03
2021-01-29 10:30,337.51,274.74,275.47,237.1,227.635,206.84,198.655,200.1,200.185,245.1,185.96,179.14,169.48,117.49,131.2,164.51,133.905,137.46,129.57,135.07,120.8,142.41,87.27,78.28,53.745,45.275,48.805,56.92,54.945,51.13
2021-01-29 10:35,337.18,274.175,276.35,236.71,227.33,208.08,198.66,200.335,199.0,246.43,185.65,178.86,168.98,117.37,130.95,165.13,133.81,137.17,129.38,134.8,120.885,142.33,86.795,78.29,53.69,45.185,48.765,56.68,55.005,51.09
2021-01-29 10:40,336.31,274.93,275.43,236.07,226.71,207.86,198.395,200.11,198.87,245.545,185.46,178.7,168.83,117.39,130.995,164.61,133.49,137.17,129.265,134.2,120.705,142.395,86.695,77.965,53.56,45.07,48.655,56.385,54.91,51.065
2021-01-29 10:45,336.41,275.56,275.58,236.44,227.7,207.98,198.395,200.2,199.055,245.55,184.94,178.78,169.07,117.47,130.87,163.78,133.6,137.25,129.42,134.23,120.905,142.46,87.065,77.985,53.54,45.15,48.715,56.685,54.915,50.925
2021-01-29 10:50,335.78,276.405,275.68,236.525,227.85,208.47,198.36,199.145,199.19,245.47,185.4,177.86,168.715,117.43,130.9,163.555,133.91,137.39,129.3,133.985,120.625,142.375,86.905,77.85,53.51,45.05,48.705,56.695,54.905,50.74
2021-01-29 10:55,335.755,276.18,275.96,237.17,228.47,208.265,198.28,198.96,198.71,245.53,185.01,177.93,169.125,117.59,130.81,164.075,134.09,137.18,129.19,134.13,120.75,142.46,86.7,77.89,53.54,45.115,48.615,56.835,54.915,50.815
2021-01-29 11:00,334.355,275.17,275.25,236.59,227.765,208.15,197.575,198.14,198.14,245.62,184.22,177.865,168.64,117.5,130.31,163.665,133.84,136.53,129.025,133.595,120.635,142.19,86.68,77.735,53.335,45.035,48.53,56.97,54.935,50.74
2021-01-29 11:05,335.35,275.515,275.055,236.245,227.57,207.92,197.67,198.595,198.355,246.02,184.615,178.03,168.62,117.585,130.685,163.815,134.39,136.81,129.08,132.905,120.45,142.085,86.775,77.79,53.45,45.075,48.64,56.77,54.945,50.61
2021-01-29 11:10,333.93,274.63,274.38,235.095,226.715,207.35,196.62,197.69,197.715,244.96,184.675,177.44,168.09,117.82,130.62,163.63,134.14,136.55,128.875,132.29,120.29,141.92,86.42,77.525,53.385,44.87,48.605,56.695,54.925,50.4
2021-01-29 11:15,333.76,274.41,274.36,235.01,226.5,207.17,196.795,198.01,197.71,244.315,184.58,177.145,168.28,117.815,130.36,163.55,134.1,136.7,129.08,132.67,120.315,141.975,86.38,77.42,53.385,44.87,48.67,56.625,54.925,50.39
2021-01-29 11:20,334.3,274.94,274.975,234.75,226.68,207.66,196.7,197.865,197.315,243.99,184.44,177.11,168.485,118.21,130.27,163.445,134.05,136.79,129.32,132.4,120.265,142.07,86.3,77.37,53.48,44.905,48.635,56.8,54.925,50.3
2021-01-29 11:25,334.185,274.19,274.065,233.93,226.41,207.53,196.67,197.515,197.1,243.68,183.76,176.75,168.2,117.995,129.85,163.065,133.61,136.57,129.03,132.205,120.07,141.65,86.27,77.275,53.415,44.9,48.58,56.615,54.82,50.3
2021-01-29 11:30,333.63,273.85,273.87,233.87,226.35,207.195,196.18,197.285,196.27,243.55,183.195,176.535,168.0,117.825,129.5,162.56,133.535,136.37,128.9,131.71,120.06,141.65,86.09,77.15,53.04,44.885,48.515,56.785,54.795,50.345
2021-01-29 11:35,333.93,273.88,273.89,234.24,226.49,208.05,196.61,197.95,196.28,243.4,184.045,176.95,168.28,117.91,129.715,162.665,133.67,136.83,128.975,132.06,120.36,141.54,85.89,77.255,53.045,44.955,48.54,56.71,54.825,50.33
2021-01-29 11:40,334.32,274.18,273.86,234.03,226.655,208.14,196.23,198.08,196.41,243.49,184.04,177.04,168.06,118.12,129.67,162.52,133.71,136.87,128.805,132.43,120.43,141.44,86.11,77.27,52.895,44.955,48.485,56.72,54.825,50.52
2021-01-29 11:45,333.905,274.41,273.365,234.44,226.86,208.13,196.02,197.99,196.78,243.86,183.69,176.875,167.98,117.98,129.71,162.69,133.605,136.73,128.51,132.83,120.385,141.5,85.95,77.315,52.7,44.985,48.44,56.695,54.835,50.59
2021-01-29 11:50,334.16,274.255,273.3,234.28,226.685,207.655,195.79,197.28,196.545,243.13,183.27,176.615,167.66,118.01,129.46,162.57,133.27,136.55,128.37,132.355,120.09,141.3,85.92,77.215,52.735,44.99,48.435,56.575,54.785,50.62
2021-01-29 11:55,334.17,275.27,273.96,234.92,227.18,207.16,195.94,197.995,197.02,243.21,183.365,176.68,168.38,118.2,129.83,162.595,133.46,137.01,128.28,132.99,120.18,141.4,86.04,77.21,52.84,45.115,48.455,56.665,54.765,50.65
2021-01-29 12:00,334.34,274.91,274.44,235.05,227.1,207.65,196.2,197.54,197.145,243.425,183.61,176.655,168.355,118.12,129.74,162.55,133.475,137.09,128.39,133.155,120.285,141.64,85.865,77.055,52.76,45.135,48.505,56.575,54.825,50.74
2021-01-29 12:05,333.73,274.86,274.035,234.77,226.55,207.59,196.16,197.355,196.57,243.38,183.32,176.525,168.17,117.95,129.695,162.67,133.43,136.905,128.33,133.01,120.45,141.52,85.77,77.11,52.82,45.07,48.525,56.585,54.785,50.66
2021-01-29 12:10,332.715,274.77,273.07,234.39,226.075,207.34,195.8,196.9,196.2,242.995,183.32,176.23,167.95,117.96,129.57,162.56,133.085,136.97,128.305,132.83,120.22,141.375,85.7,77.03,52.82,45.045,48.435,56.505,54.8,50.63
2021-01-29 12:15,332.645,274.305,272.635,233.905,225.315,207.09,194.62,196.4,195.43,242.275,183.245,175.87,167.02,117.56,129.21,162.56,132.975,136.68,128.16,131.785,120.035,141.38,85.53,76.985,52.78,44.965,48.35,56.23,54.75,50.57
2021-01-29 12:20,332.43,274.12,272.125,233.625,224.74,206.81,193.78,196.305,194.94,241.95,183.02,175.715,166.79,117.58,129.03,162.28,132.99,136.665,128.13,131.67,120.005,141.33,85.405,76.9,52.725,44.875,48.295,56.105,54.715,50.425
2021-01-29 12:25,332.57,273.88,272.245,233.535,224.59,206.975,193.98,196.27,195.175,242.345,182.675,175.76,166.695,117.675,128.96,162.08,133.115,136.61,128.39,131.95,119.935,141.265,85.465,76.925,52.655,44.87,48.335,56.055,54.69,50.32
2021-01-29 12:30,332.02,273.17,271.78,233.16,224.385,207.06,194.0,196.03,194.38,242.26,182.29,175.635,166.71,117.51,128.76,161.54,132.98,136.585,128.41,131.56,119.935,141.43,85.405,76.935,52.635,44.885,48.325,56.075,54.68,50.27
2021-01-29 12:35,332.19,273.03,271.89,232.84,223.93,207.49,194.01,195.88,194.11,241.51,181.605,175.495,166.77,117.42,128.77,161.33,133.055,136.63,128.575,130.925,119.79,141.515,85.19,76.905,52.59,44.775,48.315,55.91,54.675,50.1
2021-01-29 12:40,332.57,272.35,271.805,232.7,223.91,207.83,194.08,196.53,194.05,241.935,181.645,175.535,166.51,117.125,128.72,161.445,133.03,136.935,128.725,130.955,119.85,141.47,85.265,76.955,52.67,44.855,48.35,56.0,54.825,50.075
2021-01-29 12:45,331.48,271.17,270.69,232.07,223.11,207.57,193.14,196.12,193.25,241.495,180.99,175.1,166.015,116.055,128.19,160.885,132.84,136.27,128.53,130.26,119.53,141.4,84.96,76.835,52.435,44.7,48.26,55.815,54.81,49.895
2021-01-29 12:50,332.75,272.93,271.63,232.535,224.345,207.86,194.185,196.75,195.48,242.265,182.12,175.325,167.1,116.35,128.695,161.25,133.45,136.62,128.635,131.17,120.13,141.52,85.57,76.99,52.66,44.83,48.31,55.975,54.735,50.05
2021-01-29 12:55,331.96,273.4,271.12,232.345,223.6,207.27,193.54,196.26,194.98,241.4,181.69,175.12,166.46,116.18,128.415,161.43,133.17,136.54,128.53,130.58,119.88,141.38,85.3,76.85,52.52,44.71,48.23,55.775,54.69,50.18
2021-01-29 13:00,331.675,272.96,271.42,232.37,223.885,207.27,193.915,196.48,195.065,241.65,181.71,175.25,167.04,116.82,128.63,160.89,133.37,136.65,128.59,130.875,119.93,141.25,85.27,76.76,52.57,44.685,48.26,55.875,54.705,50.33
2021-01-29 13:05,331.205,272.55,271.055,232.165,224.06,207.01,194.205,196.12,195.055,241.07,181.42,175.075,167.02,116.65,128.55,160.76,133.285,136.51,128.655,131.465,120.0,141.24,85.19,76.6,52.45,44.715,48.245,55.885,54.685,50.215
2021-01-29 13:10,331.5,271.77,270.99,232.0,223.85,206.89,193.605,195.85,194.15,240.87,181.21,175.135,166.87,116.68,128.485,161.18,133.105,136.45,128.57,131.135,119.89,141.165,85.16,76.58,52.46,44.705,48.205,55.785,54.655,50.35
2021-01-29 13:15,331.65,270.89,270.24,231.515,223.72,206.93,193.15,195.995,193.88,240.48,181.08,175.22,165.865,116.25,128.38,160.745,133.14,136.03,128.56,130.63,119.6,140.97,84.98,76.425,52.27,44.625,48.165,55.695,54.645,50.24
2021-01-29 13:20,332.75,271.21,271.0,232.26,224.37,207.25,193.07,195.995,194.095,240.46,181.24,175.59,166.85,116.585,128.615,161.19,133.525,136.465,128.65,131.23,119.85,140.98,85.02,76.54,52.47,44.645,48.195,55.835,54.675,50.16
2021-01-29 13:25,333.85,272.49,271.77,233.3,225.185,207.375,193.44,196.56,195.16,241.4,181.97,176.015,167.59,116.99,128.825,162.09,133.91,136.56,128.78,132.05,120.09,141.2,85.375,76.76,52.665,44.855,48.315,56.005,54.91,50.325
2021-01-29 13:30,333.57,271.55,271.76,233.08,224.75,207.255,193.92,196.43,194.91,241.26,182.04,175.99,167.45,116.68,128.68,161.98,133.89,136.38,128.865,131.83,120.115,141.03,85.325,76.795,52.6,44.83,48.29,56.06,54.815,50.28
2021-01-29 13:35,333.51,271.53,272.0,233.37,224.92,207.0,194.06,196.56,194.81,241.31,182.25,175.925,167.66,116.495,128.44,162.155,134.125,136.42,128.815,132.41,120.17,141.135,85.4,76.84,52.61,44.785,48.29,56.06,54.865,50.27
2021-01-29 13:40,333.225,271.46,272.12,233.38,224.97,207.315,193.88,196.38,195.21,241.41,181.94,176.06,167.645,116.585,128.555,162.17,134.115,136.17,128.925,132.545,120.115,141.175,85.55,76.91,52.57,44.795,48.385,56.055,54.855,50.4
2021-01-29 13:45,332.92,271.19,271.455,233.18,224.32,206.95,193.52,195.74,194.58,240.86,181.98,176.095,167.08,116.38,128.27,161.92,133.76,136.285,128.76,132.03,119.87,140.96,85.36,76.765,52.43,44.715,48.26,55.77,54.795,50.285
2021-01-29 13:50,332.96,271.265,271.45,232.985,224.135,207.04,193.46,195.82,194.61,240.715,181.825,176.06,167.18,116.56,128.47,161.98,133.67,136.19,128.665,131.78,119.56,141.1,85.4,76.86,52.48,44.685,48.28,55.745,54.775,50.415
2021-01-29 13:55,332.94,270.96,271.135,232.955,224.43,206.92,193.76,195.58,194.3,240.6,181.63,175.755,167.22,116.47,128.41,162.61,133.685,136.125,128.6,131.605,119.52,140.97,85.17,77.0,52.225,44.685,48.265,55.715,54.785,50.27
2021-01-29 14:00,333.8,272.78,271.87,233.65,225.11,207.41,194.56,196.165,195.195,242.25,181.84,176.465,168.02,116.96,129.03,163.09,134.12,136.6,128.81,132.075,119.88,141.09,85.24,77.22,52.5,44.815,48.38,55.965,54.935,50.48
2021-01-29 14:05,333.83,273.02,272.215,233.81,225.68,207.6,194.88,196.51,195.2,241.96,182.18,176.725,168.595,117.16,129.3,162.93,134.37,136.61,128.67,132.5,120.02,141.175,85.345,77.26,52.525,44.905,48.435,55.985,55.005,50.395
2021-01-29 14:10,333.75,272.84,272.11,233.805,225.71,207.52,194.88,196.71,194.82,241.62,182.235,176.8,168.44,117.3,129.385,162.935,134.45,136.66,128.7,132.185,120.01,141.16,85.25,77.245,52.42,44.87,48.4,55.885,55.025,50.36
2021-01-29 14:15,334.425,272.95,271.885,233.725,225.72,207.67,195.0,196.81,194.93,241.37,182.3,176.78,168.61,117.23,129.38,162.95,134.365,136.67,128.63,132.38,119.965,141.29,85.22,77.2,52.445,44.805,48.38,55.815,55.075,50.32
2021-01-29 14:20,334.19,272.68,271.85,233.535,225.71,207.525,194.73,196.845,194.62,241.51,182.22,176.68,168.65,116.93,129.39,163.04,134.29,136.56,128.59,132.21,119.79,141.175,85.21,77.345,52.39,44.81,48.395,55.72,55.085,50.26
2021-01-29 14:25,333.825,272.29,270.84,233.61,225.74,207.185,194.43,196.425,194.07,241.24,182.135,176.405,168.61,116.9,129.13,162.795,134.31,136.58,128.51,131.945,119.52,141.01,85.12,77.24,52.285,44.725,48.33,55.595,54.965,50.15
2021-01-29 14:30,333.855,271.925,270.62,232.805,224.945,207.41,194.26,195.59,193.81,240.995,181.86,175.965,167.66,116.56,128.9,162.575,133.925,136.585,128.55,131.475,119.46,141.02,85.115,77.26,52.15,44.6,48.26,55.54,55.005,50.16
2021-01-29 14:35,334.22,272.2,270.6,232.875,225.255,207.41,194.39,195.655,193.95,241.36,182.02,175.98,168.01,116.69,128.935,162.87,134.02,136.54,128.53,131.48,119.655,141.05,85.11,77.265,52.17,44.58,48.335,55.535,54.975,50.12
2021-01-29 14:40,334.36,272.31,270.72,232.85,225.435,207.615,194.4,195.5,193.95,241.36,182.44,175.92,168.12,116.8,129.03,162.945,134.01,136.82,128.555,131.505,119.775,141.11,85.23,77.275,52.21,44.635,48.355,55.515,55.035,50.1
2021-01-29 14:45,334.055,271.71,270.665,233.0,225.44,207.695,194.695,195.43,193.82,240.945,182.6,176.145,168.16,116.77,129.055,163.34,134.15,136.71,128.685,131.33,119.69,141.17,85.24,77.46,52.23,44.595,48.415,55.46,55.045,50.15
2021-01-29 14:50,333.97,272.05,270.33,233.27,225.625,207.96,194.79,195.355,193.98,241.04,182.71,176.12,168.21,116.93,129.06,163.055,134.22,136.85,128.59,131.66,119.635,141.11,85.325,77.37,52.145,44.61,48.425,55.445,55.06,50.135
2021-01-29 14:55,333.915,271.6,270.665,233.36,225.76,208.09,194.68,195.25,193.84,241.07,182.99,176.215,168.29,116.89,129.14,163.045,134.145,136.93,128.63,131.6,119.47,141.11,85.25,77.35,52.19,44.615,48.43,55.365,54.955,50.06
2021-01-29 15:00,334.83,272.445,271.595,234.61,226.435,208.555,195.29,195.81,194.78,241.91,183.7,176.73,168.98,117.28,129.615,163.78,134.68,136.92,129.05,132.47,119.95,141.475,85.49,77.59,52.335,44.775,48.545,55.585,55.115,50.155
2021-01-29 15:05,335.14,272.43,271.63,234.32,226.0,208.55,195.33,196.035,194.93,242.01,183.89,176.865,169.04,117.19,129.71,163.96,134.65,137.04,129.025,132.54,119.835,141.34,85.64,77.68,52.405,44.785,48.53,55.605,55.185,50.13
2021-01-29 15:10,335.205,272.75,271.83,234.55,226.25,208.365,194.97,195.945,194.98,242.505,184.05,176.855,169.11,117.23,129.795,164.15,134.83,137.04,129.08,132.76,119.99,141.45,85.7,77.675,52.48,44.83,48.515,55.705,55.165,50.335
2021-01-29 15:15,335.085,272.9,271.42,234.43,226.45,208.54,195.04,195.905,195.255,242.93,183.84,176.655,169.05,117.02,129.74,163.98,134.67,136.755,128.925,132.73,119.77,141.2,85.66,77.55,52.45,44.835,48.4,55.68,55.115,50.325
2021-01-29 15:20,335.44,273.42,271.675,234.51,226.37,209.19,194.67,196.165,195.135,243.18,183.98,176.76,169.3,117.145,129.84,163.52,134.825,136.85,128.99,133.005,120.02,141.24,85.685,77.465,52.51,44.865,48.435,55.685,55.065,50.535
2021-01-29 15:25,335.52,273.16,271.47,233.86,226.075,208.37,195.05,196.29,194.89,242.76,184.03,176.875,169.12,117.07,129.52,163.21,134.745,136.71,128.8,132.53,119.885,141.155,85.595,77.525,52.5,44.79,48.355,55.655,55.055,50.48
2021-01-29 15:30,336.26,273.52,271.67,234.03,226.41,208.51,195.7,196.56,194.915,243.51,184.405,177.265,169.25,117.25,129.765,163.76,134.82,136.755,128.89,133.42,119.895,141.17,85.715,77.57,52.54,44.825,48.38,55.715,55.005,50.45
2021-01-29 15:35,335.27,272.8,270.81,233.41,225.365,207.57,194.92,196.01,194.14,242.5,183.59,176.61,168.73,116.675,129.5,163.32,134.055,136.59,128.57,132.65,119.405,140.855,85.18,77.29,52.4,44.63,48.255,55.6,54.81,50.43
2021-01-29 15:40,334.42,272.16,270.55,233.125,225.42,207.51,194.77,195.815,194.1,241.735,183.11,176.215,168.49,116.69,129.19,163.01,133.97,136.54,128.485,132.765,119.115,140.85,85.105,77.225,52.29,44.605,48.235,55.645,54.81,50.325
2021-01-29 15:45,334.82,271.45,270.62,232.79,225.29,207.5,194.425,195.75,194.24,241.75,183.11,176.17,168.29,116.4,128.77,163.22,133.825,136.58,128.375,132.35,119.015,140.745,85.16,77.295,52.26,44.54,48.17,55.56,54.8,50.27
2021-01-29 15:50,336.05,271.97,271.715,233.09,226.37,208.68,194.845,196.225,194.81,242.19,183.8,176.47,168.965,116.64,129.065,163.835,134.43,137.01,128.56,132.59,119.36,140.955,85.47,77.475,52.215,44.725,48.345,55.725,54.885,50.37
2021-01-29 15:55,333.76,271.33,270.75,231.7,225.4,207.825,192.91,195.21,194.2,241.17,182.89,175.655,168.37,116.39,128.48,163.07,133.65,136.44,128.195,131.78,119.065,140.51,85.22,77.01,51.89,44.57,48.15,55.475,54.715,50.25
2021-04-30 09:30,399.785,350.05,325.21,250.49,232.77,234.77,234.21,222.885,234.89,235.65,225.59,198.61,183.99,153.52,153.71,164.105,133.25,155.9,133.12,132.67,142.83,139.61,104.585,74.095,63.18,50.955,54.14,57.63,57.26,52.9
2021-04-30 09:35,400.06,350.37,324.535,251.35,233.5,235.025,233.74,223.15,235.525,237.04,225.56,198.07,183.99,153.555,153.435,164.175,133.615,155.8,133.06,132.49,142.63,139.31,104.34,74.305,63.27,50.995,54.005,57.83,57.245,53.08
2021-04-30 09:40,401.29,350.415,324.555,250.38,233.87,235.85,233.49,222.9,234.83,237.69,225.18,197.85,184.02,153.16,153.695,164.24,133.425,155.8,132.86,132.01,142.35,139.45,104.575,74.39,63.32,50.885,54.08,57.705,57.24,53.17
2021-04-30 09:45,400.26,351.63,324.31,250.18,233.665,235.83,232.75,223.09,235.38,237.55,226.8,197.64,184.59,153.5,154.135,164.01,133.67,156.19,132.645,132.335,142.26,139.44,105.275,74.52,63.47,50.85,54.0,57.99,57.14,53.29
2021-04-30 09:50,399.99,351.94,324.01,250.29,233.5,235.67,232.74,223.1,236.105,237.77,227.8,197.635,184.78,153.745,154.35,164.06,133.63,156.365,132.69,132.32,142.27,139.43,105.0,74.745,63.67,50.825,54.02,58.04,57.175,53.29
2021-04-30 09:55,399.68,352.55,323.91,250.64,233.76,235.33,233.32,222.7,236.52,238.015,227.96,197.48,184.93,153.5,154.32,163.9,133.27,156.24,132.32,132.78,141.69,139.31,105.05,74.73,63.56,50.8,53.87,58.205,57.085,53.21
2021-04-30 10:00,399.51,351.88,323.7,251.04,233.65,235.4,233.455,222.8,236.1,238.195,228.13,197.32,185.41,153.57,154.26,163.64,133.235,156.285,132.63,132.56,141.37,139.43,104.95,74.69,63.615,50.805,53.86,58.02,57.09,53.18
2021-04-30 10:05,399.27,351.18,322.99,251.38,233.43,234.91,233.46,222.44,235.325,237.98,228.14,196.8,185.03,153.69,154.26,163.55,133.175,156.13,132.82,132.68,141.0,139.17,104.855,74.545,63.45,50.745,53.77,58.23,57.065,53.25
2021-04-30 10:10,399.04,350.15,322.73,251.315,233.115,234.56,233.42,222.235,235.09,237.205,228.2,196.73,185.08,153.4,154.14,163.305,132.99,156.2,132.7,132.59,140.985,139.24,104.82,74.37,63.295,50.725,53.74,58.285,57.055,53.13
2021-04-30 10:15,398.935,349.87,322.915,251.805,233.7,234.535,233.59,222.49,234.72,236.79,227.96,196.88,185.19,153.395,154.02,163.24,133.04,156.07,132.775,132.87,140.95,139.265,104.13,74.505,63.155,50.73,53.77,58.34,57.065,53.08
2021-04-30 10:20,398.67,349.66,322.85,252.265,234.17,234.395,233.99,222.67,234.4,236.96,227.9,196.86,184.79,153.235,153.895,163.485,132.93,156.035,132.9,133.06,140.96,139.265,104.005,74.635,63.07,50.755,53.78,58.34,57.05,52.98
2021-04-30 10:25,399.57,350.14,323.39,252.76,234.36,234.55,234.24,222.76,234.41,237.315,228.08,197.25,185.215,153.43,154.09,163.695,133.17,156.01,133.1,133.29,141.305,139.415,104.26,74.86,63.05,50.855,53.82,58.295,57.115,52.97
2021-04-30 10:30,399.11,349.0,323.59,252.64,234.01,234.38,233.88,222.68,234.145,237.505,228.11,197.175,185.33,153.155,153.805,163.69,133.27,155.54,133.43,133.28,140.895,139.54,103.9,74.86,63.095,50.83,53.85,58.32,57.195,52.97
2021-04-30 10:35,399.04,348.24,322.96,251.97,233.175,234.04,233.41,222.35,233.16,237.25,227.51,196.9,184.955,152.835,153.61,163.64,133.07,155.42,133.45,133.25,140.79,139.435,103.75,74.72,62.96,50.695,53.84,58.215,57.21,52.98
2021-04-30 10:40,399.21,348.26,322.885,252.24,233.23,234.52,233.35,222.515,233.44,237.35,228.11,197.125,184.635,152.865,153.54,163.71,133.105,155.34,133.435,133.49,140.73,139.405,103.93,74.76,62.895,50.69,53.83,58.285,57.245,53.01
2021-04-30 10:45,399.33,347.65,322.635,252.22,233.095,234.61,233.28,222.305,233.19,237.64,227.725,196.825,184.57,152.525,153.335,163.75,133.25,155.03,133.62,133.54,140.785,139.535,103.58,74.945,62.61,50.73,53.88,58.225,57.345,53.005
2021-04-30 10:50,399.35,347.77,322.7,251.96,232.42,234.83,233.0,222.39,233.07,237.61,227.66,196.895,184.45,152.75,153.485,163.655,133.3,155.23,133.505,133.395,140.755,139.69,103.71,74.845,62.63,50.72,53.93,58.165,57.415,53.065
2021-04-30 10:55,399.975,347.86,322.205,251.8,232.33,235.04,232.725,222.45,233.15,237.88,227.27,196.955,184.445,152.965,153.62,163.76,133.31,155.18,133.49,133.45,141.01,139.555,103.69,75.06,62.7,50.715,53.95,58.035,57.52,53.07
2021-04-30 11:00,399.61,347.39,322.475,251.59,232.35,235.18,233.125,222.19,233.075,237.42,226.56,196.92,184.545,153.04,153.61,163.67,133.03,155.27,133.4,133.28,141.04,139.5,103.66,74.93,62.46,50.71,53.95,58.045,57.46,53.055
2021-04-30 11:05,399.32,347.81,322.455,251.42,231.565,234.99,233.215,222.09,232.975,237.55,225.935,196.935,184.475,152.89,153.44,163.595,132.89,155.26,133.38,133.185,140.975,139.58,103.68,74.82,62.53,50.665,53.96,58.03,57.43,53.09
2021-04-30 11:10,399.645,348.29,322.32,251.515,231.77,234.865,233.195,222.0,233.08,238.265,225.76,197.01,184.53,153.045,153.46,163.595,132.91,155.35,133.26,133.215,141.14,139.58,103.67,74.79,62.565,50.69,53.895,58.04,57.465,53.11
2021-04-30 11:15,398.955,348.38,322.53,250.995,231.12,234.98,232.78,221.915,233.285,238.29,225.64,196.83,184.29,152.86,153.36,163.355,132.91,155.245,133.12,133.1,141.115,139.405,103.7,74.71,62.505,50.63,53.86,57.98,57.41,53.09
2021-04-30 11:20,399.39,348.42,322.79,251.06,230.91,235.17,233.06,222.08,233.515,238.26,225.94,196.92,184.29,153.025,153.375,163.52,132.92,155.37,133.14,133.1,141.21,139.57,103.68,74.84,62.6,50.64,53.895,57.985,57.39,53.155
2021-04-30 11:25,399.16,348.12,322.395,250.855,230.935,234.79,232.735,222.07,233.36,238.44,225.87,196.86,184.16,152.87,153.275,163.48,132.78,155.26,133.02,133.11,141.12,139.37,103.745,74.66,62.495,50.6,53.815,57.905,57.36,53.13
2021-04-30 11:30,398.96,348.65,322.96,251.145,231.445,234.765,232.785,221.84,233.505,238.53,225.89,196.615,184.28,152.78,153.215,163.46,132.935,155.18,132.96,133.08,140.875,139.35,103.72,74.74,62.42,50.58,53.79,57.965,57.275,53.03
2021-04-30 11:35,399.485,348.3,323.16,251.5,231.64,234.88,232.98,221.91,233.245,238.76,225.78,196.38,184.525,152.95,153.09,163.54,132.97,155.22,133.24,133.13,140.81,139.37,103.835,74.79,62.37,50.605,53.83,57.91,57.36,53.02
2021-04-30 11:40,399.65,348.3,323.115,251.45,231.28,234.88,233.005,222.145,233.13,238.56,225.665,196.41,184.54,152.91,153.15,163.47,133.08,155.28,133.25,133.115,140.92,139.53,103.86,74.665,62.4,50.64,53.85,57.85,57.435,53.0
2021-04-30 11:45,400.095,348.73,323.14,251.69,231.415,235.02,233.24,222.265,233.18,238.52,225.92,196.595,184.6,153.02,153.265,163.52,133.04,155.49,133.36,133.15,141.21,139.68,103.8,74.645,62.48,50.665,53.89,57.855,57.48,53.06
2021-04-30 11:50,400.055,348.83,322.955,251.9,231.65,234.92,233.44,222.31,233.58,238.61,225.58,196.24,184.89,153.01,153.21,163.505,132.98,155.405,133.38,133.175,141.19,139.585,103.85,74.555,62.435,50.71,53.905,57.95,57.43,53.125
2021-04-30 11:55,399.72,348.79,323.17,251.89,231.76,234.95,233.745,222.44,233.56,238.73,225.54,196.28,184.815,153.1,153.38,163.55,132.98,155.455,133.36,133.03,141.325,139.64,103.655,74.61,62.42,50.68,53.935,57.87,57.465,53.11
2021-04-30 12:00,399.58,348.87,322.86,251.56,231.86,234.93,233.59,222.38,233.79,238.79,225.38,196.345,184.86,153.01,153.47,163.54,132.905,155.44,133.31,132.83,141.295,139.68,103.585,74.62,62.55,50.685,53.95,57.795,57.47,53.13
2021-04-30 12:05,399.77,348.61,322.905,251.85,232.035,235.255,233.71,222.405,233.695,238.81,225.46,196.36,184.93,153.12,153.425,163.575,133.015,155.275,133.39,133.0,141.27,139.53,103.625,74.62,62.565,50.72,53.95,57.815,57.48,53.09
2021-04-30 12:10,399.26,349.06,323.015,251.77,231.965,235.32,233.675,222.6,233.69,238.53,225.7,196.61,184.965,153.25,153.45,163.65,132.99,155.2,133.3,133.085,141.295,139.455,103.655,74.53,62.635,50.705,53.96,57.8,57.54,53.04
2021-04-30 12:15,399.485,348.38,322.995,252.04,232.07,235.12,233.815,222.39,233.49,238.6,225.63,196.52,184.97,152.98,153.345,163.68,132.78,154.99,133.25,133.055,141.18,139.47,103.64,74.48,62.585,50.65,53.94,57.81,57.49,52.985
2021-04-30 12:20,399.285,348.8,323.23,251.685,231.96,235.08,233.635,222.4,233.58,238.7,225.87,196.67,185.24,152.89,153.37,163.72,132.795,154.965,133.32,133.05,141.23,139.485,103.77,74.455,62.59,50.635,53.94,57.795,57.5,52.92
2021-04-30 12:25,399.42,348.78,323.175,251.835,232.03,235.16,233.705,222.465,233.51,238.67,226.19,196.7,185.155,153.035,153.35,163.76,132.87,154.99,133.25,133.1,141.35,139.52,103.695,74.47,62.64,50.655,53.96,57.755,57.485,52.865
2021-04-30 12:30,399.8,349.06,323.02,251.62,231.445,235.25,233.865,222.28,233.67,238.4,226.235,196.745,184.97,153.16,153.39,163.725,132.795,154.9,133.26,132.99,141.39,139.61,103.605,74.5,62.65,50.615,53.96,57.72,57.51,52.85
2021-04-30 12:35,399.915,349.31,322.95,251.465,231.17,234.96,233.71,221.92,233.56,238.475,226.275,196.78,185.015,153.24,153.385,163.69,132.73,154.78,133.19,132.79,141.29,139.66,103.795,74.445,62.62,50.585,53.91,57.73,57.51,52.99
2021-04-30 12:40,399.92,349.09,323.095,251.5,231.3,235.05,233.845,221.955,233.41,238.795,226.51,196.92,184.97,153.16,153.3,163.74,132.87,154.87,133.25,132.575,141.22,139.685,103.79,74.5,62.7,50.58,53.905,57.7,57.57,52.975
2021-04-30 12:45,399.69,348.92,323.25,251.56,231.16,235.25,233.98,221.72,233.37,239.03,226.57,196.825,185.065,153.165,153.295,163.705,132.82,154.84,133.23,132.59,141.27,139.61,103.82,74.57,62.625,50.59,53.895,57.725,57.52,52.97
2021-04-30 12:50,399.275,348.74,323.155,251.49,231.095,235.1,233.91,221.54,233.29,239.27,226.7,196.57,185.21,153.21,153.345,163.79,132.82,154.695,133.19,132.55,141.25,139.64,103.805,74.575,62.62,50.575,53.9,57.67,57.48,52.95
2021-04-30 12:55,399.6,349.1,322.98,251.39,231.43,235.14,234.01,221.44,233.4,239.42,227.085,196.67,185.27,153.4,153.43,163.85,132.97,154.73,133.025,132.44,141.2,139.55,103.775,74.64,62.68,50.585,53.88,57.69,57.465,52.94
2021-04-30 13:00,399.36,349.04,322.77,251.66,231.56,235.14,234.11,221.18,233.23,239.39,227.28,196.6,185.23,153.41,153.285,163.745,132.895,154.68,133.05,132.55,141.175,139.58,103.76,74.645,62.6,50.59,53.89,57.66,57.41,52.92
2021-04-30 13:05,399.5,349.585,322.835,251.76,231.82,235.2,234.28,221.155,233.35,239.76,227.77,196.72,185.305,153.5,153.54,163.795,132.85,154.74,133.11,132.6,141.32,139.575,103.83,74.65,62.64,50.615,53.885,57.68,57.51,52.925
2021-04-30 13:10,399.41,349.46,322.73,251.665,231.725,235.1,234.21,221.19,233.38,239.71,227.655,196.72,185.345,153.32,153.385,163.67,132.77,154.67,133.04,132.44,141.355,139.49,103.75,74.615,62.65,50.575,53.835,57.66,57.5,52.86
2021-04-30 13:15,399.55,349.445,322.58,251.51,231.495,235.12,234.03,221.18,233.19,239.61,227.51,196.76,185.36,153.29,153.355,163.66,132.74,154.595,133.08,132.39,141.41,139.505,103.69,74.62,62.62,50.575,53.855,57.645,57.52,52.905
2021-04-30 13:20,399.835,349.99,322.99,251.6,231.63,235.28,234.25,221.26,233.58,239.63,227.955,196.87,185.56,153.33,153.59,163.55,132.865,154.75,133.07,132.44,141.4,139.485,103.72,74.495,62.65,50.605,53.87,57.69,57.58,52.905
2021-04-30 13:25,400.29,350.24,323.54,251.74,231.695,235.47,234.36,221.415,233.92,239.75,227.69,196.72,186.13,153.45,153.68,163.68,133.03,154.805,133.08,132.29,141.57,139.58,103.73,74.55,62.65,50.635,53.895,57.665,57.605,52.96
2021-04-30 13:30,400.31,350.515,323.59,251.855,231.49,235.33,234.4,221.64,234.045,240.16,227.61,196.81,186.02,153.525,153.77,163.75,133.055,154.96,133.105,132.3,141.485,139.615,103.71,74.6,62.68,50.615,53.92,57.635,57.65,53.01
2021-04-30 13:35,400.43,350.71,323.57,252.12,231.575,235.21,234.475,221.77,234.245,240.12,227.61,196.94,186.105,153.565,153.9,163.685,133.075,154.95,133.02,132.35,141.54,139.54,103.72,74.595,62.68,50.615,53.945,57.665,57.72,53.0
2021-04-30 13:40,400.17,350.575,323.43,251.82,231.105,235.275,234.23,221.93,234.17,240.2,227.615,197.005,186.1,153.6,153.85,163.74,132.95,154.755,133.07,132.105,141.535,139.595,103.845,74.615,62.67,50.57,53.925,57.62,57.74,53.035
2021-04-30 13:45,400.09,350.075,323.155,251.48,230.6,235.27,234.175,221.595,233.855,240.54,227.48,196.775,185.725,153.375,153.78,163.76,132.8,154.77,133.1,131.94,141.33,139.66,103.68,74.72,62.535,50.495,53.925,57.55,57.69,52.975
2021-04-30 13:50,399.61,349.6,322.66,251.29,230.53,235.15,233.8,221.42,233.5,240.0,227.29,196.615,185.46,153.09,153.6,163.62,132.805,154.625,133.02,131.785,141.28,139.53,103.46,74.695,62.5,50.465,53.87,57.475,57.675,52.95
2021-04-30 13:55,399.315,349.55,322.59,251.32,230.665,234.955,233.61,221.155,233.46,239.61,226.91,196.54,185.42,153.13,153.585,163.54,132.76,154.56,133.07,131.74,141.275,139.58,103.53,74.61,62.44,50.45,53.875,57.415,57.69,52.94
2021-04-30 14:00,399.46,348.855,322.835,251.38,230.335,235.06,233.85,221.06,233.125,239.26,226.885,196.28,185.41,153.035,153.51,163.485,132.65,154.56,133.14,131.57,141.27,139.75,103.43,74.7,62.345,50.47,53.885,57.315,57.645,52.93
2021-04-30 14:05,399.82,349.105,323.19,251.55,230.62,235.19,234.04,221.225,233.24,239.67,227.05,196.315,185.525,153.005,153.57,163.41,132.765,154.4,133.09,131.68,141.295,139.665,103.335,74.69,62.435,50.51,53.87,57.365,57.68,52.94
2021-04-30 14:10,399.73,349.34,323.425,251.55,230.635,235.25,234.295,221.35,233.35,239.74,227.21,196.385,185.64,153.24,153.61,163.4,132.8,154.55,133.03,131.715,141.435,139.66,103.34,74.685,62.44,50.53,53.875,57.395,57.675,53.1
2021-04-30 14:15,400.04,349.76,323.55,251.535,230.73,235.33,234.105,221.665,233.48,239.73,227.47,196.58,185.63,153.39,153.765,163.355,132.85,154.765,133.12,131.72,141.405,139.7,103.44,74.7,62.51,50.55,53.935,57.39,57.7,53.09
2021-04-30 14:20,399.97,349.82,323.465,251.48,230.73,235.35,233.99,221.785,233.59,239.95,227.23,196.655,185.555,153.47,153.64,163.33,132.575,154.78,133.1,131.575,141.555,139.75,103.5,74.695,62.49,50.55,53.955,57.315,57.68,53.09
2021-04-30 14:25,400.15,350.1,323.69,251.87,230.845,235.46,234.23,221.86,233.82,240.055,227.32,196.52,185.83,153.36,153.72,163.3,132.705,154.86,133.165,131.86,141.64,139.81,103.38,74.7,62.445,50.615,53.965,57.3,57.715,53.195
2021-04-30 14:30,399.815,350.065,323.73,251.9,230.805,235.44,234.335,221.975,233.875,240.065,227.505,196.4,185.89,153.47,153.75,163.17,132.68,154.84,133.16,131.88,141.65,139.805,103.395,74.635,62.485,50.6,53.925,57.235,57.635,53.115
2021-04-30 14:35,399.89,349.86,323.7,251.89,230.71,235.38,234.17,222.01,233.555,240.25,227.495,196.605,185.95,153.345,153.73,163.11,132.66,154.78,133.19,131.895,141.72,139.725,103.41,74.63,62.47,50.59,53.9,57.215,57.65,53.17
2021-04-30 14:40,399.98,349.59,323.76,252.17,230.74,235.39,234.385,222.11,233.785,240.37,227.39,196.79,186.125,153.31,153.725,163.115,132.73,154.885,133.19,132.045,141.8,139.83,103.545,74.59,62.5,50.635,53.92,57.22,57.65,53.18
2021-04-30 14:45,399.88,349.51,323.36,252.15,230.47,235.28,234.34,222.145,234.11,240.225,227.21,196.53,185.94,153.155,153.7,162.94,132.72,154.785,133.045,132.05,141.835,139.74,103.41,74.52,62.48,50.63,53.89,57.195,57.605,53.165
2021-04-30 14:50,399.865,349.44,323.34,252.065,230.365,235.49,234.4,222.35,234.23,240.0,227.24,196.54,186.085,153.36,153.73,162.97,132.69,154.74,133.08,131.97,142.0,139.83,103.555,74.495,62.415,50.68,53.94,57.2,57.635,53.23
2021-04-30 14:55,399.545,349.255,323.14,252.02,230.19,235.355,234.155,222.205,234.07,239.875,227.03,196.3,185.91,153.27,153.62,162.875,132.58,154.715,133.105,131.86,141.805,139.87,103.43,74.47,62.335,50.68,53.92,57.15,57.645,53.22
2021-04-30 15:00,399.63,349.31,323.295,252.035,229.865,235.31,233.98,222.3,234.075,239.87,226.94,196.315,185.81,153.3,153.625,162.695,132.47,154.7,133.0,131.87,141.82,139.74,103.385,74.46,62.39,50.69,53.93,57.1,57.63,53.245
2021-04-30 15:05,399.665,349.09,323.2,251.94,229.79,235.32,233.93,222.225,233.9,239.99,227.025,196.17,185.685,153.3,153.675,162.75,132.325,154.59,133.03,131.64,141.83,139.77,103.355,74.405,62.42,50.69,53.925,57.18,57.64,53.26
2021-04-30 15:10,399.735,348.765,323.19,252.035,229.89,235.47,233.815,222.395,233.8,240.0,227.115,196.48,185.65,153.265,153.6,163.01,132.405,154.455,133.06,131.545,141.82,139.73,103.345,74.415,62.405,50.69,53.865,57.15,57.59,53.205
2021-04-30 15:15,399.82,348.46,323.105,251.945,229.785,235.36,233.75,222.545,233.54,240.145,227.15,196.485,185.735,153.08,153.54,163.075,132.35,154.44,133.06,131.48,141.87,139.735,103.29,74.465,62.365,50.7,53.905,57.2,57.65,53.22
2021-04-30 15:20,400.11,348.86,323.445,252.27,230.205,235.51,233.94,222.87,233.94,240.18,227.51,197.01,185.68,153.325,153.71,162.99,132.395,154.54,133.19,131.58,141.99,139.86,103.4,74.545,62.485,50.72,53.935,57.205,57.7,53.32
2021-04-30 15:25,400.07,349.17,323.59,252.565,230.11,235.59,234.205,222.985,234.07,240.445,227.795,197.0,185.88,153.49,153.92,163.165,132.4,154.705,133.24,131.67,142.085,139.955,103.52,74.565,62.54,50.73,53.975,57.275,57.72,53.355
2021-04-30 15:30,399.83,348.92,323.745,252.52,229.98,235.59,233.93,222.91,234.09,240.41,227.78,196.805,185.94,153.42,153.79,163.05,132.38,154.56,133.31,131.54,141.87,139.945,103.4,74.565,62.475,50.71,53.975,57.255,57.745,53.41
2021-04-30 15:35,399.5,348.955,323.62,252.22,230.05,235.55,233.98,223.1,233.93,240.38,227.79,197.05,185.78,153.44,153.93,163.075,132.46,154.475,133.18,131.65,142.05,139.88,103.375,74.6,62.495,50.725,53.95,57.28,57.785,53.265
2021-04-30 15:40,398.76,348.27,323.16,251.82,229.7,235.35,233.525,222.93,233.63,239.95,227.41,196.82,185.53,153.025,153.62,163.165,132.265,154.18,133.21,131.41,141.88,139.87,103.33,74.62,62.53,50.685,53.89,57.22,57.655,53.12
2021-04-30 15:45,399.27,348.62,323.84,252.15,230.115,235.81,233.84,223.285,233.94,239.855,227.97,197.305,185.85,153.395,153.93,163.26,132.43,154.295,133.3,131.505,141.94,139.91,103.475,74.7,62.58,50.775,53.965,57.275,57.76,53.035
2021-04-30 15:50,398.99,348.67,323.72,251.62,230.01,235.79,233.22,223.37,233.89,239.275,227.94,197.19,185.905,153.505,153.75,162.895,132.435,154.52,133.2,131.15,141.87,139.77,103.26,74.56,62.595,50.88,53.93,57.355,57.73,53.09
2021-04-30 15:55,398.8,348.13,323.44,252.12,230.2,236.005,233.7,223.03,234.21,239.57,228.07,197.105,185.98,153.34,153.83,162.62,132.54,154.63,133.285,131.44,141.88,139.88,103.05,74.37,62.48,50.93,53.95,57.56,57.825,53.11
2021-05-03 09:30,402.67,350.78,327.19,253.125,230.4,237.74,235.395,224.305,235.22,242.19,230.17,197.9,188.16,154.505,154.43,163.625,133.065,155.85,134.52,132.665,143.8,140.68,103.63,74.41,63.63,51.2,54.22,57.73,58.225,53.575
2021-05-03 09:35,402.57,350.9,327.1,252.155,228.76,236.86,234.585,224.46,236.39,242.655,230.27,198.13,188.14,154.62,154.515,163.15,132.88,156.11,134.47,132.605,144.185,140.735,103.64,74.45,63.63,51.255,54.17,57.47,58.11,53.78
2021-05-03 09:40,401.61,352.71,328.31,252.565,228.35,236.8,234.89,224.5,236.205,243.73,230.03,198.65,188.695,155.1,154.945,163.835,132.875,156.28,134.55,132.9,144.35,140.98,104.19,74.35,63.71,51.24,54.32,57.495,58.2,54.12
2021-05-03 09:45,402.65,352.43,328.61,252.445,228.255,237.44,235.37,224.6,236.65,244.13,229.68,198.435,188.43,155.48,155.3,164.27,133.275,156.38,134.895,133.14,145.05,141.33,104.34,74.645,63.495,51.36,54.465,57.48,58.26,54.215
2021-05-03 09:50,402.93,352.725,330.38,252.89,227.96,237.31,235.41,224.215,236.21,244.49,230.14,198.145,188.94,155.33,155.17,164.29,133.41,156.19,134.795,133.26,144.985,141.42,104.365,74.72,63.55,51.33,54.49,57.43,58.12,54.16
2021-05-03 09:55,402.78,353.14,329.86,253.21,227.26,237.35,235.23,223.84,235.69,245.21,230.03,198.2,188.53,154.98,155.04,164.44,133.1,156.015,134.91,133.21,145.1,141.38,104.64,74.81,63.605,51.235,54.53,57.42,58.16,54.24
2021-05-03 10:00,402.81,352.17,329.295,253.41,228.22,236.88,234.745,222.995,235.885,245.5,228.69,197.115,188.535,154.84,154.54,163.6,132.74,156.04,134.405,133.235,144.18,141.19,104.635,74.705,63.465,51.09,54.49,57.24,58.05,54.1
2021-05-03 10:05,403.28,351.87,329.565,253.69,228.79,237.06,235.06,222.675,234.855,246.33,228.34,196.96,188.715,154.84,154.26,163.585,133.16,155.96,134.29,133.52,144.225,141.27,104.64,74.925,63.42,51.115,54.46,57.2,58.065,54.2
2021-05-03 10:10,402.97,351.32,329.77,253.83,228.83,237.04,235.155,222.44,234.08,246.235,228.4,196.885,188.08,154.43,153.895,163.67,133.0,155.86,134.44,133.75,143.92,141.33,104.395,74.93,63.24,51.15,54.51,57.27,58.03,54.2
2021-05-03 10:15,403.07,351.28,330.06,254.155,229.15,237.42,235.655,222.45,234.595,246.09,227.3,196.66,188.11,154.38,153.83,163.73,133.405,155.95,134.47,133.875,143.895,141.56,104.34,74.9,63.25,51.15,54.53,57.245,58.01,54.22
2021-05-03 10:20,402.95,350.82,329.97,253.515,228.525,237.91,235.25,222.79,234.51,245.87,228.14,197.5,188.24,154.27,153.58,163.795,133.695,156.08,134.675,133.75,143.84,141.95,104.19,74.925,63.31,51.12,54.59,57.15,58.145,54.34
2021-05-03 10:25,403.25,351.14,330.03,253.73,228.11,238.05,234.96,222.665,234.37,246.035,227.66,197.39,188.055,154.12,153.77,164.04,133.88,156.22,134.81,133.84,143.93,142.225,104.05,74.97,63.26,51.09,54.62,57.22,58.065,54.29
2021-05-03 10:30,403.23,351.91,330.01,254.125,228.225,237.94,235.0,222.73,234.48,246.53,227.68,197.365,188.56,154.29,154.07,164.125,133.91,156.36,134.95,133.955,144.0,142.24,104.13,75.05,63.35,51.09,54.655,57.38,58.02,54.27
2021-05-03 10:35,403.25,352.53,330.16,253.87,227.985,238.06,234.39,222.82,234.7,246.4,227.995,197.3,188.46,154.48,154.3,164.19,133.82,156.62,135.04,133.725,144.02,142.47,104.37,75.115,63.49,51.05,54.67,57.3,58.085,54.29
2021-05-03 10:40,403.89,352.77,330.42,253.665,227.51,237.57,234.34,223.09,234.81,246.2,228.235,197.25,188.54,154.75,154.35,164.245,133.93,156.585,134.745,133.45,143.945,142.27,104.545,75.235,63.565,50.995,54.615,57.29,58.005,54.21
2021-05-03 10:45,404.14,352.52,330.57,253.57,227.485,237.85,234.36,222.84,234.985,246.05,228.35,197.005,187.865,154.73,154.19,164.34,133.82,156.66,134.82,133.295,143.955,142.245,104.465,75.375,63.67,50.96,54.635,57.275,58.05,54.0
2021-05-03 10:50,404.465,351.95,330.48,252.81,226.855,237.68,234.07,222.845,234.52,245.52,228.38,197.255,187.63,155.005,154.32,164.78,133.74,156.42,134.96,132.82,144.07,142.06,104.365,75.42,63.71,50.92,54.63,57.11,58.08,53.92
2021-05-03 10:55,404.75,352.5,330.36,252.725,226.825,237.67,233.93,223.05,234.74,245.325,228.55,197.33,187.515,155.035,154.21,164.7,133.91,156.63,135.055,132.775,144.36,142.18,104.495,75.475,63.83,50.945,54.605,57.125,58.08,53.965
2021-05-03 11:00,404.0,352.045,330.13,252.65,226.86,237.52,233.55,222.81,234.405,244.77,228.67,197.3,187.5,154.82,154.05,164.69,133.81,156.505,135.01,132.7,144.13,142.085,104.51,75.39,63.88,50.87,54.615,57.09,58.07,53.83
2021-05-03 11:05,403.65,352.58,330.835,252.88,226.98,237.49,233.54,222.98,235.08,244.98,228.73,197.32,187.89,154.915,154.25,164.79,134.12,156.32,134.93,132.94,144.3,142.35,104.31,75.47,64.08,50.905,54.555,57.12,58.13,53.965
2021-05-03 11:10,404.53,353.11,331.03,252.09,225.845,237.395,233.375,223.17,235.0,244.6,229.07,197.89,187.71,155.24,154.59,164.875,134.1,156.63,135.28,132.42,144.11,142.48,104.5,75.585,64.195,50.855,54.61,56.89,58.085,53.935
2021-05-03 11:15,404.95,353.92,330.82,252.12,226.03,237.09,233.415,223.365,234.95,245.25,229.23,197.94,187.535,155.33,154.7,164.98,134.05,157.015,135.3,132.485,144.025,142.31,104.58,75.705,64.305,50.875,54.57,56.92,58.075,54.05
2021-05-03 11:20,405.38,353.47,331.16,252.17,225.815,236.96,233.165,223.47,235.295,245.02,229.08,198.05,187.415,155.525,154.75,164.92,134.095,157.185,135.19,132.38,144.33,142.46,104.62,75.71,64.33,50.89,54.535,56.94,58.07,54.14
2021-05-03 11:25,405.62,352.32,331.44,252.16,225.27,237.0,233.06,223.36,234.655,245.19,229.02,198.245,187.0,155.18,154.55,165.175,134.12,157.48,135.44,132.3,144.43,142.72,104.62,75.86,64.055,50.895,54.61,56.88,58.19,54.25
2021-05-03 11:30,406.14,352.655,331.47,252.46,226.075,237.37,233.455,223.45,234.845,245.24,229.52,198.35,186.95,155.27,154.5,165.17,134.37,157.42,135.54,132.58,144.57,142.595,104.7,75.81,64.06,50.95,54.64,56.945,58.185,54.28
2021-05-03 11:35,406.06,352.68,330.875,252.535,225.95,237.12,233.33,223.48,235.54,244.81,229.615,198.525,186.855,155.37,154.63,165.175,134.31,157.495,135.355,132.64,144.715,142.455,104.81,75.7,64.295,50.94,54.64,56.97,58.19,54.32
2021-05-03 11:40,406.585,352.31,331.04,252.805,226.21,237.055,233.33,223.37,235.33,245.14,229.85,198.575,186.87,155.295,154.48,165.2,134.24,157.44,135.49,132.725,144.635,142.65,104.74,75.84,64.23,50.945,54.695,57.075,58.23,54.37
2021-05-03 11:45,406.48,352.33,331.1,252.66,226.095,237.175,233.305,223.62,234.905,244.85,229.74,198.74,186.49,155.2,154.52,165.17,134.245,157.33,135.62,132.68,144.75,142.46,104.61,75.805,64.17,50.94,54.72,56.95,58.27,54.41
2021-05-03 11:50,406.105,351.98,330.93,252.45,225.935,236.83,233.205,223.395,234.8,244.07,229.91,198.725,186.43,155.065,154.375,165.08,134.04,157.34,135.57,132.44,144.55,142.605,104.5,75.785,64.195,50.9,54.71,56.915,58.245,54.23
2021-05-03 11:55,406.43,351.585,331.0,252.68,225.955,236.96,233.435,223.51,234.75,243.62,229.39,198.68,186.39,155.13,154.315,165.19,133.86,157.41,135.615,132.8,144.655,142.65,104.505,75.775,64.05,50.98,54.77,56.99,58.265,54.33
2021-05-03 12:00,406.675,351.74,330.68,252.6,225.945,236.76,233.16,223.5,234.8,243.155,229.23,198.555,186.38,155.19,154.275,165.06,133.81,157.39,135.51,132.78,144.65,142.605,104.76,75.735,64.09,50.98,54.71,56.985,58.27,54.28
2021-05-03 12:05,406.5,351.57,330.62,252.5,225.87,236.8,232.9,223.35,234.61,243.995,228.91,198.37,186.595,155.115,154.295,165.01,133.63,157.28,135.375,132.78,144.6,142.44,104.755,75.745,64.05,50.985,54.67,56.97,58.28,54.29
2021-05-03 12:10,406.28,351.31,330.77,252.42,225.52,236.74,232.86,223.32,234.615,244.12,228.7,198.475,186.665,155.21,154.215,164.95,133.585,157.28,135.475,132.69,144.79,142.38,104.77,75.77,64.165,51.0,54.73,57.0,58.25,54.28
2021-05-03 12:15,406.055,351.74,330.855,252.335,225.385,236.57,232.775,223.16,234.53,244.575,228.47,198.41,186.635,155.25,154.21,164.965,133.45,157.12,135.375,132.725,144.645,142.355,104.9,75.81,64.15,50.98,54.675,57.01,58.23,54.295
2021-05-03 12:20,405.84,351.66,330.76,252.27,225.085,236.63,232.59,223.305,234.86,244.5,228.46,198.345,186.465,155.1,154.075,165.02,133.465,157.17,135.425,132.71,144.61,142.36,105.02,75.78,64.185,51.03,54.66,57.04,58.225,54.28
2021-05-03 12:25,405.26,351.73,330.78,251.94,225.075,236.63,232.57,223.57,234.96,243.745,228.63,198.575,186.555,155.37,154.105,164.96,133.44,157.35,135.47,132.56,144.685,142.3,105.215,75.675,64.36,50.995,54.66,57.035,58.245,54.3
2021-05-03 12:30,405.35,351.775,330.975,252.125,225.11,236.71,232.46,223.365,235.0,243.9,228.81,198.65,186.41,155.39,154.175,165.04,133.39,157.51,135.535,132.56,144.7,142.27,105.005,75.705,64.375,51.04,54.725,56.99,58.23,54.22
2021-05-03 12:35,405.39,351.66,330.935,251.99,225.02,236.77,232.53,223.505,234.97,243.8,228.46,198.8,186.33,155.49,153.995,165.06,133.27,157.52,135.5,132.66,144.735,142.19,104.975,75.73,64.3,51.065,54.72,56.95,58.2,54.26
2021-05-03 12:40,405.475,351.85,330.97,251.89,224.75,236.735,232.495,223.67,235.31,243.77,228.5,199.22,186.22,155.61,154.005,165.16,133.29,157.39,135.515,132.485,144.82,142.2,105.09,75.725,64.36,51.085,54.7,56.915,58.19,54.28
2021-05-03 12:45,405.485,352.17,331.07,251.905,224.33,236.72,232.505,223.615,235.21,243.93,228.5,199.4,185.985,155.73,153.98,165.09,133.27,157.55,135.515,132.33,144.915,142.185,105.14,75.67,64.27,51.09,54.7,56.965,58.195,54.28
2021-05-03 12:50,405.185,351.98,331.29,252.015,224.24,236.775,232.47,223.615,235.28,244.29,228.57,199.29,185.91,155.64,154.01,165.14,133.32,157.8,135.465,132.45,144.79,142.28,105.13,75.71,64.19,51.1,54.71,56.98,58.13,54.3
2021-05-03 12:55,405.5,352.08,331.29,252.07,224.21,236.8,232.43,223.685,235.36,244.55,228.43,199.34,186.115,155.67,154.01,165.16,133.24,157.74,135.505,132.46,144.835,142.24,105.075,75.66,64.165,51.085,54.775,57.04,58.15,54.31
2021-05-03 13:00,405.545,351.91,331.15,252.195,224.59,236.67,232.37,223.495,235.235,244.61,228.39,199.08,185.92,155.66,154.0,165.13,133.21,157.84,135.345,132.45,144.715,142.065,105.055,75.65,64.09,51.09,54.7,57.06,58.105,54.28
2021-05-03 13:05,405.35,351.7,331.05,252.175,224.495,236.71,232.24,223.4,235.345,244.7,228.42,199.03,185.735,155.72,154.02,165.135,133.17,157.59,135.375,132.37,144.69,142.095,105.14,75.645,64.25,51.115,54.725,57.0,58.115,54.3
2021-05-03 13:10,405.66,351.83,330.96,252.165,224.5,236.76,232.04,223.45,235.285,244.63,228.4,199.15,185.64,155.77,154.01,165.09,133.155,157.65,135.345,132.38,144.79,142.03,105.08,75.63,64.295,51.18,54.73,57.08,58.11,54.28
2021-05-03 13:15,405.68,352.16,331.0,251.965,224.32,236.71,231.965,223.6,235.525,244.495,228.38,199.14,185.795,155.69,153.99,164.995,133.18,157.66,135.32,132.49,144.835,142.18,105.12,75.57,64.28,51.155,54.7,57.04,58.11,54.295
2021-05-03 13:20,405.26,352.18,330.31,251.605,224.28,236.625,231.685,223.52,235.42,244.455,228.2,199.145,185.64,155.69,153.98,164.99,133.105,157.72,135.28,132.27,144.91,142.13,105.035,75.55,64.33,51.18,54.7,57.02,58.19,54.41
2021-05-03 13:25,405.195,352.435,330.525,251.21,223.95,236.73,231.8,223.65,235.69,244.53,228.135,199.345,185.48,155.89,154.125,165.05,133.11,157.9,135.39,132.26,145.06,142.205,105.01,75.59,64.4,51.18,54.75,57.08,58.225,54.395
2021-05-03 13:30,405.375,352.56,330.395,251.335,223.94,236.77,231.6,223.67,235.8,244.93,228.1,199.36,185.68,155.85,154.02,165.18,132.875,157.86,135.325,132.36,145.05,142.22,105.03,75.68,64.405,51.2,54.73,57.04,58.235,54.39
2021-05-03 13:35,405.57,352.29,330.27,251.275,224.12,236.775,231.68,223.66,235.93,244.74,227.755,199.38,185.52,155.93,154.03,165.2,132.76,157.83,135.39,132.37,145.18,142.125,105.08,75.765,64.455,51.22,54.76,57.07,58.25,54.395
2021-05-03 13:40,405.56,352.035,330.25,251.48,224.32,236.51,231.58,223.435,235.75,244.895,227.57,199.13,185.53,155.765,154.005,165.19,132.705,158.02,135.25,132.53,145.05,142.105,105.075,75.71,64.46,51.235,54.74,57.115,58.19,54.395
2021-05-03 13:45,405.86,351.81,330.345,251.375,224.32,236.44,231.53,223.625,235.42,244.8,227.875,199.035,185.55,155.7,153.91,165.215,132.76,157.84,135.305,132.47,145.02,142.19,105.06,75.7,64.56,51.21,54.695,57.115,58.22,54.39
2021-05-03 13:50,405.68,351.87,330.49,251.385,223.87,236.47,231.53,223.675,235.4,245.29,228.12,199.1,185.58,155.75,154.05,165.19,132.8,157.845,135.31,132.42,145.155,142.155,105.105,75.695,64.61,51.245,54.705,57.07,58.23,54.48
2021-05-03 13:55,405.45,352.16,330.8,251.45,223.74,236.385,231.545,223.525,235.145,245.01,227.915,199.03,185.69,155.71,154.135,165.185,132.895,157.84,135.475,132.455,145.14,142.18,105.085,75.65,64.695,51.22,54.74,57.04,58.19,54.48
2021-05-03 14:00,405.115,352.025,331.01,251.45,223.825,236.38,231.57,223.4,235.23,245.25,228.13,199.1,185.85,155.73,154.11,165.27,133.03,157.75,135.39,132.585,145.21,142.05,105.145,75.69,64.61,51.27,54.725,57.17,58.18,54.5
2021-05-03 14:05,404.94,352.12,330.98,251.54,223.95,236.05,231.8,223.36,235.87,245.22,228.24,199.06,185.895,155.73,154.215,165.19,133.13,157.87,135.44,132.64,145.135,142.045,105.155,75.64,64.64,51.25,54.7,57.2,58.16,54.51
2021-05-03 14:10,405.06,352.3,331.04,251.69,224.11,236.25,231.85,223.43,235.63,245.23,228.22,198.92,185.75,155.53,154.16,165.11,133.14,157.835,135.35,132.83,145.105,141.965,105.12,75.645,64.68,51.25,54.665,57.255,58.1,54.47
2021-05-03 14:15,405.315,352.32,330.805,251.745,224.015,236.045,231.91,223.485,235.6,245.225,227.99,198.97,185.77,155.59,154.13,165.115,133.11,157.61,135.36,132.765,145.195,142.025,105.175,75.645,64.7,51.26,54.675,57.235,58.11,54.355
2021-05-03 14:20,405.375,352.255,330.805,251.71,223.875,236.08,231.83,223.375,235.64,245.21,228.09,198.795,185.76,155.77,154.2,165.11,133.08,157.6,135.345,132.67,145.39,142.02,105.155,75.685,64.84,51.26,54.695,57.23,58.135,54.415
2021-05-03 14:25,405.75,352.39,330.95,251.71,224.09,235.9,232.02,223.81,235.675,245.24,227.96,198.845,185.81,155.875,154.305,165.125,133.15,157.55,135.32,132.76,145.42,142.05,105.17,75.75,64.845,51.275,54.675,57.25,58.095,54.375
2021-05-03 14:30,405.37,352.42,331.02,251.64,224.19,236.14,232.33,223.7,236.12,245.14,227.985,198.805,185.99,155.94,154.26,165.035,133.345,157.785,135.33,132.88,145.34,142.05,105.29,75.8,64.86,51.285,54.67,57.35,58.115,54.35
2021-05-03 14:35,405.49,352.21,331.02,251.53,223.955,235.82,232.24,223.67,235.97,245.23,228.14,198.8,185.97,155.95,154.075,165.06,133.18,157.72,135.225,132.83,145.395,142.03,105.28,75.81,64.89,51.3,54.65,57.315,58.11,54.35
2021-05-03 14:40,405.28,352.385,331.19,251.47,223.73,236.065,232.205,223.68,235.72,245.14,228.29,198.82,185.925,155.945,154.07,165.07,133.17,157.73,135.285,132.78,145.5,142.15,105.34,75.87,64.89,51.3,54.64,57.39,58.12,54.395
2021-05-03 14:45,405.51,352.185,331.28,251.46,223.795,235.87,232.26,223.42,235.785,245.04,228.27,198.84,185.765,155.945,154.065,165.065,133.19,157.835,135.29,132.84,145.575,142.18,105.35,75.85,64.99,51.3,54.66,57.43,58.08,54.47
2021-05-03 14:50,405.87,352.16,331.42,251.53,223.84,235.87,232.335,223.51,235.745,245.18,228.32,198.88,185.82,155.95,154.105,165.1,133.26,157.9,135.34,132.885,145.72,142.22,105.445,75.92,64.94,51.305,54.675,57.46,58.09,54.45
2021-05-03 14:55,405.72,352.155,331.25,251.6,223.95,235.81,232.38,223.4,235.63,245.22,228.66,198.78,185.83,155.825,154.1,165.045,133.26,157.88,135.305,132.84,145.555,142.21,105.505,75.865,64.79,51.345,54.665,57.455,58.09,54.41
2021-05-03 15:00,405.84,352.005,330.985,251.625,223.97,235.765,232.19,223.185,235.36,245.14,228.79,198.615,185.74,155.765,153.91,165.02,133.1,157.66,135.19,132.91,145.425,142.04,105.48,75.875,64.82,51.28,54.61,57.385,58.085,54.34
2021-05-03 15:05,405.76,352.24,331.155,251.56,223.9,235.725,232.245,223.265,235.685,245.1,228.68,198.65,185.84,155.795,154.11,164.96,133.145,157.6,135.14,132.93,145.425,142.07,105.49,75.865,64.79,51.27,54.615,57.365,58.09,54.365
2021-05-03 15:10,405.8,352.21,331.03,251.535,223.62,235.54,232.115,223.12,235.525,245.14,228.625,198.56,185.78,155.76,154.08,164.91,133.075,157.46,135.11,132.84,145.34,142.1,105.49,75.905,64.815,51.24,54.585,57.315,58.06,54.36
2021-05-03 15:15,405.5,352.07,331.05,251.37,223.505,235.61,232.01,222.945,235.615,244.95,228.56,198.44,185.68,155.54,154.05,164.87,133.08,157.355,135.075,132.695,145.285,142.1,105.46,75.83,64.905,51.215,54.53,57.315,58.01,54.37
2021-05-03 15:20,405.63,351.725,331.03,251.45,223.49,235.6,232.17,223.04,235.61,244.98,228.54,198.76,185.46,155.565,154.0,165.055,133.085,157.37,135.185,132.7,145.31,142.19,105.59,75.895,64.77,51.245,54.58,57.285,58.04,54.32
2021-05-03 15:25,405.87,351.64,330.955,251.44,223.35,235.56,232.26,223.08,235.7,245.12,228.585,198.81,185.385,155.515,153.895,165.04,133.09,157.31,135.15,132.635,145.37,142.28,105.64,75.88,64.91,51.24,54.555,57.255,58.04,54.34
2021-05-03 15:30,406.04,351.47,330.89,251.56,223.24,235.71,232.29,222.965,235.48,244.93,228.535,198.68,185.38,155.36,153.86,165.02,133.03,157.04,135.085,132.69,145.335,142.125,105.615,75.855,64.87,51.24,54.52,57.265,57.96,54.265
2021-05-03 15:35,406.13,351.84,330.635,251.54,223.25,235.79,232.41,223.08,235.41,245.15,228.435,198.66,185.39,155.32,153.78,165.01,133.045,157.05,135.04,132.765,145.395,142.165,105.7,75.835,64.77,51.25,54.495,57.29,57.95,54.28
2021-05-03 15:40,405.86,351.525,330.385,251.59,223.69,235.83,232.38,223.11,235.4,245.075,228.39,198.67,185.53,155.25,153.615,165.06,133.1,156.98,135.125,132.71,145.175,142.05,105.51,75.86,64.73,51.25,54.49,57.28,57.96,54.245
2021-05-03 15:45,405.955,351.07,330.365,251.55,223.59,235.715,232.62,223.065,235.54,245.015,228.32,198.62,185.665,155.07,153.57,165.07,133.03,156.885,134.88,132.61,145.18,142.02,105.56,75.81,64.77,51.245,54.475,57.265,57.92,54.275
2021-05-03 15:50,406.0,350.405,329.89,251.575,224.0,235.66,232.6,222.85,235.11,245.28,227.86,198.595,185.43,154.675,153.28,165.05,132.94,156.73,134.855,132.485,144.84,142.0,105.38,75.905,64.745,51.1,54.43,57.305,57.905,54.24
2021-05-03 15:55,406.025,349.92,330.2,251.92,223.74,235.55,232.72,223.22,235.16,245.39,228.17,198.59,185.52,154.74,153.26,165.22,133.0,156.54,135.02,132.55,144.73,142.18,105.51,76.01,64.56,51.19,54.5,57.2,57.93,54.3
2021-05-04 09:30,406.42,351.17,330.49,250.59,220.36,235.18,231.7,222.3,235.58,245.67,228.35,199.17,184.78,155.27,153.945,165.14,131.76,157.06,135.55,129.795,145.42,141.35,106.44,76.175,64.15,51.025,54.595,56.83,58.17,54.14
2021-05-04 09:35,406.09,351.04,331.18,250.045,221.13,235.03,232.01,221.99,235.78,244.92,228.425,199.23,184.41,155.07,154.01,165.11,131.96,156.96,135.19,129.505,145.575,141.205,106.15,75.715,64.53,51.145,54.45,56.82,58.15,53.96
2021-05-04 09:40,405.895,349.03,330.61,249.52,220.36,234.88,231.26,222.115,233.96,243.21,227.25,198.84,183.65,154.12,153.525,165.15,131.7,157.07,134.98,129.26,145.315,141.23,105.805,75.895,64.475,50.955,54.395,56.41,58.11,53.785
2021-05-04 09:45,405.82,346.29,330.07,249.93,219.53,234.86,231.0,221.44,231.97,243.73,225.93,198.13,183.285,153.39,153.165,165.4,131.55,156.72,135.045,129.385,145.035,141.29,105.16,75.865,63.95,50.93,54.33,56.33,58.04,53.5
2021-05-04 09:50,405.915,346.8,330.58,249.74,219.04,235.395,231.37,221.005,231.17,244.35,225.98,197.805,183.3,153.77,153.03,165.445,131.55,156.495,135.345,128.77,145.185,141.305,105.465,75.815,64.21,50.98,54.41,56.11,58.145,53.38
2021-05-04 09:55,406.045,344.4,331.24,249.155,218.36,235.78,231.0,221.44,230.37,245.24,226.04,198.36,182.96,153.41,152.7,165.905,131.2,156.375,135.56,128.53,145.13,141.63,105.33,76.15,64.115,50.95,54.47,55.925,58.145,53.55
2021-05-04 10:00,406.99,343.615,330.83,248.83,218.0,235.35,230.89,221.09,229.12,246.08,225.8,198.215,182.74,152.99,152.32,165.81,131.13,156.18,135.515,128.69,144.88,141.58,104.985,76.17,63.94,50.9,54.48,55.93,58.145,53.38
2021-05-04 10:05,407.54,343.94,331.83,249.35,218.67,235.795,231.61,221.48,228.98,246.22,226.82,198.705,183.31,153.26,152.58,165.995,131.375,156.3,135.6,128.625,144.575,141.81,105.29,76.325,64.01,50.87,54.49,55.935,58.185,53.13
2021-05-04 10:10,408.63,344.16,332.16,248.6,218.26,236.09,231.47,221.71,228.98,246.83,226.86,199.16,183.52,153.46,152.55,166.21,131.38,156.38,135.73,128.1,144.825,141.895,105.27,76.41,64.18,50.9,54.555,56.005,58.38,53.23
2021-05-04 10:15,408.39,344.82,333.02,249.02,218.14,235.85,231.42,221.66,228.98,246.43,227.24,199.025,183.63,153.8,153.085,166.095,131.375,156.565,135.82,128.33,145.015,141.795,105.3,76.39,64.35,50.86,54.505,56.06,58.44,53.26
2021-05-04 10:20,406.55,344.67,332.04,248.595,217.585,235.31,230.69,221.86,228.62,245.75,227.55,198.55,183.93,154.28,153.29,166.1,131.45,157.2,135.29,128.36,144.99,141.4,105.21,76.225,64.29,50.7,54.355,56.255,58.34,53.29
2021-05-04 10:25,406.98,344.79,331.4,248.79,217.61,235.23,230.945,221.66,228.45,245.835,227.62,198.55,184.3,154.535,153.37,166.095,131.35,157.19,135.235,128.295,145.0,141.48,105.43,76.16,64.455,50.68,54.285,56.225,58.34,53.28
2021-05-04 10:30,405.97,343.87,330.92,248.14,217.295,234.52,230.8,221.54,228.13,245.03,227.225,198.39,183.715,154.05,153.205,165.87,131.22,156.72,135.21,128.14,144.68,141.34,105.215,76.01,64.51,50.43,54.33,56.065,58.09,52.98
2021-05-04 10:35,406.6,344.95,330.64,248.52,217.53,234.97,231.245,222.19,229.92,244.94,227.62,198.46,184.445,154.665,153.59,165.96,131.495,156.94,135.32,128.32,145.055,141.32,105.87,76.09,64.77,50.52,54.34,56.31,58.08,52.87
2021-05-04 10:40,406.045,345.03,330.0,248.27,217.885,234.77,231.345,221.99,230.18,244.455,227.535,198.555,184.285,154.7,153.655,165.625,131.08,156.99,135.07,128.205,145.03,141.145,105.86,75.97,64.81,50.42,54.23,56.155,58.02,52.875
2021-05-04 10:45,406.26,345.13,330.3,247.88,217.4,235.065,231.39,221.89,229.595,244.505,227.525,198.67,184.06,154.595,153.52,165.73,131.15,157.095,135.155,128.04,145.215,141.155,105.57,76.03,64.76,50.44,54.28,56.06,58.07,52.94
2021-05-04 10:50,406.77,344.29,330.48,247.98,216.965,235.065,231.75,221.68,229.69,245.05,226.79,198.705,184.34,154.5,153.27,166.075,131.215,157.11,135.31,128.07,145.15,141.35,105.62,76.2,64.73,50.515,54.43,55.955,58.165,52.9
2021-05-04 10:55,407.2,343.92,330.67,247.91,216.74,234.785,231.67,221.875,229.06,244.62,226.45,198.945,183.82,154.71,153.15,166.07,130.89,157.02,135.195,128.195,145.055,141.17,105.42,76.11,64.7,50.44,54.41,55.925,58.18,52.89
2021-05-04 11:00,407.06,344.26,330.63,247.81,216.83,234.745,231.91,221.84,228.69,244.83,226.635,198.94,183.86,154.315,153.0,166.075,130.955,157.005,135.14,128.11,145.27,141.15,105.59,76.02,64.695,50.465,54.46,55.975,58.13,52.98
2021-05-04 11:05,407.64,344.01,330.455,247.69,216.66,234.88,232.38,222.34,228.555,245.37,227.1,199.045,183.995,154.52,153.055,166.21,130.94,157.13,135.21,128.065,145.45,141.2,105.445,76.015,64.685,50.5,54.465,55.99,58.24,53.0
2021-05-04 11:10,407.06,343.29,329.425,246.795,216.15,234.0,231.83,221.57,227.14,244.645,226.8,198.545,183.06,153.64,152.645,166.03,130.6,156.66,135.05,127.775,145.09,141.06,105.1,75.91,64.325,50.355,54.33,55.895,58.125,52.84
2021-05-04 11:15,407.03,343.43,329.37,246.68,215.96,234.51,231.26,221.3,226.915,245.27,226.72,198.45,183.145,154.06,152.925,166.115,130.63,156.62,135.08,127.62,145.2,141.19,105.235,75.955,64.335,50.425,54.34,55.925,58.14,52.92
2021-05-04 11:20,406.97,343.44,329.105,246.65,215.405,234.63,231.02,221.31,226.955,245.06,227.08,198.62,182.73,154.13,153.155,166.08,130.725,156.83,135.035,127.455,145.28,141.23,105.34,75.97,64.41,50.385,54.28,55.98,58.255,52.92
2021-05-04 11:25,407.18,344.36,329.84,246.95,215.755,235.05,231.49,221.63,227.64,245.79,227.47,198.71,183.33,154.53,153.575,166.05,131.32,157.23,134.925,127.55,145.36,141.3,105.49,75.98,64.59,50.46,54.26,56.075,58.255,52.99
2021-05-04 11:30,407.9,345.0,330.27,246.795,215.725,234.95,231.83,221.72,227.5,245.895,227.9,198.845,183.375,154.59,153.82,165.92,131.2,157.31,134.93,127.42,145.41,141.31,105.34,75.89,64.79,50.4,54.265,56.055,58.33,53.09
2021-05-04 11:35,408.71,346.01,330.18,246.545,215.52,234.87,232.1,221.95,227.83,246.485,228.405,199.025,183.16,154.89,154.12,166.22,131.11,157.63,135.13,127.205,145.67,141.23,105.55,75.87,64.92,50.44,54.26,56.185,58.405,53.13
2021-05-04 11:40,408.73,345.955,330.325,246.29,215.11,234.96,231.65,222.1,227.045,246.26,228.6,199.42,183.08,154.41,154.225,166.135,131.0,157.57,135.18,127.085,145.65,141.235,105.545,75.8,64.95,50.47,54.25,56.11,58.43,53.21
2021-05-04 11:45,409.12,345.92,330.15,246.23,215.01,234.805,231.52,221.99,226.915,246.115,228.41,199.405,182.75,154.07,154.115,166.26,130.85,157.545,134.98,127.175,145.85,141.01,105.72,75.705,65.035,50.42,54.21,56.1,58.43,53.21
2021-05-04 11:50,408.91,344.93,329.28,245.96,214.565,234.485,231.3,221.92,226.52,246.46,228.3,199.055,182.485,153.81,154.04,166.19,130.605,157.42,134.945,126.975,145.755,140.85,105.735,75.685,64.96,50.405,54.19,56.13,58.41,53.155
2021-05-04 11:55,409.105,345.04,329.52,246.11,215.21,234.535,231.43,222.08,225.77,246.67,228.22,199.35,182.52,153.75,154.02,166.38,130.805,157.465,134.99,126.94,145.715,140.74,105.64,75.705,64.965,50.455,54.135,56.165,58.415,53.31
2021-05-04 12:00,410.175,345.87,329.91,246.13,215.765,234.65,231.0,222.54,226.8,246.95,228.66,199.48,183.18,154.2,154.38,166.43,130.96,157.75,135.055,127.11,145.975,140.83,105.97,75.76,65.265,50.505,54.17,56.32,58.48,53.3
2021-05-04 12:05,410.12,346.44,330.105,246.205,216.22,234.66,231.02,222.93,227.07,246.89,229.035,199.265,183.295,154.2,154.495,166.47,130.985,157.915,134.98,127.28,146.22,140.77,105.915,75.66,65.365,50.54,54.15,56.39,58.525,53.34
2021-05-04 12:10,410.72,347.47,330.36,246.39,216.975,234.6,231.125,223.12,227.56,246.81,229.91,199.495,183.48,154.53,155.0,166.63,131.11,158.23,134.92,127.35,146.52,140.84,106.08,75.76,65.495,50.59,54.13,56.465,58.5,53.39
2021-05-04 12:15,411.71,347.86,330.695,246.34,216.51,234.695,231.12,223.22,227.86,246.44,230.12,199.5,183.725,154.59,155.23,166.77,131.085,158.3,134.955,127.13,146.47,140.945,106.235,75.815,65.525,50.58,54.19,56.44,58.62,53.455
2021-05-04 12:20,410.81,347.61,330.53,246.39,216.235,234.465,230.8,222.98,227.55,245.93,230.68,199.32,183.77,154.33,155.05,166.74,130.99,158.26,134.89,127.13,146.24,140.85,106.2,75.8,65.54,50.545,54.18,56.42,58.585,53.5
2021-05-04 12:25,411.32,348.0,330.54,246.715,216.45,234.17,230.56,223.77,228.04,245.38,231.09,199.44,183.875,154.4,155.08,166.83,131.24,158.185,134.78,127.43,146.32,140.775,106.325,75.78,65.72,50.51,54.19,56.47,58.625,53.465
2021-05-04 12:30,411.825,347.6,330.215,246.29,216.3,233.85,230.5,223.21,227.76,245.21,230.42,199.22,183.47,154.255,154.91,166.92,130.94,157.995,134.82,127.14,146.46,140.605,106.135,75.725,65.63,50.465,54.13,56.415,58.59,53.475
2021-05-04 12:35,412.05,347.805,330.49,246.075,216.23,234.0,230.555,223.46,227.595,245.54,230.78,199.445,183.39,154.3,154.985,166.94,131.04,158.325,134.76,127.165,146.4,140.56,106.22,75.71,65.49,50.42,54.11,56.445,58.545,53.54
2021-05-04 12:40,411.72,347.45,330.125,245.945,216.01,233.91,230.625,223.415,227.195,245.7,230.5,199.26,183.25,154.235,154.75,166.805,131.05,158.275,134.685,127.025,146.245,140.45,106.075,75.695,65.42,50.405,54.06,56.4,58.45,53.575
2021-05-04 12:45,411.8,347.6,329.99,245.895,216.19,234.1,230.71,223.51,227.725,246.18,230.56,199.245,183.3,154.265,154.75,167.04,131.15,158.34,134.62,126.89,146.05,140.41,105.91,75.73,65.46,50.44,54.07,56.43,58.45,53.59
2021-05-04 12:50,411.765,347.74,329.815,246.04,216.82,233.97,230.85,223.73,227.79,246.29,230.915,199.26,183.27,154.22,154.66,167.07,131.17,158.53,134.605,126.96,145.965,140.445,105.91,75.805,65.51,50.48,54.045,56.465,58.435,53.505
2021-05-04 12:55,411.53,347.9,329.69,245.9,216.68,233.91,230.89,224.05,227.83,246.185,231.07,199.22,183.2,154.29,154.66,167.015,131.095,158.54,134.675,126.875,145.77,140.43,105.99,75.75,65.54,50.395,54.0,56.455,58.41,53.5
2021-05-04 13:00,412.18,347.93,330.235,246.415,217.4,233.93,231.26,224.11,228.54,246.5,231.49,199.39,183.47,154.49,154.735,167.08,131.285,158.39,134.76,126.825,145.91,140.46,106.06,75.79,65.63,50.46,54.075,56.47,58.485,53.595
2021-05-04 13:05,412.08,347.53,330.145,246.685,217.41,233.91,231.28,224.105,228.82,246.61,233.01,199.22,183.455,154.34,154.52,167.065,131.3,158.22,134.705,126.98,145.77,140.38,106.05,75.795,65.655,50.45,54.07,56.435,58.545,53.53
2021-05-04 13:10,412.105,347.935,330.55,246.76,217.39,234.04,231.37,224.05,228.715,246.69,232.64,199.43,183.61,154.46,154.735,167.03,131.59,157.975,134.74,127.26,145.85,140.38,106.145,75.86,65.625,50.53,54.12,56.4,58.565,53.5
2021-05-04 13:15,412.09,348.24,330.55,246.76,216.93,234.085,231.36,224.11,229.03,246.5,232.72,199.39,183.44,154.44,154.715,167.07,131.525,157.89,134.785,127.115,145.87,140.36,106.22,75.81,65.68,50.51,54.1,56.39,58.53,53.545
2021-05-04 13:20,411.92,348.42,330.64,246.76,217.21,234.175,231.36,224.15,229.28,246.64,233.25,199.445,183.435,154.515,154.82,167.23,131.355,157.72,134.72,127.04,145.805,140.39,106.285,75.865,65.735,50.54,54.1,56.405,58.6,53.625
2021-05-04 13:25,412.19,348.29,330.55,246.895,217.41,234.115,231.455,224.205,229.38,246.63,233.36,199.395,183.53,154.535,154.835,167.29,131.34,157.78,134.63,127.05,145.835,140.28,106.26,75.89,65.77,50.56,54.06,56.42,58.57,53.59
2021-05-04 13:30,411.955,348.17,330.845,246.97,217.485,233.96,231.69,224.3,230.025,246.81,233.19,199.29,183.695,154.575,154.93,167.225,131.3,157.815,134.56,127.055,145.865,140.33,106.405,75.86,65.76,50.56,54.075,56.465,58.56,53.625
2021-05-04 13:35,411.36,348.355,331.0,246.765,217.54,234.035,231.48,224.18,230.09,246.8,233.31,199.195,183.79,154.45,154.93,167.065,131.23,157.745,134.59,127.11,145.85,140.38,106.39,75.825,65.77,50.58,54.07,56.49,58.535,53.65
2021-05-04 13:40,411.865,348.33,331.02,246.445,217.05,234.0,231.24,224.15,229.76,246.22,233.11,199.145,183.61,154.42,154.905,167.12,131.175,157.86,134.63,126.96,145.805,140.37,106.245,75.845,65.73,50.56,54.07,56.465,58.54,53.71
2021-05-04 13:45,412.385,348.08,330.865,246.085,217.0,234.05,231.35,224.15,230.55,246.43,233.16,198.91,183.73,154.405,154.71,167.09,131.01,157.96,134.63,126.87,145.75,140.36,106.18,75.85,65.695,50.57,54.055,56.46,58.52,53.695
2021-05-04 13:50,411.99,347.975,330.81,245.99,216.745,234.025,231.08,224.43,230.33,246.55,233.03,199.055,183.555,154.425,154.55,167.025,131.04,158.02,134.62,126.86,145.64,140.26,106.16,75.89,65.67,50.55,54.05,56.45,58.51,53.58
2021-05-04 13:55,412.14,348.185,330.88,246.07,216.685,234.09,231.295,224.55,230.55,246.29,233.4,199.28,183.67,154.58,154.76,167.06,131.04,158.1,134.57,126.985,145.445,140.39,106.18,75.865,65.8,50.56,54.06,56.56,58.59,53.675
2021-05-04 14:00,411.98,347.895,330.6,246.18,216.57,234.005,231.37,224.515,230.63,246.395,233.19,199.18,183.665,154.725,154.67,167.055,130.87,158.13,134.55,127.1,145.58,140.37,106.27,75.815,65.86,50.53,54.065,56.535,58.56,53.635
2021-05-04 14:05,411.665,348.685,330.78,246.385,216.61,234.17,231.64,224.53,230.605,246.6,233.31,199.185,183.65,155.09,154.85,167.04,131.055,158.23,134.52,127.13,145.52,140.42,106.31,75.84,65.93,50.53,54.09,56.57,58.58,53.62
2021-05-04 14:10,411.805,348.9,330.975,246.94,216.81,234.025,231.72,224.71,230.655,246.705,233.65,199.21,183.87,155.32,154.93,166.83,131.09,158.225,134.41,127.49,145.58,140.29,106.32,75.84,65.91,50.635,54.04,56.67,58.555,53.69
2021-05-04 14:15,411.335,348.76,330.8,246.615,216.66,233.845,231.53,224.73,230.53,246.32,233.94,199.12,183.745,155.095,154.93,166.73,131.06,158.195,134.39,127.4,145.6,140.18,106.225,75.785,66.0,50.62,53.97,56.715,58.595,53.665
2021-05-04 14:20,411.1,348.32,330.595,246.45,216.56,233.745,231.61,224.84,230.43,246.355,233.685,199.035,183.73,154.985,154.74,166.835,130.945,158.01,134.525,127.275,145.485,140.17,106.15,75.81,65.95,50.58,54.0,56.655,58.535,53.69
2021-05-04 14:25,411.14,348.94,330.305,246.33,216.32,233.63,231.48,224.97,230.78,246.47,233.525,199.155,183.645,154.94,154.99,166.96,130.81,158.035,134.54,127.195,145.61,140.175,106.23,75.88,66.02,50.6,54.03,56.66,58.58,53.77
2021-05-04 14:30,412.005,349.225,330.52,246.595,216.455,233.765,231.63,224.985,231.07,246.07,233.365,199.095,183.75,154.95,155.1,166.9,130.93,158.14,134.475,127.23,145.57,140.24,106.28,75.81,65.965,50.665,54.01,56.69,58.6,53.82
2021-05-04 14:35,410.92,348.785,330.735,246.57,216.43,233.925,231.84,225.055,231.37,246.06,233.155,199.2,183.735,154.865,154.9,167.1,130.86,158.12,134.545,127.31,145.64,140.255,106.25,75.8,65.905,50.68,54.065,56.66,58.57,53.72
2021-05-04 14:40,410.705,349.08,330.865,246.57,216.54,234.12,231.95,225.16,231.595,245.96,233.61,199.26,183.93,154.92,155.0,167.115,130.955,158.235,134.47,127.305,145.545,140.32,106.295,75.82,66.01,50.67,54.06,56.685,58.59,53.72
2021-05-04 14:45,410.865,348.57,331.06,246.86,216.7,234.335,231.935,224.92,231.655,246.1,233.38,199.14,183.95,154.955,155.005,167.225,131.03,158.115,134.55,127.52,145.53,140.35,106.24,75.84,66.075,50.675,54.11,56.745,58.51,53.75
2021-05-04 14:50,410.75,348.835,330.93,246.565,216.515,234.14,231.975,225.01,231.365,246.06,233.19,199.15,183.94,154.94,155.04,167.38,130.965,158.155,134.545,127.455,145.495,140.335,106.23,75.86,66.03,50.63,54.105,56.76,58.465,53.705
2021-05-04 14:55,410.17,348.54,330.84,246.86,216.18,234.03,232.02,224.875,231.37,245.96,233.13,199.14,183.915,154.885,154.955,167.205,131.01,158.045,134.505,127.455,145.43,140.34,106.16,75.81,66.09,50.6,54.08,56.72,58.44,53.72
2021-05-04 15:00,410.1,348.78,330.96,246.87,216.115,234.0,232.06,225.005,231.55,246.11,233.45,199.025,183.94,154.84,155.03,167.23,131.16,158.195,134.51,127.62,145.545,140.395,106.13,75.8,66.095,50.64,54.06,56.785,58.42,53.83
2021-05-04 15:05,410.09,348.015,330.76,246.63,216.34,233.91,231.81,224.73,231.68,246.495,233.09,198.93,183.75,154.58,154.75,167.19,131.05,158.125,134.42,127.32,145.39,140.25,106.13,75.775,66.08,50.595,54.045,56.745,58.4,53.76
2021-05-04 15:10,409.79,348.155,330.975,246.49,216.45,233.88,231.61,224.705,231.77,246.405,232.94,198.85,183.635,154.585,154.79,167.1,131.035,158.14,134.49,127.325,145.45,140.25,106.12,75.78,65.945,50.555,54.06,56.745,58.39,53.72
2021-05-04 15:15,409.98,348.1,331.015,246.775,216.64,233.7,231.88,224.78,232.25,246.55,232.855,198.78,183.71,154.57,154.735,167.165,130.99,158.17,134.39,127.36,145.48,140.25,106.07,75.805,65.98,50.54,54.015,56.715,58.42,53.75
2021-05-04 15:20,409.62,348.43,330.895,246.7,216.5,233.58,231.63,224.87,231.945,246.615,232.65,198.825,183.62,154.51,154.785,167.04,131.01,158.31,134.225,127.37,145.34,140.155,106.115,75.75,65.96,50.525,53.99,56.605,58.325,53.69
2021-05-04 15:25,409.87,349.09,331.145,246.76,216.425,233.5,231.78,224.96,232.215,246.635,233.0,198.95,183.785,154.53,154.98,167.025,131.02,158.4,134.27,127.335,145.525,140.235,106.19,75.67,66.07,50.57,53.995,56.635,58.38,53.765
2021-05-04 15:30,410.605,349.45,331.54,246.92,216.84,233.67,231.875,225.435,232.42,246.715,233.0,199.04,183.925,154.675,155.15,167.18,131.175,158.42,134.29,127.47,145.645,140.4,106.115,75.77,66.11,50.6,54.035,56.63,58.48,53.815
2021-05-04 15:35,410.145,349.64,331.525,247.28,217.08,233.77,231.775,225.37,232.8,246.995,232.975,199.075,183.84,154.48,155.18,167.265,131.355,158.46,134.35,127.74,145.68,140.475,106.09,75.77,66.12,50.6,54.04,56.695,58.52,53.88
2021-05-04 15:40,410.18,349.345,331.375,246.905,216.83,233.735,231.71,225.325,232.815,246.54,232.765,198.87,183.67,154.4,154.96,167.265,131.23,158.3,134.32,127.34,145.57,140.45,106.045,75.74,66.1,50.52,54.04,56.625,58.5,53.87
2021-05-04 15:45,410.26,348.93,331.605,246.895,216.91,233.545,231.6,225.085,233.21,246.47,232.85,198.9,183.745,154.38,154.97,167.275,131.27,158.33,134.25,127.32,145.47,140.3,106.155,75.86,66.14,50.56,54.03,56.58,58.495,53.915
2021-05-04 15:50,411.32,349.2,332.02,247.02,216.76,233.66,231.735,225.16,233.54,247.02,233.15,199.1,183.805,154.51,155.205,167.595,131.38,158.4,134.35,127.38,145.6,140.495,106.23,75.95,66.18,50.575,54.085,56.7,58.54,53.995
2021-05-04 15:55,411.36,349.7,332.85,247.7,217.19,233.7,231.98,225.59,233.65,247.47,233.33,199.38,184.22,154.42,155.55,167.81,131.47,158.44,134.44,127.96,145.75,140.74,106.08,75.985,66.22,50.7,54.09,56.935,58.59,54.12
2021-05-05 09:30,409.08,349.75,334.635,249.11,219.38,234.56,233.25,225.92,232.23,246.58,234.04,198.94,183.97,154.91,154.97,167.84,133.385,157.77,134.69,129.9,144.74,140.985,106.96,76.13,66.5,50.83,53.955,56.79,58.705,53.47
2021-05-05 09:35,408.24,349.19,335.35,248.89,217.91,234.115,232.515,225.85,231.915,247.24,234.18,198.84,184.17,155.19,155.305,167.96,133.68,157.9,134.75,129.795,145.015,141.02,107.475,76.18,66.9,50.825,54.085,56.795,58.69,53.36
2021-05-05 09:40,407.12,349.88,334.05,249.08,217.985,233.44,232.47,225.595,231.54,246.45,233.79,198.6,184.79,155.125,155.605,167.47,133.605,158.07,134.15,130.185,144.57,140.785,107.85,76.11,66.95,50.86,53.92,56.91,58.685,53.29
2021-05-05 09:45,409.74,351.72,334.245,248.96,217.225,233.735,231.845,225.66,231.875,246.405,233.75,198.77,184.025,155.01,155.855,167.57,133.8,157.61,134.45,130.21,144.48,141.035,108.46,76.33,67.01,50.765,53.97,56.79,58.875,53.61
2021-05-05 09:50,409.77,351.6,334.2,248.89,217.4,233.435,231.775,225.61,231.195,246.19,233.745,198.99,184.17,155.51,156.07,167.58,133.795,157.54,134.105,130.15,144.735,141.035,108.68,76.325,67.14,50.95,53.87,56.755,58.84,53.91
2021-05-05 09:55,409.86,351.12,334.62,248.7,217.14,233.39,231.85,225.55,230.48,246.57,232.78,198.7,184.25,155.27,156.23,168.09,133.635,157.65,134.5,129.695,145.16,141.14,108.815,76.55,66.985,50.99,53.94,56.74,59.0,54.04
2021-05-05 10:00,409.33,350.9,333.99,247.72,216.43,233.04,231.15,224.77,229.345,246.22,232.47,198.635,183.535,154.86,156.015,168.14,133.305,157.19,134.51,129.37,144.86,140.965,108.53,76.56,67.04,50.91,53.975,56.52,58.955,54.145
2021-05-05 10:05,409.74,350.73,333.385,247.82,216.56,232.865,231.695,225.09,229.02,246.82,232.33,198.38,183.565,155.085,156.0,168.345,133.215,157.44,134.65,129.0,145.04,140.905,108.1,76.68,67.26,50.985,54.0,56.62,59.01,54.155
2021-05-05 10:10,409.63,350.94,333.255,247.91,216.33,232.5,231.375,225.215,228.86,246.44,232.67,198.525,183.395,155.05,156.13,168.27,133.4,157.38,134.525,129.15,144.91,140.91,108.28,76.59,67.46,50.975,53.97,56.73,59.01,53.92
2021-05-05 10:15,409.57,350.67,332.02,247.83,216.88,231.865,231.13,224.99,228.83,246.26,232.37,198.17,183.43,154.92,156.01,167.74,133.25,157.25,134.24,129.26,144.55,140.855,108.44,76.47,67.445,50.88,53.87,56.825,58.805,53.965
2021-05-05 10:20,409.81,350.42,331.54,247.68,217.265,231.71,230.64,224.965,228.43,245.95,232.63,198.26,183.28,154.62,156.08,167.51,133.24,157.23,134.24,129.085,144.64,140.75,108.38,76.45,67.34,50.8,53.875,56.695,58.825,53.81
2021-05-05 10:25,410.71,350.22,332.025,248.06,217.56,231.95,230.825,225.085,228.86,247.0,233.15,198.505,183.205,154.48,155.98,167.525,133.49,156.53,134.43,129.38,144.69,140.95,108.49,76.56,67.445,50.89,53.925,56.91,58.855,53.85
2021-05-05 10:30,410.165,350.415,332.05,248.465,218.01,232.05,230.935,225.0,228.6,247.23,232.6,198.3,183.435,154.51,155.98,167.49,133.5,156.41,134.46,129.635,144.84,140.96,108.59,76.6,67.35,51.01,53.95,56.91,58.94,53.78
2021-05-05 10:35,409.78,351.4,331.85,248.33,217.665,231.96,230.66,225.405,228.385,246.83,233.395,198.39,183.35,154.72,156.425,167.26,133.5,156.59,134.26,129.64,144.92,140.735,109.015,76.67,67.48,51.01,53.88,56.915,58.885,53.83
2021-05-05 10:40,408.92,351.81,331.51,248.42,218.22,231.77,230.625,225.22,228.715,246.44,233.24,198.16,183.42,154.69,156.54,167.11,133.52,156.54,134.115,129.76,144.64,140.585,109.12,76.57,67.515,51.06,53.81,57.01,58.87,53.82
2021-05-05 10:45,409.125,352.67,331.785,248.35,218.43,231.98,230.43,225.53,229.23,246.67,233.63,198.575,183.365,154.965,156.74,167.3,133.44,157.01,134.135,129.675,144.695,140.6,108.94,76.675,67.54,51.04,53.825,57.08,58.88,53.99
2021-05-05 10:50,408.855,352.54,331.71,248.21,218.735,231.79,230.315,225.685,229.175,246.84,234.38,198.765,183.34,155.18,156.77,167.23,133.365,157.015,134.175,129.75,144.65,140.605,108.995,76.54,67.75,51.04,53.835,57.11,58.81,53.94
2021-05-05 10:55,408.395,352.585,331.42,248.45,218.64,231.78,230.525,225.98,229.35,247.005,235.56,198.77,183.535,155.19,156.91,167.03,133.295,157.12,134.01,129.75,144.73,140.63,108.95,76.44,67.89,51.005,53.8,57.22,58.795,53.91
2021-05-05 11:00,408.17,353.095,331.335,248.41,218.715,231.77,230.1,226.235,229.455,247.035,235.78,198.78,183.86,155.05,157.07,166.825,133.13,156.94,133.83,129.8,144.7,140.26,108.9,76.315,67.975,51.01,53.745,57.085,58.775,53.89
2021-05-05 11:05,409.05,353.62,331.96,248.25,218.48,232.18,230.29,226.47,229.46,246.955,236.605,198.98,183.755,155.26,157.14,166.93,133.28,157.45,133.88,129.62,144.785,140.3,109.06,76.325,67.99,50.98,53.795,57.03,58.79,53.98
2021-05-05 11:10,409.96,354.59,332.305,247.88,218.39,232.46,230.06,226.61,229.785,246.95,236.36,199.07,183.845,155.29,157.38,166.94,133.22,157.82,133.85,129.59,145.025,140.455,109.265,76.48,67.965,50.97,53.79,56.98,58.79,54.1
2021-05-05 11:15,409.525,354.3,332.12,248.11,218.515,232.495,230.22,226.61,230.03,247.18,236.68,199.08,183.81,155.25,157.39,166.95,133.28,157.7,133.865,129.67,145.0,140.605,109.29,76.57,68.0,50.95,53.755,56.96,58.775,54.05
2021-05-05 11:20,409.9,354.35,332.115,247.87,218.46,232.46,230.255,226.795,230.28,247.705,236.805,199.26,183.78,155.29,157.455,167.28,133.485,157.725,134.02,129.58,144.96,140.61,109.285,76.765,68.015,50.915,53.735,56.95,58.795,54.04
2021-05-05 11:25,410.045,354.32,332.19,248.06,218.43,232.57,230.305,226.72,229.82,248.13,236.37,199.34,183.805,155.295,157.47,167.27,133.46,157.8,133.97,129.725,145.09,140.485,109.32,76.89,68.0,50.97,53.77,56.96,58.795,54.055
2021-05-05 11:30,410.125,354.12,332.235,248.37,218.89,232.565,230.55,226.81,229.49,248.35,236.63,199.26,183.91,155.37,157.36,167.18,133.59,157.75,133.815,130.0,145.06,140.455,109.235,76.81,67.97,51.03,53.82,57.06,58.785,54.04
2021-05-05 11:35,409.805,354.96,332.36,248.155,218.61,232.7,230.825,227.01,229.96,248.465,237.64,199.5,184.01,155.31,157.675,167.185,133.695,157.725,133.815,129.95,145.06,140.51,109.405,76.925,68.07,51.05,53.84,57.045,58.77,54.09
2021-05-05 11:40,410.39,355.495,332.91,248.285,218.55,233.07,230.815,227.09,230.005,248.58,237.935,199.82,184.11,155.32,157.71,167.285,133.765,158.14,133.92,130.12,145.14,140.625,109.425,76.9,68.095,51.04,53.87,57.115,58.77,54.21
2021-05-05 11:45,410.78,356.54,333.12,248.375,218.55,233.435,230.965,227.18,230.09,248.62,237.93,199.82,184.33,155.35,157.72,167.47,133.955,158.27,134.05,129.985,145.29,140.625,109.39,77.04,67.92,51.1,53.89,57.125,58.81,54.245
2021-05-05 11:50,410.135,356.26,333.0,248.59,218.685,233.53,230.87,227.01,229.88,248.28,238.23,199.73,184.32,155.26,157.53,167.37,133.87,158.18,133.97,130.14,145.2,140.54,109.365,77.065,67.73,51.11,53.84,57.12,58.835,54.18
2021-05-05 11:55,410.09,355.98,333.325,248.59,218.555,233.54,231.0,227.135,230.03,248.19,238.9,199.81,184.325,155.385,157.65,167.17,134.03,158.3,133.96,130.14,145.24,140.48,109.445,77.06,67.84,51.1,53.84,57.195,58.88,54.2
2021-05-05 12:00,410.015,355.91,333.065,248.695,218.7,233.815,231.0,227.12,229.66,248.265,238.735,199.98,184.345,155.44,157.62,167.29,134.125,158.3,133.93,130.14,145.19,140.46,109.36,77.01,67.76,51.09,53.84,57.2,58.83,54.1
2021-05-05 12:05,409.95,356.13,333.03,248.605,218.525,233.8,230.83,227.18,229.86,248.2,239.26,200.135,184.315,155.345,157.59,167.37,134.1,158.3,133.925,130.08,145.135,140.365,109.37,76.975,67.76,51.055,53.81,57.15,58.76,54.115
2021-05-05 12:10,409.95,355.93,332.83,248.3,218.35,233.61,230.77,227.055,229.52,248.29,238.72,200.47,184.18,155.25,157.405,167.24,133.905,158.26,133.96,129.935,145.08,140.34,109.28,76.94,67.7,51.0,53.83,57.08,58.705,54.11
2021-05-05 12:15,410.045,355.235,332.705,248.455,218.37,233.625,230.88,227.03,229.68,248.48,238.445,200.365,184.19,155.09,157.39,167.34,133.895,158.195,134.02,129.985,145.09,140.385,109.255,77.045,67.77,51.015,53.895,57.08,58.79,54.11
2021-05-05 12:20,410.33,355.28,332.68,248.24,218.14,233.77,230.86,226.995,229.56,248.67,238.25,200.525,184.205,154.93,157.32,167.395,133.715,158.245,134.15,129.91,145.165,140.41,109.125,77.095,67.69,51.03,53.895,57.03,58.79,54.09
2021-05-05 12:25,410.625,355.995,332.87,248.19,218.13,233.775,230.93,227.025,229.47,248.81,238.46,200.68,184.235,155.11,157.65,167.225,133.455,158.24,134.11,129.87,145.25,140.41,109.235,77.045,67.65,51.08,53.875,57.06,58.795,54.18
2021-05-05 12:30,410.555,356.14,333.045,248.055,217.865,234.05,230.88,226.955,229.08,248.87,238.62,200.63,184.225,155.22,157.575,167.215,133.465,158.44,134.17,129.71,145.23,140.43,109.205,76.915,67.665,51.04,53.905,57.0,58.81,54.13
2021-05-05 12:35,411.09,356.195,332.815,247.91,217.68,234.43,230.91,226.845,228.85,248.23,238.43,200.475,184.14,155.11,157.56,167.11,133.43,158.36,134.125,129.59,145.275,140.42,109.12,76.81,67.75,51.005,53.9,56.965,58.815,54.06
2021-05-05 12:40,410.72,356.18,332.42,247.815,217.54,234.08,230.6,226.84,228.895,248.24,238.3,200.43,183.94,155.21,157.655,167.24,133.31,158.3,134.095,129.555,145.23,140.43,109.08,76.79,67.775,51.0,53.9,56.935,58.815,54.0
2021-05-05 12:45,410.48,355.485,332.325,247.87,217.53,234.095,230.72,226.97,228.935,248.59,238.56,200.555,183.955,155.23,157.425,167.28,133.22,158.375,134.16,129.61,145.17,140.56,109.145,76.92,67.74,51.005,53.89,57.05,58.79,53.99
2021-05-05 12:50,410.23,355.555,332.2,248.05,217.535,234.13,230.63,226.705,228.92,248.47,238.35,200.66,183.78,155.11,157.35,167.17,133.19,158.31,134.26,129.635,145.29,140.71,108.895,76.935,67.73,51.045,53.915,57.04,58.83,54.06
2021-05-05 12:55,410.315,355.28,331.99,247.64,217.14,234.16,230.43,226.82,228.91,248.59,238.4,200.725,183.66,155.25,157.355,167.235,132.93,158.465,134.345,129.455,145.275,140.63,108.935,76.97,67.735,51.05,53.91,56.975,58.815,54.04
2021-05-05 13:00,410.74,355.06,331.94,247.39,216.945,234.07,230.215,226.805,228.9,248.68,238.41,200.82,183.3,155.415,157.305,167.23,133.01,158.51,134.295,129.25,145.28,140.57,108.815,77.05,67.81,50.995,53.885,56.98,58.795,54.025
2021-05-05 13:05,410.27,355.37,331.91,247.415,217.045,234.1,230.165,226.87,229.19,248.65,238.595,200.93,183.37,155.59,157.34,167.14,133.06,158.68,134.275,129.33,145.33,140.665,108.895,77.08,67.925,50.99,53.91,57.025,58.83,54.075
2021-05-05 13:10,410.28,355.76,331.645,247.43,216.84,234.15,230.2,226.855,229.18,248.92,238.69,200.915,183.29,155.76,157.4,167.285,133.02,158.59,134.36,129.28,145.41,140.73,108.89,77.185,68.07,50.98,53.9,56.99,58.87,54.18
2021-05-05 13:15,411.01,355.41,331.775,247.68,216.85,234.26,230.39,226.7,229.315,249.24,238.445,200.74,183.26,155.85,157.375,167.3,133.005,158.43,134.33,129.33,145.45,140.785,108.56,77.25,67.98,50.98,53.91,57.025,58.86,54.18
2021-05-05 13:20,411.11,356.01,331.75,247.525,216.915,234.265,230.245,226.82,229.53,249.23,238.61,200.87,183.25,156.0,157.565,167.29,133.1,158.48,134.335,129.23,145.525,140.79,108.72,77.33,67.9,50.97,53.925,57.045,58.86,54.22
2021-05-05 13:25,411.02,356.03,331.695,247.71,217.31,234.345,230.34,226.71,229.49,249.2,237.88,200.865,183.225,155.89,157.42,167.24,133.04,158.46,134.4,129.395,145.425,140.75,108.62,77.4,67.78,50.97,53.92,57.085,58.85,54.195
2021-05-05 13:30,411.73,355.9,332.1,247.81,217.28,234.54,230.46,226.75,229.635,249.535,237.9,201.06,183.17,155.82,157.36,167.45,133.18,158.455,134.45,129.37,145.415,140.785,108.47,77.49,67.795,51.04,53.985,57.07,58.885,54.19
2021-05-05 13:35,411.26,356.24,332.005,247.75,217.12,234.505,230.33,226.7,229.85,249.49,237.89,201.08,183.26,155.93,157.365,167.265,133.085,158.555,134.36,129.4,145.285,140.69,108.525,77.495,67.85,51.035,53.935,57.05,58.855,54.18
2021-05-05 13:40,411.185,356.505,331.995,247.89,217.53,234.47,230.395,226.53,229.47,249.36,237.36,200.85,183.105,155.9,157.335,167.19,132.99,158.455,134.38,129.44,145.355,140.7,108.33,77.51,67.85,51.055,53.965,57.14,58.855,54.16
2021-05-05 13:45,410.94,356.315,332.04,247.945,217.495,234.64,230.56,226.83,229.66,249.52,237.76,200.94,183.13,155.92,157.43,167.1,133.2,158.55,134.41,129.41,145.305,140.745,108.345,77.42,67.935,51.085,53.975,57.145,58.855,54.15
2021-05-05 13:50,411.1,356.745,331.98,247.825,217.55,234.65,230.7,227.0,230.0,249.62,237.95,201.045,183.175,155.93,157.605,167.17,133.265,158.655,134.395,129.485,145.36,140.875,108.43,77.435,67.95,51.125,53.98,57.135,58.87,54.3
2021-05-05 13:55,410.98,357.64,331.5,247.465,217.165,234.45,230.675,226.745,229.93,249.8,238.275,201.065,183.035,156.11,157.805,167.2,133.12,158.795,134.395,129.31,145.385,140.85,108.64,77.49,68.02,51.13,53.98,57.1,58.885,54.33
2021-05-05 14:00,410.86,357.555,331.38,247.345,216.86,234.42,230.5,226.8,229.84,249.65,238.085,201.245,183.01,156.1,157.76,167.265,133.09,158.92,134.345,129.105,145.475,140.82,108.66,77.51,68.085,51.125,53.99,57.04,58.9,54.31
2021-05-05 14:05,410.95,357.75,331.33,247.11,216.68,234.43,230.38,226.72,229.725,249.49,238.005,201.26,182.83,156.22,157.77,167.23,133.06,158.97,134.26,128.93,145.565,140.78,108.7,77.44,68.07,51.15,53.95,56.99,58.9,54.3
2021-05-05 14:10,411.005,358.16,331.495,247.28,216.905,234.575,230.555,226.95,230.15,249.24,238.51,201.33,183.12,156.47,157.95,167.29,133.24,159.05,134.275,129.035,145.62,140.85,108.875,77.445,67.995,51.195,53.985,56.975,58.9,54.34
2021-05-05 14:15,411.65,358.82,331.26,247.18,216.74,234.73,230.42,226.95,230.275,249.04,238.735,201.35,183.185,156.43,158.085,167.28,133.305,159.155,134.21,128.95,145.76,140.86,108.975,77.43,68.015,51.245,53.97,57.02,58.915,54.39
2021-05-05 14:20,411.725,358.37,331.29,247.06,216.5,234.74,230.355,227.065,230.13,248.91,238.78,201.36,183.2,156.6,158.085,167.25,133.275,159.13,134.11,128.815,145.57,140.9,108.97,77.32,68.01,51.21,53.975,57.02,58.9,54.38
2021-05-05 14:25,411.72,358.83,331.4,247.13,216.63,234.835,230.42,227.105,230.28,249.015,238.98,201.48,183.185,156.65,158.11,167.245,133.32,159.28,134.1,128.9,145.67,140.87,108.98,77.355,68.04,51.17,53.99,57.08,58.845,54.38
2021-05-05 14:30,411.76,358.885,331.69,247.16,216.665,235.16,230.615,227.18,230.635,248.97,239.045,201.585,183.115,156.64,158.175,167.26,133.37,159.455,134.135,128.8,145.705,140.89,108.975,77.32,67.96,51.17,54.025,57.065,58.825,54.43
2021-05-05 14:35,411.365,358.705,331.775,247.24,216.415,234.98,230.405,226.845,230.835,249.18,238.57,201.43,183.17,156.535,157.98,167.245,133.3,159.495,134.09,128.705,145.575,140.87,108.88,77.34,68.0,51.175,53.995,57.03,58.805,54.46
2021-05-05 14:40,411.405,358.515,331.46,247.2,216.54,234.835,230.28,226.92,230.77,249.56,238.675,201.515,183.105,156.47,157.94,167.275,133.3,159.265,134.04,128.765,145.57,140.83,108.72,77.34,68.005,51.165,54.015,56.98,58.79,54.46
2021-05-05 14:45,412.215,358.87,331.51,247.31,216.59,235.0,230.46,227.14,231.05,249.76,238.985,201.61,183.135,156.515,158.09,167.375,133.38,159.245,134.245,128.97,145.59,140.96,108.81,77.35,68.065,51.185,54.045,57.03,58.775,54.535
2021-05-05 14:50,411.925,358.735,331.55,247.2,216.19,234.97,230.305,226.9,230.32,249.66,238.76,201.56,182.975,156.46,157.975,167.31,133.42,159.19,134.22,128.87,145.55,140.96,108.73,77.33,68.12,51.19,54.045,56.99,58.745,54.51
2021-05-05 14:55,411.53,358.34,331.67,246.88,216.16,235.02,230.32,226.965,230.35,249.15,238.81,201.44,182.85,156.51,158.1,167.085,133.34,159.22,134.17,128.8,145.675,140.89,108.825,77.185,68.22,51.18,54.05,56.96,58.82,54.49
2021-05-05 15:00,411.64,357.835,331.85,246.75,215.85,235.125,230.335,226.95,229.76,248.97,238.43,201.26,182.855,156.46,157.985,167.25,133.25,159.25,134.28,128.61,145.64,140.85,108.675,77.01,68.03,51.15,54.07,56.855,58.765,54.46
2021-05-05 15:05,411.58,357.52,332.04,246.63,215.6,234.98,230.055,226.57,229.445,249.03,237.745,201.14,182.765,156.57,157.78,167.27,133.005,159.36,134.21,128.51,145.59,140.79,108.62,77.03,68.02,51.16,54.06,56.84,58.785,54.39
2021-05-05 15:10,411.925,358.13,332.195,246.665,215.655,235.08,229.835,226.56,229.49,248.875,237.595,201.1,182.67,156.72,157.895,167.07,132.88,159.43,134.2,128.56,145.515,140.79,108.79,76.93,68.02,51.145,54.07,56.78,58.81,54.365
2021-05-05 15:15,412.18,357.755,331.79,246.535,215.43,234.795,229.86,226.42,229.035,248.88,237.985,200.965,182.51,156.6,157.745,167.19,132.78,159.49,134.095,128.44,145.53,140.8,108.685,76.99,67.96,51.15,54.065,56.78,58.795,54.35
2021-05-05 15:20,412.14,357.59,332.04,246.06,215.22,234.765,229.11,226.09,228.37,248.68,237.73,201.06,182.285,156.58,157.73,167.185,132.56,159.315,134.12,128.12,145.47,140.67,108.665,77.06,67.84,51.08,54.01,56.74,58.74,54.315
2021-05-05 15:25,412.41,357.68,332.415,246.19,215.28,234.78,229.195,226.265,228.21,249.01,238.255,201.37,182.3,156.41,157.77,167.31,132.545,159.48,134.095,128.065,145.64,140.7,108.83,77.08,67.92,51.1,54.0,56.74,58.765,54.415
2021-05-05 15:30,412.08,358.045,332.23,246.535,215.7,234.495,229.305,226.225,227.84,249.03,237.95,201.32,182.225,156.46,157.7,167.21,132.46,159.3,134.005,128.385,145.6,140.695,108.745,77.1,68.04,51.12,54.01,56.865,58.735,54.37
2021-05-05 15:35,411.865,358.11,332.51,246.735,216.01,234.77,229.33,226.165,227.98,249.07,238.195,201.365,182.3,156.52,157.67,167.09,132.455,159.08,133.815,128.475,145.47,140.695,108.825,77.1,68.065,51.165,53.985,56.905,58.73,54.34
2021-05-05 15:40,411.61,358.24,332.87,246.86,216.07,235.095,229.24,226.025,228.155,249.43,237.945,201.41,182.05,156.46,157.68,167.25,132.43,159.28,133.82,128.51,145.45,140.68,108.95,77.31,68.06,51.19,54.01,56.9,58.69,54.36
2021-05-05 15:45,411.65,357.85,332.16,246.59,215.775,234.88,229.2,226.045,228.21,249.365,237.925,201.345,181.895,156.25,157.49,167.24,132.31,159.18,133.53,128.42,145.415,140.59,108.875,77.41,68.11,51.21,53.95,56.825,58.715,54.365
2021-05-05 15:50,412.07,357.79,332.325,246.46,215.51,235.12,228.91,226.12,227.895,249.35,238.2,201.46,181.79,156.33,157.55,167.015,132.25,159.39,133.63,128.27,145.33,140.525,108.95,77.525,68.12,51.15,53.985,56.87,58.7,54.415
2021-05-05 15:55,412.45,357.635,331.965,246.55,215.32,235.08,229.21,226.31,228.08,249.21,237.75,201.61,181.39,156.37,157.48,167.03,132.185,159.25,133.49,128.12,145.175,140.53,108.945,77.66,68.08,51.15,53.99,56.84,58.68,54.46
2021-05-06 09:30,414.65,359.425,333.79,245.13,213.75,235.5,229.49,226.41,228.845,249.01,237.24,201.44,181.1,157.06,157.625,166.875,132.14,160.24,134.405,127.27,145.785,140.25,108.45,77.235,68.21,51.42,54.33,56.58,58.98,54.31
2021-05-06 09:35,414.58,361.89,334.705,246.22,215.93,235.29,230.08,226.74,230.22,249.02,238.17,201.33,182.11,157.07,157.925,166.905,132.49,160.43,134.265,128.165,145.73,139.93,108.29,77.09,68.28,51.395,54.185,56.77,58.9,54.375
2021-05-06 09:40,414.5,360.45,334.14,245.99,215.415,234.67,229.57,226.25,229.15,248.47,237.605,200.76,181.7,156.74,157.64,166.555,132.59,160.045,134.11,127.98,145.735,139.74,108.3,76.85,68.0,51.415,54.19,56.69,58.92,53.925
2021-05-06 09:45,414.67,360.15,334.22,246.02,215.37,234.32,229.275,226.125,228.21,248.85,237.77,201.02,181.5,156.48,157.72,166.645,133.12,160.12,134.26,128.245,145.8,139.745,108.04,77.015,67.67,51.405,54.13,56.6,58.79,53.88
2021-05-06 09:50,415.96,360.25,334.73,245.76,215.07,234.64,229.47,226.34,228.93,249.8,237.81,201.59,181.49,156.47,158.1,166.72,133.075,160.09,134.315,128.02,146.12,139.84,108.28,77.05,67.65,51.49,54.215,56.655,58.91,53.94
2021-05-06 09:55,416.18,358.71,335.1,245.41,214.765,234.62,229.29,226.105,228.56,250.19,237.13,200.82,180.98,155.67,157.48,167.01,132.69,160.24,134.325,127.58,146.115,139.795,107.935,77.01,67.58,51.45,54.25,56.555,58.88,53.68
2021-05-06 10:00,415.46,358.295,335.155,245.9,214.81,234.425,228.91,225.86,228.0,250.43,236.565,200.76,180.595,154.955,157.56,166.98,132.73,159.77,134.24,127.78,146.03,140.09,107.805,77.1,67.33,51.345,54.2,56.39,58.85,53.69
2021-05-06 10:05,414.335,356.69,334.065,245.67,215.025,234.175,229.325,226.0,227.52,250.36,236.51,200.81,180.37,155.145,157.555,167.08,132.845,159.645,134.5,127.53,146.22,140.35,107.75,77.18,67.51,51.44,54.235,56.29,58.91,53.455
2021-05-06 10:10,413.6,357.13,334.245,245.135,215.08,234.435,229.54,225.95,227.48,249.8,237.555,200.935,180.505,154.78,157.88,167.1,132.96,159.75,134.57,127.74,146.23,140.33,107.83,77.39,67.575,51.75,54.23,56.57,58.94,53.57
2021-05-06 10:15,413.52,356.95,334.47,245.05,214.69,234.505,228.92,225.81,227.01,249.88,237.68,201.0,180.09,154.65,157.745,166.99,132.875,159.545,134.81,127.395,146.3,140.68,107.54,77.545,67.385,51.695,54.33,56.51,59.0,53.59
2021-05-06 10:20,414.19,357.75,335.3,245.57,214.9,234.6,229.03,225.945,227.28,249.8,237.4,201.21,180.135,154.3,157.95,167.11,133.1,159.695,134.91,127.81,146.37,140.92,107.705,77.64,67.265,51.86,54.42,56.66,59.01,53.655
2021-05-06 10:25,413.805,358.97,335.325,245.42,214.89,234.455,228.89,226.06,227.53,249.34,238.33,201.04,180.18,154.545,158.205,166.89,133.335,159.72,134.69,127.835,146.355,140.77,107.935,77.495,67.3,51.875,54.39,56.5,59.04,53.615
2021-05-06 10:30,414.24,359.295,335.59,245.76,214.855,234.22,228.905,226.26,228.24,249.08,240.16,201.27,180.445,154.62,158.325,166.82,133.275,159.75,134.605,128.15,146.45,140.83,108.03,77.37,67.58,51.92,54.385,56.55,58.98,53.69
2021-05-06 10:35,413.65,359.5,335.91,246.305,215.97,234.09,229.385,226.19,228.52,249.01,239.71,201.04,180.585,154.475,158.44,166.665,133.42,159.53,134.36,128.37,146.47,140.645,108.175,77.245,67.69,51.96,54.405,56.725,58.935,53.71
2021-05-06 10:40,413.69,359.195,335.36,246.31,215.64,233.85,229.58,226.03,228.64,248.67,239.79,200.68,180.425,154.3,158.43,166.46,133.525,159.555,134.14,128.15,146.34,140.57,108.38,77.34,67.95,51.935,54.4,56.68,58.835,53.59
2021-05-06 10:45,413.12,358.41,335.625,246.125,215.46,234.15,229.66,226.34,228.55,247.945,240.71,200.99,180.065,154.4,158.42,166.43,133.485,159.585,134.39,128.24,146.48,140.68,108.02,77.31,67.87,52.005,54.385,56.675,58.84,53.52
2021-05-06 10:50,413.505,359.0,335.65,246.43,215.87,233.84,229.61,226.49,228.62,247.62,240.66,200.95,180.075,154.46,158.62,166.36,133.43,159.4,134.32,128.4,146.515,140.63,108.195,77.345,67.82,52.01,54.31,56.77,58.785,53.48
2021-05-06 10:55,413.67,359.59,335.3,246.39,215.28,233.9,229.44,226.59,228.405,247.61,240.69,201.32,180.31,154.585,158.84,166.405,133.605,159.59,134.55,128.145,146.475,140.63,108.21,77.35,67.93,52.045,54.3,56.77,58.765,53.39
2021-05-06 11:00,413.16,359.4,335.69,246.47,215.06,234.16,229.77,226.595,228.2,247.955,239.175,201.32,180.065,154.62,158.65,166.46,133.49,159.45,134.82,128.185,146.6,140.96,108.14,77.39,67.8,52.105,54.38,56.715,58.845,53.48
2021-05-06 11:05,413.51,359.65,335.53,245.99,214.71,233.91,229.19,226.42,227.65,247.11,238.985,201.48,179.95,154.105,158.53,166.455,133.18,159.49,134.85,127.765,146.49,140.96,108.22,77.28,67.78,52.06,54.37,56.52,58.865,53.44
2021-05-06 11:10,413.86,360.015,335.89,245.92,214.22,234.09,229.005,226.54,227.49,247.26,239.195,201.7,180.065,154.51,158.68,166.59,133.15,159.435,134.745,127.66,146.19,140.85,108.28,77.2,67.765,52.025,54.39,56.425,58.84,53.44
2021-05-06 11:15,414.11,359.76,336.03,246.14,214.995,234.055,229.15,226.52,227.355,248.05,239.865,201.675,180.21,154.55,158.77,166.96,133.16,159.65,134.675,127.78,146.555,140.925,108.585,77.28,68.02,52.06,54.4,56.64,58.88,53.56
2021-05-06 11:20,414.81,360.135,336.51,246.77,215.76,234.0,229.995,226.54,228.07,248.77,239.93,201.89,180.565,154.67,158.82,166.98,133.46,159.89,134.65,128.12,146.63,141.0,108.63,77.38,68.035,52.12,54.395,56.77,58.99,53.625
2021-05-06 11:25,414.46,360.445,336.525,247.175,215.85,234.03,230.11,226.6,228.5,248.98,240.14,201.81,180.615,154.81,159.02,167.055,133.43,159.96,134.58,128.485,146.72,141.03,108.68,77.42,68.04,52.2,54.44,56.735,59.0,53.67
2021-05-06 11:30,414.72,360.87,336.99,247.79,216.18,234.15,230.09,226.985,229.0,249.11,240.14,201.99,180.9,155.03,159.13,167.125,133.73,160.2,134.75,128.78,147.215,141.07,108.84,77.43,68.08,52.41,54.48,56.91,59.065,53.815
2021-05-06 11:35,414.005,361.395,337.075,247.58,216.16,234.0,229.97,227.61,229.25,249.06,240.355,202.16,181.105,155.055,159.215,167.125,133.52,160.405,134.815,128.81,147.59,141.065,108.75,77.395,68.235,52.415,54.51,56.92,59.06,53.77
2021-05-06 11:40,414.25,361.875,336.785,248.13,217.06,234.16,230.08,227.76,229.575,248.84,240.29,202.14,181.405,155.205,159.32,167.18,133.595,160.71,134.8,128.99,147.63,141.1,108.77,77.43,68.31,52.465,54.535,56.98,59.13,53.795
2021-05-06 11:45,414.52,361.76,337.045,248.23,216.96,234.2,230.515,227.68,229.465,248.85,240.14,202.11,181.38,155.23,159.525,167.32,133.43,160.54,134.825,128.83,147.75,141.17,108.94,77.545,68.37,52.59,54.595,57.025,59.135,53.82
2021-05-06 11:50,413.94,361.52,337.21,248.0,217.05,234.04,230.13,227.415,229.39,248.54,240.03,201.825,181.175,155.12,159.485,167.03,133.24,160.44,134.9,128.7,147.855,141.01,108.87,77.46,68.32,52.495,54.52,57.01,59.07,53.83
2021-05-06 11:55,413.34,361.43,336.79,247.81,217.09,233.88,230.28,227.42,229.75,248.055,240.395,201.63,181.2,155.2,159.55,166.795,133.365,160.37,134.795,128.72,147.855,141.05,108.995,77.33,68.29,52.425,54.5,56.985,59.03,53.81
2021-05-06 12:00,413.83,361.28,336.84,247.905,217.41,234.185,230.14,227.375,229.82,248.25,240.24,201.685,181.27,155.085,159.445,166.93,133.28,160.38,134.885,128.74,147.71,141.16,108.83,77.32,68.16,52.465,54.475,56.955,59.14,53.84
2021-05-06 12:05,413.71,361.42,337.22,247.78,217.35,234.02,229.99,227.47,229.52,247.88,239.825,201.66,181.2,154.98,159.415,166.855,133.275,159.92,134.865,128.815,147.605,141.225,108.815,77.26,68.15,52.475,54.48,56.855,59.15,53.8
2021-05-06 12:10,413.74,361.55,337.05,247.58,216.965,234.08,229.89,227.365,229.61,247.805,239.3,201.565,181.17,155.005,159.595,166.805,133.18,159.83,134.95,128.62,147.62,141.2,108.69,77.185,68.09,52.47,54.48,56.87,59.12,53.81
2021-05-06 12:15,413.755,361.5,336.865,247.76,217.09,233.98,229.97,227.26,229.94,247.79,239.615,201.285,181.33,155.08,159.685,166.76,133.285,159.9,134.855,128.825,147.73,141.175,108.83,77.18,68.18,52.53,54.455,56.98,59.125,53.765
2021-05-06 12:20,414.225,361.44,337.12,247.755,217.38,233.94,230.2,227.29,229.98,247.83,240.135,201.455,181.21,155.26,159.655,166.79,133.24,159.84,134.72,128.95,147.945,141.11,108.85,77.2,68.29,52.55,54.4,56.975,59.13,53.745
2021-05-06 12:25,414.69,361.48,337.37,248.095,217.65,234.06,230.19,227.41,230.14,248.14,240.44,201.225,181.38,155.355,159.82,166.875,133.185,159.895,134.72,129.135,148.045,141.275,108.89,77.2,68.315,52.64,54.465,57.025,59.15,53.83
2021-05-06 12:30,414.91,360.27,337.445,248.225,217.71,233.86,230.39,227.35,229.61,247.96,240.245,201.065,181.37,155.385,159.535,166.84,133.31,159.64,134.79,129.085,148.14,141.34,108.73,77.195,68.22,52.67,54.42,57.05,59.18,53.75
2021-05-06 12:35,414.86,360.35,337.2,248.055,217.645,233.64,230.25,227.1,229.35,248.03,240.365,201.05,181.3,155.26,159.38,166.735,133.17,159.325,134.81,129.035,148.18,141.27,108.64,77.13,68.18,52.65,54.38,57.06,59.205,53.705
2021-05-06 12:40,414.7,360.43,337.52,248.05,217.56,233.9,230.495,227.31,229.615,247.945,240.2,201.265,181.52,155.54,159.51,166.845,133.205,159.35,134.89,128.995,148.3,141.305,108.77,77.165,68.27,52.63,54.375,57.125,59.21,53.74
2021-05-06 12:45,414.91,360.415,337.56,247.985,217.36,233.89,230.35,227.205,229.325,248.0,240.21,201.615,181.48,155.305,159.325,166.915,133.195,159.44,134.76,128.91,148.15,141.29,108.63,77.21,68.27,52.655,54.37,57.04,59.2,53.77
2021-05-06 12:50,414.65,360.29,337.47,248.11,217.87,233.88,230.81,227.12,229.565,247.925,239.87,201.445,181.465,155.265,159.305,166.845,133.29,159.36,134.725,129.045,147.985,141.205,108.655,77.22,68.235,52.685,54.355,57.04,59.165,53.71
2021-05-06 12:55,414.43,360.21,337.155,247.86,217.82,233.66,230.755,226.985,229.345,247.99,240.02,201.36,181.26,155.27,159.34,166.785,133.18,159.3,134.71,128.895,148.045,141.16,108.78,77.19,68.31,52.65,54.36,56.99,59.175,53.71
2021-05-06 13:00,414.195,360.77,337.075,247.97,218.14,233.74,230.905,227.07,229.56,247.865,240.16,201.395,181.375,155.345,159.57,166.815,132.915,159.405,134.785,128.93,147.99,141.08,108.84,77.165,68.3,52.58,54.35,56.965,59.21,53.775
2021-05-06 13:05,414.02,361.07,337.265,247.75,217.51,233.965,231.04,227.03,229.78,247.94,240.305,201.46,181.27,155.325,159.6,166.85,132.89,159.52,134.92,128.925,148.05,141.115,108.915,77.17,68.36,52.58,54.365,56.92,59.205,53.95
2021-05-06 13:10,413.59,361.29,337.22,247.33,217.305,233.83,230.65,227.135,229.74,247.55,240.3,201.58,181.17,155.455,159.715,166.74,132.915,159.68,134.8,128.67,148.01,140.955,108.88,77.17,68.485,52.51,54.34,56.845,59.18,54.03
2021-05-06 13:15,413.54,361.18,336.82,247.265,217.045,233.72,230.22,226.89,229.33,247.52,240.14,201.39,181.05,155.375,159.805,166.835,132.69,159.56,134.78,128.69,148.07,140.975,108.83,77.18,68.44,52.445,54.355,56.82,59.21,54.02
2021-05-06 13:20,413.33,361.645,336.86,246.99,217.17,233.665,230.03,227.015,229.19,247.68,239.81,201.51,181.05,155.515,159.55,166.82,132.7,159.49,134.72,128.615,148.1,140.97,108.8,77.28,68.535,52.42,54.37,56.815,59.16,54.075
2021-05-06 13:25,413.75,361.46,336.94,247.29,217.115,233.69,230.23,227.05,229.12,247.58,239.89,201.385,181.065,155.605,159.605,166.82,132.815,159.39,134.81,128.735,148.37,140.96,108.82,77.285,68.55,52.4,54.355,56.83,59.145,54.08
2021-05-06 13:30,414.17,361.4,337.02,247.65,217.27,233.66,230.39,226.95,228.87,247.635,239.53,201.49,181.055,155.485,159.46,166.79,132.825,159.46,134.9,128.855,148.29,141.02,108.755,77.29,68.51,52.435,54.355,56.83,59.15,54.03
2021-05-06 13:35,414.44,361.87,337.07,247.46,217.04,233.65,230.44,227.04,229.02,247.72,239.11,201.68,181.0,155.625,159.67,166.825,132.89,159.46,134.88,128.89,148.375,141.02,108.82,77.3,68.5,52.41,54.355,56.84,59.145,54.05
2021-05-06 13:40,414.8,361.875,337.15,247.175,216.785,233.75,230.57,227.25,228.79,247.78,239.0,201.76,180.82,155.85,159.835,167.0,132.815,159.555,135.06,128.79,148.39,141.11,108.95,77.33,68.575,52.405,54.37,56.79,59.195,54.155
2021-05-06 13:45,414.56,361.76,337.13,247.3,216.885,233.73,230.735,227.49,228.455,247.645,239.37,201.885,180.76,155.77,159.67,167.04,132.835,159.645,135.185,128.875,148.4,141.01,108.86,77.315,68.55,52.415,54.425,56.765,59.185,54.145
2021-05-06 13:50,415.03,361.625,337.1,247.045,216.765,233.52,230.42,227.5,227.935,247.33,239.195,201.96,180.65,155.63,159.71,166.95,132.625,159.63,135.16,128.685,148.43,140.92,108.785,77.3,68.505,52.32,54.415,56.73,59.18,54.215
2021-05-06 13:55,414.595,361.5,336.91,247.13,216.74,233.53,230.44,227.095,227.78,247.53,238.56,201.85,180.435,155.665,159.635,166.99,132.66,159.665,135.32,128.72,148.4,140.89,108.86,77.35,68.465,52.36,54.43,56.72,59.185,54.22
2021-05-06 14:00,414.31,361.32,336.665,247.4,217.07,233.38,230.475,227.105,227.91,247.52,238.63,201.64,180.405,155.425,159.515,166.91,132.77,159.525,135.23,128.825,148.275,140.91,108.75,77.435,68.415,52.34,54.41,56.76,59.155,54.21
2021-05-06 14:05,413.86,361.68,337.03,247.595,217.0,233.5,230.605,227.23,228.0,247.58,238.46,201.555,180.32,155.75,159.615,166.83,132.8,159.58,135.2,128.815,148.135,141.05,108.765,77.39,68.445,52.37,54.42,56.82,59.13,54.22
2021-05-06 14:10,413.96,361.32,336.715,247.555,217.07,233.505,230.69,227.21,228.155,247.335,238.65,201.59,180.515,155.865,159.57,166.9,132.71,159.56,135.235,128.78,148.13,140.87,108.57,77.31,68.405,52.33,54.455,56.825,59.16,54.23
2021-05-06 14:15,413.96,361.33,337.015,247.72,217.18,233.43,230.67,227.095,227.915,247.38,238.8,201.355,180.47,155.82,159.705,166.905,132.78,159.29,135.25,128.81,148.26,140.95,108.51,77.36,68.34,52.42,54.435,56.825,59.21,54.175
2021-05-06 14:20,413.73,361.42,337.1,247.775,217.0,233.38,230.62,227.105,228.115,247.46,238.805,201.42,180.585,155.825,159.775,166.95,132.8,159.295,135.29,128.96,148.26,140.99,108.62,77.41,68.38,52.455,54.46,56.86,59.24,54.18
2021-05-06 14:25,413.71,360.72,336.82,247.24,216.205,233.22,230.4,227.145,227.46,247.48,238.41,201.48,180.41,155.585,159.61,167.08,132.52,159.28,135.28,128.52,148.04,141.11,108.535,77.445,68.31,52.34,54.465,56.655,59.24,54.22
2021-05-06 14:30,414.01,360.77,336.835,247.145,216.325,233.43,230.275,227.18,227.175,247.655,238.575,201.39,180.305,155.57,159.6,167.265,132.54,159.32,135.36,128.375,148.105,141.17,108.505,77.45,68.27,52.28,54.5,56.685,59.26,54.205
2021-05-06 14:35,414.19,360.715,336.93,247.11,216.2,233.45,230.25,227.035,227.13,248.21,238.08,201.05,180.27,155.47,159.49,167.345,132.625,159.385,135.28,128.37,148.08,141.15,108.565,77.525,68.31,52.3,54.44,56.72,59.25,54.2
2021-05-06 14:40,414.345,360.79,336.91,246.945,216.06,233.36,230.25,227.03,227.25,248.69,237.91,200.85,180.17,155.355,159.44,167.27,132.6,159.37,135.14,128.43,148.06,141.08,108.55,77.5,68.32,52.27,54.38,56.69,59.255,54.18
2021-05-06 14:45,414.285,361.625,337.055,247.14,216.075,233.44,230.5,227.17,227.47,248.44,238.055,200.86,180.32,155.6,159.69,167.27,132.775,159.43,135.075,128.66,148.08,141.13,108.835,77.56,68.45,52.31,54.38,56.75,59.27,54.22
2021-05-06 14:50,413.93,361.83,336.82,247.26,216.215,233.52,230.54,227.195,227.77,248.785,237.61,200.77,180.48,155.78,159.83,167.285,132.79,159.55,134.935,128.775,148.14,141.14,108.89,77.63,68.48,52.315,54.385,56.79,59.265,54.29
2021-05-06 14:55,413.99,362.21,336.715,246.685,215.82,233.55,230.14,227.305,227.775,249.135,237.385,200.905,180.445,155.9,159.91,167.32,132.75,159.61,134.975,128.68,148.065,141.12,108.95,77.64,68.49,52.335,54.39,56.76,59.27,54.31
2021-05-06 15:00,413.47,362.59,336.72,247.115,215.95,233.29,229.975,227.36,227.905,249.295,237.11,200.895,180.365,155.88,160.09,167.25,132.71,159.575,134.835,128.81,148.135,141.06,108.925,77.66,68.49,52.38,54.405,56.795,59.235,54.3
2021-05-06 15:05,413.97,363.13,336.64,247.26,216.12,233.25,230.01,227.27,228.045,249.435,236.745,200.78,180.38,155.87,160.16,167.17,132.75,159.71,134.76,128.96,148.2,140.87,108.885,77.585,68.555,52.425,54.405,56.835,59.255,54.3
2021-05-06 15:10,414.13,363.36,336.72,247.615,216.77,233.35,230.57,227.34,228.24,249.74,236.5,200.935,180.565,156.02,160.215,167.2,132.85,159.74,134.705,129.12,148.19,140.76,108.82,77.515,68.605,52.475,54.395,56.875,59.245,54.32
2021-05-06 15:15,413.77,362.885,336.75,247.83,216.73,233.355,230.525,227.365,228.305,249.745,236.58,201.105,180.745,156.105,160.13,167.29,132.82,159.85,134.83,129.11,148.345,140.78,108.79,77.46,68.595,52.515,54.38,56.83,59.255,54.28
2021-05-06 15:20,413.72,363.65,336.58,247.76,216.555,233.305,230.24,227.41,228.56,249.82,236.555,201.21,180.765,156.23,160.2,167.18,132.85,159.93,134.75,129.09,148.375,140.74,108.775,77.35,68.64,52.47,54.345,56.83,59.24,54.24
2021-05-06 15:25,413.845,363.87,336.77,248.09,216.68,233.48,230.42,227.68,228.595,250.08,236.49,200.835,181.035,156.36,160.27,167.09,132.895,160.03,134.84,129.125,148.435,140.79,108.78,77.42,68.655,52.47,54.365,56.905,59.255,54.31
2021-05-06 15:30,414.235,364.05,336.785,247.92,216.79,233.71,230.665,227.775,228.52,250.405,236.49,201.15,181.155,156.5,160.31,167.315,132.83,160.13,134.925,129.025,148.415,140.87,108.84,77.59,68.575,52.41,54.42,56.905,59.275,54.31
2021-05-06 15:35,413.93,364.255,336.86,248.38,216.89,234.05,230.78,227.965,228.86,250.46,236.9,201.55,181.36,156.49,160.435,167.47,132.94,160.16,135.09,129.33,148.42,140.98,108.9,77.6,68.735,52.505,54.47,56.92,59.33,54.355
2021-05-06 15:40,414.2,364.68,336.79,248.45,217.26,234.085,230.88,228.13,229.13,250.51,236.83,201.69,181.415,156.555,160.435,167.61,133.095,160.13,135.12,129.28,148.42,140.975,108.98,77.67,68.805,52.49,54.485,56.905,59.33,54.28
2021-05-06 15:45,414.52,364.88,337.19,248.565,217.25,234.225,230.98,228.23,229.32,250.81,237.04,201.805,181.48,156.715,160.47,167.705,133.175,160.17,135.04,129.38,148.33,140.83,108.96,77.71,68.83,52.475,54.465,56.93,59.24,54.35
2021-05-06 15:50,414.7,365.375,337.525,249.27,217.92,234.515,230.82,228.655,229.655,251.04,237.41,202.0,181.45,156.9,160.62,167.76,133.505,160.38,134.92,129.545,148.385,140.845,109.035,77.74,68.94,52.46,54.475,57.08,59.22,54.44
2021-05-06 15:55,415.03,365.8,337.79,249.61,218.01,234.85,231.46,228.65,229.77,251.41,236.965,202.44,181.77,156.925,160.71,167.79,133.53,160.39,135.13,129.6,148.425,141.03,108.98,77.78,69.02,52.45,54.54,57.215,59.29,54.49
2021-05-07 09:30,417.365,361.24,335.91,251.49,219.64,234.32,231.655,227.49,228.11,254.76,234.22,202.34,182.26,155.97,158.265,168.85,135.845,158.995,135.33,130.02,145.34,141.42,108.43,78.22,67.96,52.51,54.335,57.58,58.86,54.74
2021-05-07 09:35,418.35,364.72,336.79,251.595,220.12,234.14,231.55,226.68,228.995,254.9,235.72,201.98,182.0,156.19,159.43,168.57,136.5,159.49,135.06,130.07,145.04,141.18,108.92,78.24,68.2,52.795,54.27,57.63,58.725,55.005
2021-05-07 09:40,417.54,365.28,337.315,251.775,219.8,234.09,231.385,227.775,230.37,255.15,236.32,202.63,182.85,157.0,159.81,168.87,137.475,160.08,135.17,129.68,145.22,141.05,109.41,78.525,68.555,53.04,54.22,57.48,58.72,54.87
2021-05-07 09:45,417.51,366.535,336.96,252.86,220.27,234.4,231.69,227.9,230.73,255.19,236.72,202.5,183.09,157.17,159.94,168.715,137.79,160.79,135.14,130.14,144.72,140.9,109.49,78.31,68.67,53.15,54.33,57.66,58.7,55.13
2021-05-07 09:50,417.845,365.86,337.52,252.28,219.475,234.75,231.835,227.82,230.755,254.74,236.85,202.16,182.69,157.6,159.24,168.67,137.91,160.69,135.545,129.93,144.97,140.89,109.42,78.4,68.7,53.2,54.455,57.595,58.725,55.03
2021-05-07 09:55,417.36,365.08,336.52,252.46,219.72,234.52,231.76,227.945,230.7,253.94,236.37,202.485,182.75,157.22,158.89,168.53,137.74,160.54,135.53,130.14,145.3,140.91,109.35,78.505,68.35,53.35,54.495,57.675,58.91,54.87
2021-05-07 10:00,417.53,365.22,337.18,252.88,219.915,234.95,232.32,228.31,231.44,254.53,236.05,203.12,182.97,157.33,159.27,168.65,138.035,160.4,135.64,130.41,145.625,141.01,109.485,78.35,68.56,53.515,54.58,57.67,59.005,54.97
2021-05-07 10:05,417.2,365.32,337.92,253.03,220.68,235.15,232.32,228.33,231.69,254.77,236.5,203.295,182.46,157.61,159.27,168.67,138.36,160.75,135.82,130.48,145.56,141.12,109.425,78.22,68.53,53.545,54.66,57.74,59.02,55.005
2021-05-07 10:10,417.86,365.17,338.14,253.27,221.06,235.32,232.12,228.39,231.81,254.825,237.16,203.2,182.44,157.78,159.01,168.685,138.84,160.705,135.83,130.445,145.835,141.16,109.57,78.31,68.6,53.51,54.71,57.85,59.035,54.96
2021-05-07 10:15,417.4,365.32,337.6,253.4,220.965,235.15,232.305,228.235,231.85,254.21,237.73,202.965,182.715,157.76,159.195,168.46,138.45,160.8,135.82,130.815,145.9,141.135,109.67,78.31,68.78,53.57,54.61,57.91,58.925,54.98
2021-05-07 10:20,418.25,364.29,337.755,253.41,220.68,235.09,232.28,228.21,231.66,254.69,237.205,202.85,182.905,157.57,159.08,168.65,138.71,160.85,135.93,130.86,145.745,141.2,109.04,78.4,68.39,53.495,54.635,57.88,58.925,54.89
2021-05-07 10:25,417.565,364.23,337.95,252.96,220.12,235.25,232.135,228.3,231.71,254.55,237.22,203.0,183.05,157.86,159.46,168.59,138.78,160.96,135.87,130.575,145.78,141.085,108.765,78.46,68.275,53.555,54.57,57.93,58.92,54.93
2021-05-07 10:30,418.02,364.59,338.0,253.36,219.99,235.2,232.1,228.5,232.435,254.45,237.235,203.12,183.325,157.69,159.63,168.78,139.05,160.89,135.97,130.81,145.4,141.15,108.93,78.5,68.265,53.655,54.565,57.92,58.93,54.97
2021-05-07 10:35,417.84,364.84,337.72,253.23,219.84,235.085,231.85,228.25,232.33,253.3,237.46,202.92,183.36,157.53,159.77,168.62,138.92,160.65,135.815,130.705,145.27,141.08,108.93,78.34,68.3,53.47,54.49,57.83,58.83,54.96
2021-05-07 10:40,417.3,365.44,337.68,253.26,219.67,234.91,231.99,228.43,232.92,253.125,238.66,202.74,183.89,157.67,159.94,168.36,139.1,160.56,135.45,130.64,145.435,140.92,109.09,78.27,68.28,53.42,54.42,57.855,58.77,54.87
2021-05-07 10:45,416.9,365.685,337.41,253.32,219.39,235.05,231.945,228.425,233.275,253.0,239.03,202.73,183.99,157.46,160.035,168.3,138.99,160.22,135.485,130.585,145.37,140.95,109.055,78.145,68.28,53.52,54.425,57.75,58.75,54.84
2021-05-07 10:50,417.135,365.99,337.62,253.28,219.12,235.155,231.99,228.43,233.63,253.0,239.215,202.77,184.32,157.745,160.1,168.34,139.145,160.29,135.525,130.495,145.395,140.97,109.085,78.2,68.37,53.48,54.48,57.66,58.74,54.885
2021-05-07 10:55,416.85,365.73,337.26,253.36,219.555,235.35,232.35,228.435,233.63,253.05,238.86,202.46,184.44,157.82,159.79,168.41,139.1,160.18,135.525,130.56,145.33,140.835,109.05,78.25,68.21,53.47,54.49,57.66,58.795,54.87
2021-05-07 11:00,416.73,365.74,337.43,253.515,219.315,235.625,232.825,228.695,233.49,253.18,238.725,202.5,184.35,157.63,159.86,168.43,138.99,159.88,135.53,130.74,145.32,141.0,108.98,78.22,68.285,53.475,54.55,57.675,58.8,54.765
2021-05-07 11:05,416.43,365.67,337.19,253.6,219.26,235.49,232.65,228.51,233.4,252.24,238.865,202.425,184.46,157.57,159.845,168.48,138.8,160.18,135.48,130.66,145.265,141.045,109.02,78.11,68.25,53.44,54.56,57.595,58.735,54.74
2021-05-07 11:10,416.95,365.515,337.535,253.825,219.34,235.65,232.91,228.585,233.485,253.58,238.68,202.595,184.65,157.55,159.98,168.55,138.9,160.125,135.62,130.84,145.375,141.19,109.13,78.25,68.25,53.52,54.6,57.625,58.815,54.85
2021-05-07 11:15,416.74,366.04,337.175,253.89,219.355,235.26,233.15,228.185,233.14,253.63,238.9,202.58,184.75,157.615,159.915,168.58,138.87,159.95,135.53,130.82,145.19,141.04,109.24,78.16,68.19,53.42,54.5,57.555,58.73,54.81
2021-05-07 11:20,416.61,366.11,337.005,254.035,219.54,235.265,232.87,228.135,233.03,253.3,238.67,202.755,184.515,157.56,159.82,168.62,138.515,159.74,135.575,130.97,145.22,141.105,109.075,78.125,68.08,53.38,54.53,57.495,58.71,54.81
2021-05-07 11:25,416.445,366.925,336.86,254.12,219.65,235.205,232.855,227.82,232.98,252.97,238.77,202.66,184.76,157.49,159.91,168.58,138.35,159.57,135.52,131.07,145.275,141.04,109.2,78.08,68.07,53.395,54.525,57.585,58.71,54.69
2021-05-07 11:30,416.83,367.39,337.21,253.95,219.395,235.255,232.67,227.965,232.82,253.43,238.96,202.74,184.68,157.735,160.205,168.84,138.23,159.71,135.55,131.05,145.295,141.17,109.24,78.235,68.15,53.43,54.54,57.565,58.78,54.77
2021-05-07 11:35,416.8,367.09,337.5,253.85,219.08,235.26,232.545,227.98,232.675,252.83,239.085,202.82,184.935,157.815,160.2,168.83,138.05,159.695,135.48,130.98,145.28,141.16,109.39,78.15,68.165,53.34,54.54,57.55,58.82,54.71
2021-05-07 11:40,417.19,368.11,337.66,254.085,219.26,235.48,232.77,228.095,232.91,253.01,239.37,202.7,184.96,157.72,160.22,168.885,138.345,159.88,135.54,131.22,145.275,141.21,109.37,78.18,68.205,53.43,54.62,57.585,58.88,54.74
2021-05-07 11:45,416.3,368.49,337.32,253.795,219.13,235.155,232.8,228.0,232.87,252.56,239.54,202.39,184.57,157.74,160.15,168.61,138.36,159.685,135.355,131.0,145.19,140.985,109.3,78.095,68.205,53.34,54.485,57.56,58.78,54.57
2021-05-07 11:50,416.06,368.82,337.55,253.94,219.31,235.085,232.66,228.07,233.25,252.36,239.95,202.33,184.56,157.84,160.25,168.68,138.07,159.905,135.29,130.97,145.25,140.92,109.455,78.07,68.22,53.32,54.47,57.55,58.77,54.575
2021-05-07 11:55,415.995,368.05,337.49,254.22,219.09,235.11,232.905,228.125,233.19,252.12,239.4,202.34,184.6,158.015,160.24,168.56,137.905,159.88,135.425,131.13,145.23,140.935,109.435,78.08,68.33,53.4,54.51,57.605,58.83,54.56
2021-05-07 12:00,416.46,368.035,337.53,254.0,218.91,235.0,232.98,228.35,233.34,252.36,239.66,202.325,184.57,158.08,160.425,168.51,137.895,160.18,135.375,130.99,145.335,140.83,109.45,78.04,68.425,53.35,54.5,57.595,58.83,54.72
2021-05-07 12:05,416.45,368.19,337.55,253.925,218.69,234.97,233.135,228.33,233.44,252.405,239.88,202.28,184.63,158.075,160.465,168.53,137.95,160.225,135.41,131.005,145.49,140.95,109.44,77.99,68.505,53.42,54.485,57.62,58.77,54.65
2021-05-07 12:10,416.09,367.88,337.38,253.675,218.52,234.855,233.02,228.08,233.635,252.205,240.01,202.2,184.445,158.085,160.38,168.44,137.76,160.27,135.29,130.8,145.415,140.93,109.355,77.93,68.52,53.355,54.435,57.565,58.755,54.57
2021-05-07 12:15,416.245,368.09,337.4,253.79,218.4,234.78,233.06,228.035,233.755,252.28,239.98,202.23,184.39,158.1,160.325,168.465,137.76,160.265,135.26,130.95,145.35,140.96,109.405,77.915,68.57,53.36,54.415,57.595,58.74,54.55
2021-05-07 12:20,416.01,368.195,337.37,253.71,218.4,234.77,232.95,228.18,234.24,252.11,240.31,202.3,184.34,158.19,160.375,168.47,137.705,160.34,135.21,130.86,145.45,140.875,109.58,77.92,68.695,53.29,54.405,57.565,58.74,54.51
2021-05-07 12:25,415.93,369.0,337.235,253.19,217.85,234.7,232.8,228.31,234.45,251.99,240.44,202.4,184.22,158.32,160.42,168.35,137.68,160.27,135.11,130.73,145.51,140.75,109.775,77.93,68.8,53.25,54.34,57.5,58.72,54.49
2021-05-07 12:30,416.04,368.7,337.185,253.08,218.075,234.71,232.79,228.25,234.31,252.005,240.28,202.46,184.25,158.365,160.33,168.345,137.86,159.99,134.99,130.68,145.345,140.7,109.73,77.925,68.735,53.25,54.325,57.545,58.7,54.445
2021-05-07 12:35,415.9,368.97,337.0,252.855,217.655,234.69,232.66,228.25,234.18,251.92,240.29,202.64,184.055,158.46,160.42,168.4,137.85,160.09,134.935,130.465,145.315,140.23,109.76,77.935,68.77,53.205,54.31,57.445,58.625,54.44
2021-05-07 12:40,416.09,369.19,337.125,252.88,217.4,234.78,232.32,228.42,234.2,252.15,240.41,202.92,184.04,158.575,160.59,168.39,137.625,160.11,134.95,130.53,145.49,139.755,109.8,77.96,68.77,53.285,54.35,57.445,58.64,54.525
2021-05-07 12:45,416.06,369.0,337.16,252.93,217.79,234.685,232.225,228.35,234.23,252.18,240.765,202.96,183.83,158.39,160.535,168.37,137.84,159.98,134.96,130.545,145.57,139.585,109.68,77.955,69.11,53.305,54.32,57.545,58.61,54.43
2021-05-07 12:50,415.765,369.15,337.24,252.72,217.835,234.635,232.18,228.385,234.33,252.1,241.1,203.11,184.14,158.615,160.575,168.31,137.88,160.07,134.98,130.515,145.53,139.92,109.56,77.965,68.88,53.26,54.34,57.5,58.645,54.465
2021-05-07 12:55,415.59,369.8,337.24,252.975,218.22,234.72,232.23,228.61,234.83,252.29,241.0,203.11,184.27,158.61,160.76,168.35,137.73,160.08,134.9,130.59,145.59,139.725,109.67,77.99,68.95,53.3,54.32,57.545,58.635,54.48
2021-05-07 13:00,415.69,370.32,337.645,252.945,217.92,234.8,232.07,228.53,235.45,252.47,241.03,203.145,184.355,158.605,160.705,168.28,137.67,160.26,134.82,130.6,145.585,139.725,109.77,77.97,69.16,53.34,54.32,57.54,58.66,54.48
2021-05-07 13:05,415.68,369.365,337.63,252.75,217.585,234.84,231.95,228.49,235.12,252.61,240.895,203.23,184.165,158.49,160.65,168.33,137.76,160.27,134.825,130.515,145.53,140.04,109.795,78.015,69.095,53.25,54.335,57.505,58.66,54.49
2021-05-07 13:10,415.76,369.61,337.64,252.51,217.15,234.75,231.88,228.56,235.27,252.75,240.705,203.17,184.2,158.54,160.51,168.36,137.7,160.32,134.84,130.41,145.49,139.9,109.825,78.02,69.06,53.29,54.33,57.455,58.65,54.55
2021-05-07 13:15,415.875,369.74,337.59,252.55,216.985,234.78,231.7,228.52,235.34,252.645,240.555,203.25,184.09,158.475,160.51,168.38,137.63,160.12,134.87,130.305,145.405,140.0,109.87,78.06,69.08,53.24,54.355,57.45,58.68,54.53
2021-05-07 13:20,416.06,370.2,337.735,252.47,216.55,234.9,231.595,228.63,235.37,252.785,240.81,203.38,184.075,158.595,160.64,168.405,137.67,160.245,134.86,130.23,145.375,139.98,109.91,78.135,69.2,53.295,54.335,57.475,58.69,54.59
2021-05-07 13:25,415.83,370.12,337.655,252.23,216.35,234.875,231.58,228.33,235.165,252.31,240.72,203.02,184.05,158.48,160.475,168.42,137.55,160.12,134.83,130.15,145.375,140.07,109.97,78.21,69.14,53.245,54.345,57.37,58.68,54.54
2021-05-07 13:30,416.105,370.19,337.495,252.66,216.58,234.905,231.88,228.6,235.57,252.51,240.675,203.1,184.35,158.61,160.5,168.44,137.67,160.205,134.88,130.31,145.32,140.19,110.045,78.265,69.17,53.28,54.34,57.46,58.7,54.54
2021-05-07 13:35,416.16,370.27,337.135,252.435,216.37,234.87,231.925,228.67,235.38,252.5,240.62,203.2,184.375,158.77,160.71,168.44,137.64,160.28,134.91,130.24,145.375,140.11,110.21,78.295,69.26,53.305,54.365,57.46,58.75,54.56
2021-05-07 13:40,416.5,370.45,337.57,252.51,216.19,234.835,231.98,228.635,235.31,252.415,240.65,203.08,184.39,158.85,160.69,168.48,137.61,160.24,134.89,130.21,145.235,140.32,110.135,78.255,69.19,53.32,54.35,57.425,58.745,54.57
2021-05-07 13:45,416.23,370.295,337.9,252.6,216.18,235.065,231.92,228.625,235.055,252.7,240.35,202.955,184.29,158.695,160.65,168.52,137.815,160.12,135.0,130.25,145.32,140.36,110.195,78.28,69.2,53.33,54.395,57.455,58.72,54.53
2021-05-07 13:50,416.4,370.08,337.925,252.36,215.98,234.98,231.585,228.685,235.21,252.87,240.74,203.11,184.17,158.555,160.64,168.55,137.82,160.07,134.995,130.075,145.38,140.495,110.19,78.22,69.26,53.32,54.43,57.4,58.735,54.59
2021-05-07 13:55,416.595,370.01,337.92,252.18,215.85,234.93,231.435,228.785,235.26,253.11,240.99,203.225,184.05,158.71,160.675,168.6,137.58,160.13,135.12,130.01,145.38,140.505,110.235,78.32,69.28,53.32,54.455,57.33,58.75,54.59
2021-05-07 14:00,416.695,369.815,338.27,252.28,215.84,234.945,231.26,228.94,234.95,252.905,240.855,203.24,183.965,158.575,160.555,168.465,137.735,160.255,135.105,129.985,145.415,140.49,110.075,78.335,69.155,53.355,54.445,57.345,58.76,54.62
2021-05-07 14:05,416.6,370.09,338.33,252.58,216.035,234.97,231.51,229.08,235.26,253.06,240.955,203.34,184.17,158.655,160.77,168.43,137.765,160.315,135.085,130.135,145.49,140.56,110.32,78.37,69.085,53.375,54.45,57.455,58.755,54.63
2021-05-07 14:10,416.56,370.485,338.31,252.51,215.84,234.895,231.27,229.14,235.21,253.1,241.34,203.4,184.03,158.635,160.79,168.42,137.65,160.28,135.15,130.105,145.53,140.59,110.44,78.38,69.12,53.41,54.465,57.46,58.795,54.67
2021-05-07 14:15,416.76,370.51,338.62,252.565,215.86,235.06,231.3,229.215,235.43,253.1,241.79,203.57,184.195,158.715,160.915,168.58,137.79,160.34,135.195,130.15,145.59,140.635,110.46,78.34,69.03,53.44,54.48,57.445,58.84,54.7
2021-05-07 14:20,417.085,370.65,338.745,252.69,215.635,235.05,231.305,229.32,235.51,253.23,241.75,203.615,184.32,158.82,160.94,168.595,137.72,160.375,135.205,130.17,145.59,140.665,110.65,78.36,69.05,53.43,54.49,57.49,58.86,54.69
2021-05-07 14:25,417.51,370.765,338.81,252.63,215.36,235.08,231.13,229.56,235.48,253.44,241.85,203.745,184.255,158.755,160.955,168.58,137.56,160.43,135.225,130.255,145.64,140.79,110.58,78.405,69.145,53.425,54.52,57.505,58.835,54.67
2021-05-07 14:30,417.77,370.74,338.81,252.57,215.235,234.935,230.91,229.61,235.67,253.785,241.61,203.74,184.19,158.72,161.095,168.485,137.48,160.49,135.27,130.185,145.605,140.71,110.51,78.45,69.045,53.385,54.505,57.515,58.815,54.62
2021-05-07 14:35,417.81,370.625,338.82,252.44,215.34,235.025,230.79,229.225,235.9,254.09,241.35,203.82,184.32,158.72,161.14,168.47,137.55,160.65,135.28,130.115,145.51,140.705,110.515,78.48,68.97,53.345,54.53,57.51,58.85,54.64
2021-05-07 14:40,417.505,370.195,338.68,252.49,215.41,234.945,230.98,229.07,235.59,253.745,240.78,203.68,184.25,158.63,161.01,168.52,137.54,160.585,135.19,129.975,145.49,140.64,110.35,78.49,68.87,53.41,54.52,57.465,58.87,54.63
2021-05-07 14:45,417.43,370.135,339.065,252.88,215.87,234.935,231.03,228.915,235.67,253.97,240.29,203.485,184.14,158.59,160.89,168.505,137.53,160.45,135.14,130.03,145.475,140.6,110.15,78.395,68.695,53.415,54.485,57.53,58.855,54.565
2021-05-07 14:50,417.17,370.065,339.01,253.08,216.12,234.82,231.0,228.84,235.77,254.185,240.49,203.385,184.225,158.635,160.86,168.51,137.735,160.31,135.12,130.23,145.6,140.58,110.025,78.435,68.77,53.46,54.475,57.555,58.84,54.585
2021-05-07 14:55,417.11,370.335,338.845,253.15,216.395,234.83,231.15,228.785,235.7,254.22,240.33,203.22,184.19,158.76,160.96,168.46,137.75,160.44,135.035,130.31,145.65,140.56,110.08,78.45,68.81,53.45,54.475,57.66,58.81,54.59
2021-05-07 15:00,417.58,370.42,338.62,253.065,216.085,234.86,231.21,228.815,235.6,254.47,240.165,203.26,184.335,158.75,161.01,168.51,137.775,160.37,135.08,130.26,145.615,140.48,109.99,78.475,68.835,53.415,54.48,57.69,58.775,54.57
2021-05-07 15:05,417.91,370.38,338.79,253.25,216.42,234.92,231.33,228.815,235.77,254.61,240.32,203.21,184.295,158.815,161.105,168.58,137.765,160.425,135.16,130.415,145.66,140.45,110.185,78.535,68.84,53.47,54.51,57.705,58.825,54.53
2021-05-07 15:10,417.935,370.78,338.62,253.2,216.665,234.9,231.445,228.7,235.605,254.76,240.25,203.21,184.3,158.9,161.14,168.635,137.74,160.41,135.275,130.41,145.62,140.4,110.125,78.63,68.73,53.48,54.525,57.7,58.825,54.54
2021-05-07 15:15,417.99,370.98,338.975,253.07,216.44,234.865,231.49,228.88,235.515,254.635,240.21,203.42,184.525,158.885,161.22,168.58,137.77,160.53,135.28,130.44,145.635,140.49,110.065,78.54,68.85,53.46,54.525,57.645,58.805,54.595
2021-05-07 15:20,418.11,371.11,339.12,253.1,217.0,234.82,231.51,228.77,235.705,254.57,240.035,203.3,184.66,158.9,161.28,168.58,137.76,160.565,135.265,130.525,145.605,140.6,110.17,78.615,68.89,53.46,54.55,57.68,58.8,54.635
2021-05-07 15:25,418.52,371.01,339.455,252.925,216.52,234.765,231.61,228.83,235.675,254.67,240.205,203.245,184.75,159.04,161.42,168.68,137.9,160.59,135.305,130.465,145.59,140.54,110.215,78.64,68.87,53.47,54.565,57.66,58.78,54.63
2021-05-07 15:30,418.91,371.31,339.61,252.885,216.285,235.06,231.67,228.71,235.62,254.4,240.525,203.165,184.75,159.035,161.475,168.67,137.9,160.58,135.36,130.445,145.67,140.54,110.11,78.615,68.965,53.47,54.565,57.64,58.795,54.615
2021-05-07 15:35,418.93,371.27,339.43,252.67,216.375,235.085,231.695,228.71,235.31,254.16,240.76,203.015,184.825,159.04,161.375,168.705,138.005,160.65,135.22,130.355,145.825,140.52,110.06,78.59,68.915,53.54,54.555,57.655,58.815,54.545
2021-05-07 15:40,418.06,370.97,339.285,252.73,216.29,234.87,231.805,228.73,235.11,254.43,241.04,202.91,184.98,159.035,161.175,168.605,137.87,160.6,135.24,130.27,145.705,140.41,109.99,78.515,68.995,53.58,54.56,57.6,58.76,54.525
2021-05-07 15:45,417.725,370.76,339.56,253.16,216.89,234.91,232.06,228.585,235.145,254.24,240.88,202.78,185.03,159.11,161.42,168.78,138.115,160.56,135.31,130.42,145.51,140.5,110.015,78.52,69.01,53.575,54.59,57.685,58.765,54.52
2021-05-07 15:50,417.48,370.64,339.61,252.785,216.51,234.78,231.95,228.705,235.19,254.415,241.21,203.15,184.92,159.055,161.305,168.59,138.0,160.845,135.22,130.48,145.58,140.36,109.98,78.425,69.06,53.48,54.525,57.775,58.755,54.63
2021-05-07 15:55,417.59,370.83,339.3,252.45,216.39,234.835,232.17,228.87,235.43,254.15,241.01,203.16,184.96,158.97,161.28,168.63,137.82,160.83,135.13,130.21,145.38,140.21,109.995,78.465,69.09,53.42,54.565,57.72,58.72,54.53
2021-05-10 09:30,418.95,376.33,339.87,249.825,213.795,235.55,230.39,230.28,238.44,256.96,242.975,205.47,185.235,159.67,162.71,169.57,137.52,161.43,136.37,128.59,146.27,140.61,112.3,78.66,70.22,53.76,55.205,56.74,59.37,55.195
2021-05-10 09:35,419.62,376.77,341.19,249.84,213.91,236.0,230.25,230.86,238.78,257.43,244.405,206.48,184.78,159.48,163.36,169.96,136.98,162.12,136.925,128.56,146.61,140.7,113.01,78.72,70.5,53.775,55.355,56.55,59.58,55.45
2021-05-10 09:40,420.97,374.19,341.245,250.35,213.79,235.9,229.955,230.23,237.675,256.92,244.215,206.47,184.39,159.04,162.765,170.62,137.19,161.5,137.15,128.715,146.26,140.66,111.99,78.89,70.465,53.705,55.46,56.39,59.63,55.64
2021-05-10 09:45,420.84,373.96,342.01,250.81,214.795,235.59,230.12,230.71,238.775,258.56,244.1,206.61,185.16,158.99,162.71,170.45,137.72,161.65,137.18,128.67,146.705,140.53,112.055,79.01,70.34,53.96,55.3,56.455,59.495,55.51
2021-05-10 09:50,421.9,373.2,342.47,250.73,214.275,235.74,230.09,230.96,238.32,257.29,244.03,207.35,184.81,159.47,162.95,170.755,137.03,162.08,137.37,128.325,147.055,140.685,112.285,79.1,70.27,54.06,55.325,56.465,59.49,55.315
2021-05-10 09:55,420.82,373.24,341.84,251.365,214.75,236.07,230.41,230.71,239.36,255.91,244.73,207.03,185.16,159.945,163.04,171.03,137.13,161.65,137.57,128.435,146.99,141.03,112.5,79.1,70.33,54.07,55.465,56.59,59.58,55.47
2021-05-10 10:00,421.46,373.2,341.57,251.435,214.455,236.13,230.91,230.98,239.55,254.92,245.31,206.91,185.255,160.455,163.18,170.44,137.235,161.74,137.575,128.34,147.3,140.98,112.14,79.095,70.41,53.97,55.38,56.47,59.53,55.52
2021-05-10 10:05,420.79,374.79,341.69,251.15,214.38,235.93,230.88,231.3,238.85,254.66,245.34,207.325,185.905,160.61,163.275,170.48,137.35,161.83,137.3,128.31,146.825,140.54,111.85,78.925,70.45,53.9,55.265,56.465,59.455,55.4
2021-05-10 10:10,421.685,375.04,341.635,251.16,214.635,235.92,230.78,231.46,239.245,254.35,245.42,207.46,186.6,160.4,163.025,170.57,137.38,162.24,136.85,128.375,146.685,140.57,111.605,78.81,70.23,53.79,55.16,56.605,59.325,55.41
2021-05-10 10:15,420.475,375.01,341.875,251.59,214.58,236.295,230.635,231.4,240.04,253.61,245.46,206.95,186.77,160.325,162.8,170.61,137.57,162.27,136.83,128.505,146.72,140.69,111.325,78.7,70.205,53.785,55.155,56.535,59.485,55.33
2021-05-10 10:20,420.36,374.8,341.825,251.21,213.795,236.425,230.53,231.605,240.77,253.62,245.17,207.44,186.59,160.34,162.905,170.08,137.7,162.26,136.96,128.41,146.92,140.775,111.13,78.595,70.11,53.73,55.23,56.35,59.465,55.29
2021-05-10 10:25,421.48,374.03,341.325,250.82,213.46,236.28,230.415,231.52,240.54,253.35,245.1,207.62,186.63,160.3,162.515,169.975,137.425,162.35,136.94,128.41,147.195,140.6,110.94,78.575,70.055,53.74,55.22,56.34,59.5,55.25
2021-05-10 10:30,421.58,372.955,342.32,250.595,213.84,236.29,230.54,231.225,239.55,253.49,244.495,207.47,186.005,159.925,162.2,170.34,137.4,162.375,137.19,128.21,147.11,140.97,110.67,78.78,69.8,53.66,55.28,56.315,59.585,55.35
2021-05-10 10:35,422.07,373.25,342.14,250.855,214.24,236.27,230.21,231.085,239.41,253.73,244.16,207.52,185.755,160.04,162.36,170.415,137.65,161.895,137.19,128.58,146.95,140.99,110.875,78.755,69.76,53.765,55.295,56.405,59.61,55.42
2021-05-10 10:40,422.13,373.29,342.685,250.68,214.59,236.35,229.99,230.71,238.81,254.35,243.765,207.445,185.55,159.6,162.4,170.62,137.655,161.85,137.38,128.39,146.87,141.05,110.76,78.82,69.65,53.73,55.28,56.345,59.595,55.48
2021-05-10 10:45,422.55,372.89,342.43,250.32,214.08,236.64,229.91,230.51,237.56,254.35,243.445,207.62,185.69,159.55,162.435,170.86,137.61,161.79,137.695,128.0,147.0,141.19,110.715,78.9,69.7,53.625,55.305,56.235,59.665,55.51
2021-05-10 10:50,422.77,374.07,342.61,250.065,214.125,236.54,229.915,230.85,238.07,253.91,244.02,207.72,185.79,159.755,162.78,170.82,137.885,161.845,137.515,128.0,146.945,140.96,110.885,78.825,69.74,53.665,55.215,56.28,59.665,55.56
2021-05-10 10:55,423.27,374.435,343.08,250.31,214.02,236.87,229.89,231.085,238.21,253.855,244.385,207.94,185.785,159.935,163.095,171.08,137.87,161.825,137.625,128.19,147.57,141.08,111.18,78.875,69.865,53.82,55.265,56.27,59.695,55.625
2021-05-10 11:00,422.655,374.835,343.45,250.08,214.105,236.825,229.83,231.37,237.79,253.61,243.93,208.0,186.215,160.265,163.38,171.08,137.96,162.2,137.775,128.035,147.71,141.285,111.275,78.805,69.96,53.83,55.255,56.24,59.7,55.57
2021-05-10 11:05,423.07,374.915,344.34,250.2,214.2,236.85,229.31,231.37,237.76,253.995,244.31,208.1,186.1,160.075,163.465,171.055,138.06,162.285,137.89,128.155,147.845,141.59,111.305,78.83,69.96,53.91,55.285,56.24,59.72,55.7
2021-05-10 11:10,424.2,374.15,344.365,250.23,214.16,236.71,229.1,231.615,237.72,254.415,244.49,208.24,185.86,160.14,163.36,171.17,138.065,162.21,137.98,128.18,147.86,141.69,111.28,78.81,69.995,53.925,55.305,56.215,59.785,55.65
2021-05-10 11:15,424.34,374.5,344.69,250.47,214.3,236.58,228.91,231.91,237.29,254.07,244.35,208.37,185.84,160.0,163.63,171.245,138.27,162.15,138.14,128.34,147.905,141.82,111.26,78.83,70.12,53.96,55.335,56.33,59.79,55.8
2021-05-10 11:20,424.53,374.34,345.41,250.515,214.67,236.62,228.65,232.12,237.96,254.43,245.01,208.68,185.98,160.245,163.52,170.98,138.32,162.21,138.0,128.37,148.145,141.81,111.315,78.845,70.14,53.96,55.315,56.38,59.795,55.9
2021-05-10 11:25,424.8,374.0,345.15,250.36,214.42,236.58,228.4,232.14,237.625,254.84,245.37,208.87,185.83,160.255,163.59,171.02,138.365,162.31,137.975,128.32,148.07,141.95,111.22,78.87,70.1,53.955,55.295,56.415,59.76,55.84
2021-05-10 11:30,424.72,373.51,345.3,250.35,214.67,236.69,228.235,232.25,237.535,254.19,245.495,208.6,185.72,160.225,163.5,170.86,138.465,162.405,138.055,128.205,148.15,141.87,111.26,78.83,70.195,53.985,55.275,56.405,59.82,55.83
2021-05-10 11:35,424.425,373.42,345.27,250.045,214.545,236.62,227.59,232.28,236.88,253.8,245.715,208.44,185.815,160.15,163.67,170.9,138.35,162.29,138.085,128.195,148.29,141.7,111.31,78.865,70.19,53.965,55.26,56.425,59.845,55.82
2021-05-10 11:40,424.61,373.22,345.31,250.35,214.96,236.72,228.0,232.065,236.795,254.25,245.24,208.2,186.045,160.2,163.46,170.78,138.49,162.27,137.98,128.405,148.165,141.56,111.08,78.755,70.095,53.925,55.235,56.53,59.69,55.71
2021-05-10 11:45,424.985,373.15,345.08,250.35,215.01,236.89,227.975,232.025,236.75,253.79,244.73,208.25,186.115,160.18,163.5,170.9,138.575,162.335,138.11,128.325,148.1,141.605,111.09,78.77,70.015,53.9,55.27,56.45,59.76,55.71
2021-05-10 11:50,425.85,372.78,345.565,250.15,214.855,237.32,228.22,232.16,236.99,254.26,244.69,208.625,186.235,160.055,163.43,171.02,138.79,162.33,138.415,128.375,148.03,141.73,111.03,78.92,70.015,53.95,55.35,56.43,59.825,55.75
2021-05-10 11:55,424.87,372.835,345.585,250.35,214.82,237.15,228.23,232.09,237.035,254.085,244.6,208.24,186.36,160.04,163.44,170.8,138.72,162.0,138.17,128.53,147.86,141.8,111.25,78.82,69.98,53.94,55.335,56.49,59.785,55.7
2021-05-10 12:00,424.22,371.805,345.54,250.59,214.835,237.3,228.13,232.37,236.99,254.16,244.76,208.24,186.56,159.975,163.25,170.76,138.585,162.165,138.005,128.6,147.875,141.62,111.3,78.845,69.925,53.94,55.3,56.52,59.735,55.69
2021-05-10 12:05,423.4,372.14,345.02,250.62,215.17,237.095,228.17,232.285,237.065,253.975,244.495,207.88,186.715,160.175,163.27,170.715,138.365,162.035,137.92,128.52,147.855,141.425,111.29,78.84,69.735,53.91,55.245,56.47,59.735,55.755
2021-05-10 12:10,423.41,371.8,345.47,250.875,215.245,237.11,228.47,232.38,237.02,253.985,244.59,207.875,186.44,160.245,163.11,170.69,138.37,162.05,137.88,128.67,147.82,141.47,111.05,78.81,69.74,53.905,55.245,56.51,59.69,55.755
2021-05-10 12:15,423.935,371.84,345.465,250.855,215.525,237.52,228.35,232.4,237.24,254.265,244.64,207.91,186.565,160.4,163.175,170.78,138.23,162.09,137.825,128.62,148.02,141.38,110.995,78.875,69.78,53.885,55.235,56.56,59.765,55.675
2021-05-10 12:20,424.625,371.86,345.58,250.93,215.58,237.59,228.56,232.6,237.86,253.845,244.65,208.04,186.715,160.45,163.21,170.9,138.445,161.865,137.96,128.59,148.04,141.44,110.95,78.88,69.775,53.92,55.245,56.555,59.795,55.79
2021-05-10 12:25,424.27,371.485,345.31,250.84,215.23,237.505,228.27,232.38,237.21,254.3,244.33,207.815,186.71,160.225,163.02,170.755,138.335,161.705,137.98,128.4,147.805,141.4,110.855,78.87,69.625,53.91,55.265,56.495,59.79,55.77
2021-05-10 12:30,424.51,371.77,345.38,250.53,215.14,237.48,228.435,232.3,237.42,254.09,244.37,207.95,186.365,160.265,163.26,170.69,138.335,161.81,137.88,128.33,147.72,141.42,110.8,78.915,69.8,53.91,55.235,56.425,59.785,55.78
2021-05-10 12:35,424.39,372.19,345.34,250.55,215.505,237.3,228.21,232.1,237.52,253.77,244.64,207.6,186.43,160.15,163.255,170.85,138.32,161.83,137.84,128.265,147.65,141.39,110.75,78.875,69.945,53.895,55.22,56.445,59.765,55.81
2021-05-10 12:40,424.52,372.2,345.45,250.385,215.495,237.24,227.8,232.01,236.8,254.005,244.41,207.745,186.5,160.07,163.25,170.81,138.265,161.8,137.845,128.23,147.69,141.37,110.785,78.905,69.81,53.965,55.195,56.4,59.775,55.81
2021-05-10 12:45,424.445,372.52,345.46,250.145,215.515,237.17,227.77,232.1,236.64,254.04,244.57,207.525,186.475,160.165,163.3,170.69,138.27,161.76,137.72,128.22,147.64,141.39,110.81,78.895,69.885,54.035,55.185,56.45,59.69,55.76
2021-05-10 12:50,424.74,372.36,345.48,250.04,215.655,237.09,228.085,232.16,236.55,254.06,244.64,207.87,186.515,160.075,163.18,170.67,137.95,161.55,137.735,128.27,147.57,141.425,110.76,78.91,69.78,54.02,55.16,56.44,59.75,55.84
2021-05-10 12:55,424.53,372.31,345.07,249.945,215.55,236.995,228.085,232.33,236.53,253.915,244.685,207.91,186.6,159.995,163.24,170.585,137.75,161.64,137.71,128.315,147.435,141.385,110.79,78.885,69.82,54.005,55.155,56.4,59.74,55.77
2021-05-10 13:00,425.09,372.51,344.99,249.685,215.565,236.93,228.02,232.14,235.95,253.91,244.38,208.035,186.23,159.955,163.185,170.76,137.765,161.64,137.84,128.38,147.46,141.33,110.64,78.92,69.77,53.95,55.165,56.415,59.755,55.72
2021-05-10 13:05,424.9,372.595,345.075,249.81,215.445,236.955,228.03,232.125,235.85,253.825,244.545,208.12,186.325,160.085,163.165,170.72,137.83,161.69,137.95,128.35,147.355,141.24,110.57,78.915,69.665,53.98,55.195,56.38,59.75,55.71
2021-05-10 13:10,424.52,372.46,344.94,249.87,215.64,236.9,227.99,232.145,236.05,253.695,244.64,207.915,186.08,159.96,163.095,170.6,137.725,161.69,137.87,128.375,147.27,141.305,110.68,78.915,69.665,54.03,55.21,56.395,59.755,55.685
2021-05-10 13:15,424.23,372.28,344.635,249.99,215.65,236.82,227.585,231.99,236.03,253.98,244.265,207.845,186.06,159.95,163.08,170.655,137.66,161.96,137.89,128.385,147.28,141.31,110.54,78.885,69.59,53.945,55.16,56.37,59.705,55.595
2021-05-10 13:20,424.16,373.23,344.37,250.22,215.83,236.82,227.53,232.065,236.59,253.93,244.34,207.905,186.02,160.11,163.14,170.56,137.76,162.08,137.82,128.395,147.35,141.28,110.65,78.85,69.61,53.94,55.15,56.44,59.705,55.62
2021-05-10 13:25,424.38,372.95,344.39,250.11,215.45,236.95,227.24,232.18,236.86,254.24,244.23,207.81,186.075,159.99,162.95,170.51,137.66,162.01,137.94,128.265,147.31,141.32,110.84,78.82,69.52,53.895,55.185,56.44,59.7,55.61
2021-05-10 13:30,424.31,373.09,344.495,249.885,215.0,237.09,227.355,232.18,237.26,254.13,244.16,208.06,186.1,160.095,163.02,170.49,137.68,162.15,137.915,128.225,147.425,141.39,110.82,78.765,69.55,53.9,55.18,56.405,59.67,55.64
2021-05-10 13:35,424.81,373.025,344.38,249.97,214.76,237.22,227.205,232.29,237.38,254.18,243.915,208.09,186.06,160.045,162.85,170.55,137.68,162.03,137.94,128.26,147.565,141.31,110.905,78.785,69.41,53.895,55.205,56.375,59.685,55.59
2021-05-10 13:40,425.2,373.0,344.48,249.815,214.48,237.43,226.97,232.4,236.73,254.37,243.67,208.32,185.86,159.97,162.835,170.77,137.585,162.29,138.04,128.195,147.665,141.43,110.705,78.8,69.39,53.9,55.215,56.34,59.695,55.65
2021-05-10 13:45,425.58,373.28,344.42,249.885,214.475,237.595,226.56,232.455,236.89,254.71,244.23,208.365,185.83,160.02,162.99,170.815,137.67,162.49,138.1,128.125,147.73,141.5,110.82,78.875,69.35,53.895,55.205,56.385,59.685,55.685
2021-05-10 13:50,425.28,373.325,344.29,249.865,214.26,237.495,226.14,232.53,236.905,254.34,244.285,208.45,185.8,159.99,163.085,170.715,137.71,162.52,138.065,128.075,147.79,141.54,110.85,78.815,69.34,53.87,55.215,56.345,59.67,55.79
2021-05-10 13:55,424.71,373.35,343.9,249.825,214.18,237.305,226.48,232.37,236.58,254.01,244.29,208.265,185.68,160.075,163.05,170.685,137.61,162.45,138.02,128.055,147.675,141.48,110.71,78.74,69.38,53.88,55.12,56.37,59.65,55.71
2021-05-10 14:00,424.475,373.465,344.08,249.52,214.225,237.35,226.57,232.44,236.815,253.41,244.66,208.435,185.5,160.425,163.24,170.555,137.48,162.6,137.97,127.845,147.61,141.36,110.83,78.69,69.435,53.8,55.11,56.28,59.645,55.66
2021-05-10 14:05,424.71,373.66,343.92,249.52,214.34,237.36,226.65,232.555,236.635,253.285,244.685,208.57,185.51,160.385,163.1,170.825,137.515,162.51,137.985,127.825,147.605,141.44,110.845,78.7,69.545,53.795,55.115,56.26,59.665,55.71
2021-05-10 14:10,424.415,373.78,343.66,249.03,214.25,237.38,226.67,232.47,236.685,252.945,244.86,208.245,185.56,160.53,163.255,170.5,137.42,162.7,137.985,127.715,147.56,141.305,110.92,78.655,69.64,53.72,55.095,56.195,59.675,55.63
2021-05-10 14:15,423.145,372.31,343.23,248.535,214.035,236.89,226.245,232.01,235.21,252.31,244.4,207.81,184.865,160.08,162.855,170.435,137.095,162.27,137.78,127.52,147.215,141.135,110.545,78.45,69.39,53.59,55.03,56.13,59.6,55.435
2021-05-10 14:20,422.92,372.395,343.12,248.22,213.98,237.035,226.145,232.09,235.1,252.47,244.595,207.905,184.875,160.305,162.865,170.35,137.29,162.39,137.91,127.41,147.02,141.27,110.325,78.46,69.44,53.605,55.02,56.11,59.625,55.48
2021-05-10 14:25,422.91,372.76,342.82,247.85,214.125,237.045,225.94,232.02,234.86,252.41,244.465,207.88,184.775,160.18,162.65,170.24,137.14,162.53,137.92,127.2,147.03,141.115,110.21,78.4,69.42,53.55,55.0,56.065,59.52,55.445
2021-05-10 14:30,423.09,372.405,342.91,247.89,214.26,237.17,226.325,231.975,234.905,252.56,244.29,208.015,184.715,160.185,162.76,170.23,137.19,162.545,137.855,127.225,146.98,141.14,110.28,78.42,69.395,53.525,55.035,56.095,59.53,55.425
2021-05-10 14:35,422.72,372.14,342.69,247.9,214.425,237.2,226.31,231.71,234.945,252.79,244.31,207.64,184.67,159.93,162.36,170.22,137.085,162.23,137.79,127.25,146.79,141.095,110.145,78.345,69.295,53.52,54.99,56.07,59.465,55.38
2021-05-10 14:40,422.82,372.45,342.05,247.565,214.31,237.13,226.06,231.84,234.595,252.71,244.3,207.795,184.57,159.915,162.43,170.24,137.095,162.3,137.9,127.15,146.9,141.04,110.085,78.42,69.295,53.42,54.99,56.03,59.45,55.38
2021-05-10 14:45,422.76,371.71,342.19,247.78,214.375,237.24,226.18,231.925,234.26,253.435,243.94,207.925,184.435,159.92,162.26,170.37,137.17,162.28,137.85,126.99,146.92,141.1,110.015,78.33,69.23,53.43,54.995,56.03,59.485,55.43
2021-05-10 14:50,422.49,371.68,342.05,247.66,214.25,236.93,225.86,231.715,234.125,253.28,243.48,207.915,184.15,159.92,162.29,170.41,137.05,162.23,137.835,127.06,146.72,141.065,110.07,78.33,69.15,53.41,54.98,56.025,59.5,55.47
2021-05-10 14:55,422.99,372.38,342.085,247.845,214.335,237.61,225.51,231.775,234.285,253.57,243.555,208.09,184.46,160.2,162.4,170.58,137.195,162.43,137.85,127.07,146.9,141.015,110.155,78.38,69.135,53.46,55.015,56.06,59.54,55.43
2021-05-10 15:00,422.59,372.57,342.435,247.945,214.57,237.52,225.47,231.62,234.4,253.4,243.715,207.72,184.455,160.01,162.29,170.39,137.27,162.385,137.65,127.14,146.8,140.885,110.14,78.21,69.175,53.37,54.96,56.055,59.46,55.28
2021-05-10 15:05,422.42,372.73,342.0,248.04,214.8,237.495,225.64,231.53,234.16,253.51,243.83,207.59,184.395,160.08,162.28,170.31,137.21,162.32,137.73,127.22,146.82,141.005,110.1,78.22,69.09,53.37,54.945,56.11,59.445,55.24
2021-05-10 15:10,422.75,372.47,342.54,248.09,214.85,237.6,225.685,231.87,234.36,253.42,244.2,207.745,184.545,160.04,162.31,170.41,137.23,162.4,137.83,127.255,146.955,141.05,110.115,78.265,69.235,53.4,55.02,56.135,59.515,55.29
2021-05-10 15:15,422.0,371.66,342.4,248.07,214.82,237.56,225.33,231.69,233.97,253.74,243.75,207.46,184.49,159.78,162.135,170.37,137.07,162.195,137.87,127.22,146.77,141.115,110.12,78.28,69.1,53.29,55.005,56.1,59.51,55.3
2021-05-10 15:20,422.37,371.69,342.16,248.05,214.705,237.71,225.61,231.55,233.795,253.52,243.83,207.525,184.35,159.71,162.06,170.305,137.085,162.11,137.83,127.215,146.775,141.09,110.07,78.265,69.15,53.235,54.99,56.04,59.535,55.25
2021-05-10 15:25,422.95,372.08,342.09,248.38,214.71,237.87,225.8,231.695,234.05,253.52,243.97,207.52,184.5,159.85,162.16,170.62,137.265,162.27,137.86,127.21,146.84,141.175,110.26,78.385,69.29,53.28,55.04,56.115,59.565,55.295
2021-05-10 15:30,423.39,372.395,342.63,248.285,214.53,237.725,226.305,231.745,234.205,253.385,244.055,207.44,184.88,159.8,162.365,170.8,137.29,162.32,138.02,127.205,146.85,141.18,110.3,78.415,69.26,53.35,55.055,56.1,59.585,55.235
2021-05-10 15:35,422.795,371.56,342.51,248.34,214.48,237.6,226.12,231.46,233.98,253.41,243.51,207.26,184.74,159.76,162.145,170.665,137.04,162.065,138.06,127.36,146.695,141.19,110.145,78.305,69.04,53.375,55.075,56.12,59.59,55.21
2021-05-10 15:40,422.88,371.38,342.58,248.35,214.71,237.68,226.31,231.46,233.84,254.08,243.64,207.38,184.68,159.77,161.97,170.74,137.0,162.02,138.19,127.38,146.66,141.325,110.06,78.37,68.9,53.375,55.075,56.14,59.64,55.24
2021-05-10 15:45,421.87,370.51,341.93,248.155,214.39,237.42,226.325,231.08,233.34,252.82,243.1,207.255,184.46,159.67,161.73,170.3,136.76,161.98,137.95,127.3,146.47,141.22,109.885,78.28,68.86,53.28,55.015,56.095,59.6,55.13
2021-05-10 15:50,421.92,369.145,342.16,247.72,214.105,237.41,226.14,231.27,232.86,252.62,242.95,207.225,184.28,159.04,161.455,170.405,136.625,161.935,137.93,127.02,146.445,141.115,109.56,78.25,68.75,53.17,54.945,56.02,59.62,55.11
2021-05-10 15:55,420.91,368.785,341.215,247.33,213.85,237.175,225.94,230.96,232.95,252.63,242.63,207.44,184.3,158.655,161.15,170.37,136.415,161.66,137.705,126.855,146.15,140.82,109.59,78.21,68.74,53.19,54.915,55.91,59.52,55.12
2021-05-11 09:30,419.9,364.01,337.41,242.86,210.06,236.15,222.83,229.06,227.67,255.12,238.84,206.61,180.21,157.51,161.2,169.925,137.49,160.92,138.39,123.24,144.695,139.86,108.48,77.55,67.55,52.59,54.82,54.97,59.37,55.29
2021-05-11 09:35,418.105,361.54,336.02,243.935,210.365,235.78,222.655,228.13,226.61,254.13,238.04,205.64,180.1,155.95,160.64,170.44,136.9,160.7,138.275,123.925,144.09,140.28,108.15,77.81,67.55,52.51,54.73,55.22,59.425,55.305
2021-05-11 09:40,418.13,364.59,336.035,244.895,211.08,235.85,223.21,228.05,227.37,254.375,240.29,206.36,180.42,156.305,161.48,170.22,137.735,160.61,138.21,124.305,144.69,139.99,108.96,78.0,68.06,52.7,54.675,55.34,59.38,54.98
2021-05-11 09:45,416.47,364.925,335.21,243.73,211.55,235.165,222.425,227.66,227.16,253.73,240.91,206.62,180.495,156.36,161.56,169.8,136.94,159.57,137.9,123.9,144.475,139.82,108.53,77.845,68.185,52.6,54.575,55.165,59.28,54.97
2021-05-11 09:50,414.84,367.46,334.085,243.91,211.45,234.59,222.47,227.47,228.165,252.55,242.34,206.12,181.23,157.13,162.1,169.655,136.845,159.77,137.46,124.28,144.48,139.24,109.07,77.785,68.5,52.47,54.43,55.49,59.135,54.85
2021-05-11 09:55,415.18,368.42,334.915,244.8,212.48,234.97,223.185,226.85,229.91,253.57,242.27,205.55,182.12,157.165,162.11,169.51,136.88,159.775,137.63,124.685,144.63,139.6,109.4,78.0,68.79,52.54,54.5,55.59,59.16,54.92
2021-05-11 10:00,416.38,368.25,334.57,244.54,211.91,234.93,223.85,227.3,229.21,254.08,242.62,205.705,181.765,157.545,162.06,169.92,136.72,160.34,137.93,124.33,144.91,139.68,109.01,78.4,68.585,52.635,54.585,55.45,59.325,55.05
2021-05-11 10:05,416.04,365.5,333.79,244.615,211.86,235.4,223.95,226.66,227.88,254.57,241.51,205.66,181.17,156.42,161.245,170.36,136.33,160.465,138.43,123.815,144.89,139.91,108.775,78.57,68.135,52.58,54.71,55.18,59.465,55.05
2021-05-11 10:10,416.54,364.45,333.1,244.79,211.815,235.42,223.86,226.645,227.23,254.945,240.12,205.19,180.72,156.275,160.865,170.2,135.79,159.41,138.57,123.905,144.74,139.96,108.62,78.525,67.875,52.6,54.765,55.15,59.455,55.15
2021-05-11 10:15,415.875,363.085,332.0,245.63,212.49,235.01,223.625,226.125,226.44,255.53,238.93,204.54,180.495,155.655,160.19,170.01,135.905,158.76,138.46,124.15,144.31,140.065,108.3,78.49,67.78,52.54,54.72,55.12,59.42,54.99
2021-05-11 10:20,415.145,364.29,331.97,244.68,212.5,234.78,223.41,225.85,226.49,255.33,238.92,204.475,180.39,155.75,160.41,170.01,136.21,158.56,138.22,123.785,144.455,140.0,108.41,78.355,67.965,52.515,54.6,55.025,59.37,55.05
2021-05-11 10:25,413.41,362.93,330.59,244.6,211.64,234.785,223.76,225.25,225.58,254.455,238.1,204.27,179.77,155.33,160.035,169.95,135.52,158.25,138.47,123.455,144.325,139.835,107.76,78.345,67.685,52.465,54.65,54.89,59.35,54.99
2021-05-11 10:30,413.06,362.97,329.92,244.12,211.345,234.71,223.265,225.32,225.14,255.17,238.07,204.265,179.39,154.76,159.775,169.795,135.31,158.115,138.25,123.44,143.995,139.54,107.705,78.305,67.61,52.395,54.52,54.7,59.24,55.06
2021-05-11 10:35,412.77,361.74,329.62,244.165,211.645,234.65,223.2,224.51,224.69,254.08,237.1,203.335,178.88,154.44,159.27,169.485,135.265,158.24,138.16,123.45,143.76,139.6,107.13,78.17,67.35,52.3,54.455,54.645,59.115,54.895
2021-05-11 10:40,412.15,361.23,329.55,244.555,212.56,234.33,223.61,224.52,224.685,254.135,237.08,203.57,178.945,154.435,159.05,168.97,135.33,158.32,137.87,123.58,143.515,139.32,106.95,78.08,67.41,52.28,54.425,54.545,59.11,54.65
2021-05-11 10:45,412.77,360.84,329.63,244.945,213.275,234.4,223.94,224.89,225.29,254.48,237.72,203.925,179.27,154.33,159.19,169.15,135.31,158.56,137.62,123.945,143.255,139.185,107.14,78.12,67.585,52.25,54.42,54.665,59.05,54.71
2021-05-11 10:50,412.3,360.62,329.815,244.795,212.995,234.635,224.26,225.19,225.625,254.1,238.0,203.93,179.48,154.26,159.075,168.925,135.795,158.47,137.59,124.09,143.71,139.365,107.25,78.065,67.7,52.26,54.455,54.655,59.06,54.76
2021-05-11 10:55,412.335,360.69,329.74,245.16,212.75,234.33,224.405,225.3,225.525,253.26,237.8,203.71,179.465,154.13,158.98,168.89,135.985,157.76,137.75,124.235,143.58,139.305,107.04,77.955,67.635,52.27,54.47,54.465,58.985,54.82
2021-05-11 11:00,412.31,360.09,329.22,244.46,212.37,234.46,224.27,225.325,224.695,252.815,237.15,203.5,178.86,153.725,158.755,168.85,135.89,158.02,137.8,124.05,143.395,139.35,106.78,77.98,67.505,52.175,54.48,54.41,58.985,54.73
2021-05-11 11:05,412.49,361.2,329.825,244.31,212.15,234.17,224.285,225.445,224.795,252.765,237.79,203.805,178.97,154.02,158.76,168.87,136.08,158.13,137.64,124.02,143.47,139.235,107.055,78.03,67.6,52.21,54.415,54.4,58.865,54.74
2021-05-11 11:10,411.375,361.97,329.04,245.02,213.26,234.295,224.83,225.28,225.79,252.29,237.34,203.03,179.315,154.12,159.015,168.635,136.21,157.925,137.26,124.455,143.285,138.93,107.165,77.86,67.835,52.165,54.3,54.59,58.72,54.545
2021-05-11 11:15,412.43,362.16,330.36,245.75,214.545,234.54,225.14,225.985,226.635,252.58,238.67,203.2,179.76,154.23,159.3,168.66,136.585,158.05,137.36,124.725,143.495,139.135,107.03,77.88,68.01,52.27,54.345,54.77,58.75,54.6
2021-05-11 11:20,412.885,362.62,330.56,246.075,215.15,234.42,225.43,226.42,227.16,252.51,238.79,203.5,179.85,154.295,159.51,168.85,136.665,158.17,137.26,124.965,143.6,139.14,107.14,77.93,67.98,52.285,54.335,54.635,58.74,54.53
2021-05-11 11:25,414.22,362.64,331.275,246.385,215.78,234.47,225.725,226.945,227.75,253.23,239.01,203.76,180.17,154.46,159.685,169.03,136.575,158.09,137.42,125.06,143.86,139.45,107.25,78.05,68.005,52.445,54.445,54.835,58.785,54.71
2021-05-11 11:30,414.2,361.75,331.405,246.345,216.09,234.645,226.18,227.18,227.51,253.33,238.905,203.77,180.185,154.425,159.47,168.87,136.62,158.125,137.59,125.245,143.67,139.415,107.22,78.025,68.025,52.46,54.505,54.825,58.8,54.62
2021-05-11 11:35,414.385,362.34,330.965,246.23,215.67,234.28,226.04,227.29,227.9,253.68,239.29,203.57,180.71,154.555,159.55,168.87,136.9,158.26,137.37,125.22,143.59,139.355,107.65,77.985,68.11,52.425,54.48,54.83,58.76,54.65
2021-05-11 11:40,413.3,362.05,330.275,245.67,215.225,234.135,225.445,226.43,227.08,253.05,238.87,203.16,180.74,154.505,159.51,168.695,136.49,158.07,137.31,124.9,143.47,139.19,107.5,77.9,67.99,52.34,54.395,54.72,58.74,54.58
2021-05-11 11:45,413.55,362.6,330.535,245.595,215.48,234.105,225.565,226.83,227.85,253.06,239.36,203.34,181.4,155.07,159.99,168.875,136.83,158.1,137.29,124.91,143.53,139.11,107.765,77.97,68.17,52.375,54.4,54.79,58.75,54.66
2021-05-11 11:50,413.92,362.65,330.63,246.04,215.78,234.51,225.575,226.855,228.19,253.44,239.46,203.21,181.43,154.935,160.015,168.99,136.875,158.23,137.51,125.125,143.58,139.18,107.88,78.01,68.245,52.37,54.44,54.88,58.69,54.67
2021-05-11 11:55,414.3,362.08,330.655,245.945,215.6,234.46,225.93,226.675,227.64,253.06,239.155,203.365,181.45,154.63,159.84,168.955,136.68,158.08,137.68,125.13,143.61,139.25,107.69,77.98,68.1,52.4,54.45,54.915,58.69,54.49
2021-05-11 12:00,414.25,361.3,330.435,246.11,215.85,234.55,225.905,226.325,227.465,253.34,238.76,203.08,181.23,154.485,159.615,168.855,136.645,157.78,137.65,125.26,143.45,139.25,107.42,77.915,67.99,52.41,54.395,54.9,58.695,54.425
2021-05-11 12:05,414.25,361.08,330.17,246.26,216.05,234.02,225.82,226.26,227.6,253.24,238.54,202.84,181.265,154.57,159.56,168.795,136.42,157.77,137.665,125.405,143.51,139.15,107.275,77.92,68.0,52.47,54.325,54.96,58.62,54.34
2021-05-11 12:10,413.44,360.5,330.385,246.105,216.0,234.065,225.8,226.055,228.07,252.825,238.665,202.85,181.31,154.64,159.56,168.7,136.545,157.53,137.755,125.595,143.79,139.1,107.295,77.855,68.11,52.48,54.33,55.025,58.65,54.38
2021-05-11 12:15,413.2,360.415,330.32,246.26,216.01,233.94,225.94,226.11,228.215,253.025,238.78,202.81,181.405,154.705,159.57,168.805,136.595,157.53,137.93,125.545,143.57,139.12,107.4,77.975,68.205,52.505,54.335,54.955,58.65,54.36
2021-05-11 12:20,413.525,360.27,330.05,246.05,215.93,233.825,225.99,226.2,228.27,252.9,238.755,202.99,181.465,154.62,159.5,168.8,136.585,157.67,137.88,125.625,143.58,139.025,107.255,77.985,68.225,52.565,54.33,54.92,58.62,54.32
2021-05-11 12:25,412.85,359.945,329.78,245.66,215.56,233.56,225.8,225.85,227.79,252.95,238.27,202.75,181.03,154.465,159.13,168.675,136.35,157.32,137.65,125.365,143.39,138.97,107.1,77.93,68.22,52.505,54.285,54.865,58.565,54.29
2021-05-11 12:30,413.01,359.3,329.3,245.555,215.16,233.27,225.575,225.695,227.685,252.96,237.895,202.64,180.83,154.22,158.86,168.655,136.33,157.01,137.57,125.35,143.27,138.86,107.18,77.93,68.21,52.5,54.29,54.91,58.6,54.23
2021-05-11 12:35,413.92,359.63,329.685,245.4,215.43,233.245,225.72,226.365,228.36,253.34,238.31,202.96,181.125,154.46,158.945,168.79,136.575,157.15,137.62,125.325,143.28,138.82,107.12,78.0,68.3,52.495,54.27,54.92,58.605,54.29
2021-05-11 12:40,412.755,359.785,329.36,245.06,215.04,232.735,225.405,225.83,227.815,253.115,237.64,202.58,180.835,154.2,158.82,168.515,136.295,157.05,137.465,125.18,142.98,138.58,107.0,77.81,68.11,52.44,54.165,54.845,58.53,54.135
2021-05-11 12:45,412.03,360.1,329.14,245.085,215.115,232.6,225.29,225.85,227.95,252.98,238.07,202.64,180.725,154.19,158.865,168.39,136.315,156.83,137.3,125.0,143.01,138.485,106.87,77.73,68.045,52.42,54.13,54.83,58.515,54.06
2021-05-11 12:50,412.16,358.935,328.655,244.74,214.975,232.48,225.08,225.535,227.315,252.77,237.76,202.425,180.51,153.83,158.63,168.405,136.12,156.64,137.265,124.8,142.945,138.39,106.72,77.71,67.905,52.36,54.1,54.75,58.45,54.02
2021-05-11 12:55,412.14,359.44,328.73,245.035,215.335,232.41,225.36,225.685,227.365,252.82,237.91,202.45,180.62,153.84,158.56,168.49,136.14,156.83,137.305,124.955,143.025,138.41,106.76,77.74,67.98,52.41,54.115,54.85,58.415,53.98
2021-05-11 13:00,413.02,359.885,329.07,245.4,215.815,232.72,225.43,226.24,227.94,253.3,238.53,202.925,180.92,154.28,158.89,168.56,136.435,156.73,137.14,125.215,143.2,138.47,107.05,77.81,68.17,52.48,54.105,55.045,58.38,54.07
2021-05-11 13:05,412.69,359.935,328.835,245.43,215.665,232.69,225.415,226.235,227.82,253.39,238.395,202.98,180.865,154.35,158.83,168.61,136.435,156.915,137.175,125.205,143.19,138.48,106.835,77.79,68.175,52.53,54.11,55.065,58.355,54.105
2021-05-11 13:10,412.63,359.97,328.35,245.17,215.705,232.81,225.31,226.28,227.785,253.11,238.54,203.15,180.875,154.235,158.8,168.515,136.33,157.02,137.255,125.2,143.07,138.4,106.73,77.71,68.165,52.5,54.095,55.005,58.34,54.05
2021-05-11 13:15,412.83,360.54,328.61,245.44,215.985,233.28,225.35,226.455,228.43,253.2,238.735,203.05,181.015,154.38,158.93,168.495,136.475,157.06,137.3,125.29,143.18,138.475,106.765,77.73,68.245,52.52,54.09,55.045,58.38,54.085
2021-05-11 13:20,412.79,361.14,328.525,245.525,216.31,233.27,225.745,226.585,228.43,253.11,238.67,202.85,181.3,154.42,159.01,168.57,136.555,157.17,137.215,125.535,143.28,138.48,106.845,77.75,68.255,52.56,54.065,55.13,58.33,54.04
2021-05-11 13:25,412.78,361.25,329.235,245.75,216.365,233.3,226.205,226.77,229.025,253.21,238.895,202.895,181.555,154.5,159.185,168.52,136.805,157.24,137.3,125.78,143.34,138.57,106.905,77.71,68.335,52.62,54.1,55.18,58.32,54.145
2021-05-11 13:30,412.97,361.14,329.49,245.685,216.04,233.34,226.15,226.65,228.67,253.23,238.885,202.86,181.585,154.64,159.18,168.69,136.77,157.38,137.265,125.86,143.34,138.675,106.77,77.82,68.355,52.63,54.125,55.22,58.32,54.12
2021-05-11 13:35,413.17,361.23,329.87,245.83,216.2,233.465,226.385,226.685,228.835,253.42,238.71,203.395,181.41,154.775,159.29,168.77,136.78,157.47,137.305,125.98,143.5,138.64,106.95,77.82,68.33,52.69,54.155,55.27,58.355,54.11
2021-05-11 13:40,413.15,361.5,330.2,245.68,216.05,233.48,226.25,226.92,228.96,253.13,239.01,203.385,181.73,154.88,159.43,168.73,136.81,157.4,137.45,126.07,143.57,138.86,106.935,77.815,68.405,52.7,54.2,55.325,58.355,54.25
2021-05-11 13:45,413.49,361.54,330.47,245.48,215.84,233.43,226.1,226.99,229.165,253.34,238.99,203.495,181.49,154.83,159.435,168.76,136.77,157.295,137.52,126.03,143.64,138.92,106.95,77.825,68.455,52.75,54.21,55.28,58.395,54.27
2021-05-11 13:50,412.93,360.85,329.6,244.915,215.25,233.16,225.48,226.63,228.435,253.11,238.685,203.18,181.02,154.54,159.1,168.57,136.49,157.075,137.34,125.74,143.65,138.74,106.505,77.725,68.22,52.61,54.145,55.15,58.31,54.21
2021-05-11 13:55,413.41,361.83,330.08,245.16,215.14,233.305,225.59,227.115,228.995,253.32,239.21,203.47,181.365,154.85,159.43,168.79,136.795,157.27,137.275,125.92,143.95,138.81,106.76,77.855,68.46,52.66,54.21,55.24,58.36,54.35
2021-05-11 14:00,413.78,362.075,330.33,245.395,215.34,233.19,225.795,227.37,229.24,253.39,239.295,203.51,181.49,154.985,159.525,168.705,136.775,157.5,137.15,126.04,144.055,138.745,106.98,77.79,68.54,52.655,54.18,55.325,58.335,54.31
2021-05-11 14:05,412.96,361.465,329.835,245.11,214.905,233.055,225.675,227.135,228.84,252.8,238.835,203.3,181.04,154.74,159.32,168.54,136.43,157.31,137.1,125.83,143.91,138.62,106.7,77.655,68.38,52.605,54.17,55.205,58.32,54.26
2021-05-11 14:10,412.605,360.72,329.215,244.82,214.59,232.725,225.36,226.915,228.47,252.4,238.29,203.14,180.79,154.57,159.01,168.555,136.33,157.04,137.22,125.585,143.83,138.61,106.43,77.665,68.23,52.535,54.15,55.105,58.31,54.23
2021-05-11 14:15,412.48,360.82,329.105,244.97,214.95,232.75,225.28,227.05,228.435,252.35,238.345,203.21,180.91,154.66,158.98,168.51,136.27,157.025,137.17,125.73,143.91,138.64,106.54,77.575,68.29,52.55,54.15,55.185,58.31,54.21
2021-05-11 14:20,413.145,361.51,329.81,245.45,215.19,233.125,225.38,227.305,228.71,252.92,238.39,203.535,180.985,154.735,159.005,168.62,136.575,157.225,137.275,125.88,144.02,138.73,106.69,77.645,68.375,52.61,54.185,55.24,58.335,54.25
2021-05-11 14:25,413.63,362.22,330.53,246.09,215.81,233.43,225.49,227.705,229.27,253.38,238.82,203.62,181.48,154.925,159.29,168.67,136.83,157.43,137.25,126.275,144.2,138.92,106.68,77.63,68.54,52.705,54.24,55.32,58.365,54.44
2021-05-11 14:30,412.74,361.255,329.82,245.405,215.35,233.23,225.11,227.33,228.775,252.845,238.635,203.27,181.07,154.4,158.81,168.44,136.51,157.2,137.06,125.89,143.97,138.66,106.62,77.6,68.37,52.58,54.215,55.2,58.31,54.31
2021-05-11 14:35,412.94,360.98,329.66,245.01,214.74,233.27,224.91,227.28,228.48,252.64,238.385,203.245,180.835,154.39,158.83,168.385,136.385,157.03,137.04,125.705,143.935,138.635,106.35,77.58,68.33,52.58,54.22,55.145,58.335,54.26
2021-05-11 14:40,412.97,361.02,329.71,245.075,214.93,233.325,224.8,227.215,228.22,252.495,238.46,203.315,181.07,154.375,158.835,168.5,136.47,157.31,136.945,125.71,143.9,138.65,106.5,77.59,68.395,52.62,54.23,55.165,58.33,54.24
2021-05-11 14:45,413.175,361.82,329.985,245.415,215.38,233.51,225.295,227.55,229.16,252.385,238.89,203.41,181.285,154.495,159.0,168.615,136.655,157.4,136.975,125.805,144.085,138.69,106.79,77.56,68.555,52.71,54.24,55.23,58.35,54.33
2021-05-11 14:50,413.14,361.8,330.26,245.65,215.345,233.675,225.28,227.6,229.08,252.46,239.32,203.625,181.28,154.44,158.845,168.71,136.73,157.6,137.065,125.845,144.17,138.73,106.67,77.53,68.535,52.74,54.245,55.18,58.38,54.36
2021-05-11 14:55,413.335,362.23,330.205,245.695,215.155,233.95,225.315,227.49,228.98,252.33,239.315,203.62,181.15,154.545,159.2,168.845,136.76,157.47,137.18,125.735,144.13,138.785,106.79,77.49,68.525,52.73,54.31,55.19,58.475,54.31
2021-05-11 15:00,413.01,362.055,330.29,245.74,215.06,234.02,225.23,227.6,228.895,252.51,239.525,203.6,181.31,154.705,159.195,168.74,136.775,157.435,137.0,125.74,144.07,138.91,106.77,77.52,68.6,52.71,54.28,55.17,58.48,54.36
2021-05-11 15:05,412.6,361.51,330.26,245.565,214.92,233.835,225.135,227.455,228.17,252.4,239.275,203.45,181.125,154.325,158.99,168.79,136.74,157.2,136.96,125.63,144.13,138.925,106.54,77.5,68.55,52.71,54.26,55.11,58.52,54.32
2021-05-11 15:10,412.66,361.075,330.075,245.455,214.855,233.545,224.98,227.245,228.0,252.345,239.14,203.305,180.985,154.085,158.95,168.64,136.6,156.995,136.82,125.64,143.985,138.815,106.475,77.49,68.495,52.705,54.185,55.085,58.49,54.24
2021-05-11 15:15,412.93,361.81,331.1,245.94,215.245,233.955,225.2,227.8,228.945,253.045,239.545,203.7,181.41,154.4,158.83,168.76,136.945,157.3,136.98,126.0,144.26,139.2,106.675,77.59,68.68,52.82,54.27,55.135,58.53,54.41
2021-05-11 15:20,412.92,361.83,331.01,246.05,215.3,234.0,225.52,227.97,228.97,253.0,239.585,203.74,181.5,154.44,158.975,168.82,137.025,157.39,136.985,125.98,144.22,139.135,106.695,77.535,68.71,52.85,54.275,55.1,58.54,54.365
2021-05-11 15:25,412.59,362.36,330.965,246.1,215.225,234.06,225.28,228.015,228.94,253.28,239.87,203.7,181.59,154.5,158.97,168.665,137.28,157.39,136.86,125.97,144.12,139.11,106.72,77.495,68.74,52.855,54.21,55.105,58.465,54.4
2021-05-11 15:30,411.56,360.91,330.12,245.3,214.735,233.57,225.03,227.395,228.18,252.48,238.785,203.25,181.08,154.14,158.51,168.45,137.06,156.86,136.57,125.6,143.745,138.95,106.4,77.265,68.58,52.68,54.12,54.99,58.345,54.23
2021-05-11 15:35,411.21,360.405,329.73,245.14,214.65,233.385,224.95,227.245,228.01,252.24,238.675,203.04,180.915,154.07,158.095,168.42,136.88,156.69,136.58,125.41,143.73,138.84,106.295,77.23,68.61,52.635,54.09,54.975,58.355,54.125
2021-05-11 15:40,410.945,360.5,329.99,245.48,214.95,233.5,225.005,227.455,228.41,252.05,238.715,203.09,181.12,154.29,158.305,168.51,136.93,156.545,136.68,125.63,143.885,139.05,106.455,77.28,68.64,52.66,54.15,54.95,58.45,54.165
2021-05-11 15:45,411.95,360.5,330.47,246.05,215.26,233.93,225.29,228.14,228.92,252.395,239.385,203.43,181.655,154.715,158.625,168.825,137.21,156.71,136.945,125.9,144.06,139.3,106.69,77.45,68.655,52.785,54.25,55.035,58.51,54.23
2021-05-11 15:50,411.72,359.58,330.345,246.32,215.335,233.82,225.1,228.55,228.54,252.545,239.045,203.2,181.505,154.33,158.35,168.705,137.165,156.505,136.96,125.945,143.935,139.35,106.55,77.485,68.595,52.875,54.29,55.03,58.525,54.195
2021-05-11 15:55,411.865,359.98,330.59,246.23,215.59,233.84,225.6,229.16,228.82,252.24,239.28,203.77,181.71,154.41,158.55,168.87,137.1,156.725,136.98,125.845,144.23,139.57,106.7,77.45,68.57,52.83,54.32,55.02,58.525,54.275
2021-05-12 09:30,409.32,366.6,327.51,242.605,212.53,232.085,223.92,226.26,229.35,250.47,243.08,202.83,182.18,155.66,160.66,168.43,136.17,157.6,135.87,124.11,143.73,137.32,107.74,77.63,68.975,52.15,54.09,54.4,58.22,53.8
2021-05-12 09:35,409.93,364.88,326.86,242.91,212.07,233.33,223.745,226.15,228.79,251.5,241.86,202.34,181.935,155.3,160.525,168.77,135.665,157.28,136.61,123.93,144.07,137.51,107.96,78.105,68.44,52.3,54.37,54.33,58.575,53.65
2021-05-12 09:40,410.0,363.84,326.02,243.23,212.07,233.28,224.24,225.16,227.31,252.54,242.03,201.965,181.265,154.98,159.66,169.02,135.91,156.485,136.855,123.86,143.57,137.57,108.12,78.185,68.265,52.28,54.5,54.3,58.58,53.54
2021-05-12 09:45,409.88,364.23,324.44,243.84,212.76,232.17,223.93,224.88,227.62,252.14,240.48,201.64,181.57,154.71,159.97,168.51,135.56,156.22,136.36,124.3,143.195,137.18,108.1,78.03,67.995,52.13,54.21,54.37,58.355,53.53
2021-05-12 09:50,409.13,363.14,325.11,243.09,212.23,232.35,223.62,224.715,227.27,251.37,241.32,201.76,181.01,154.8,159.86,168.55,135.65,156.445,136.41,123.985,143.25,137.35,107.955,77.98,68.03,52.1,54.285,54.255,58.42,53.415
2021-05-12 09:55,409.14,363.555,325.0,242.335,211.725,232.04,223.35,224.575,227.2,251.465,241.76,201.91,181.09,154.88,159.98,168.55,136.02,156.6,136.38,123.98,143.265,137.445,108.47,77.9,68.635,52.02,54.22,54.16,58.42,53.47
2021-05-12 10:00,407.68,363.55,324.66,241.955,211.43,231.87,222.8,224.535,226.98,250.82,241.57,202.16,180.95,154.775,160.125,168.49,136.16,156.55,136.17,123.96,143.435,137.27,108.78,77.87,68.73,51.995,54.14,54.16,58.44,53.55
2021-05-12 10:05,408.78,363.73,324.87,242.24,211.64,232.43,223.0,224.47,227.5,250.97,242.08,201.83,181.48,154.96,160.29,168.46,136.41,156.4,136.015,124.125,143.67,137.23,108.58,77.93,68.79,52.04,54.175,54.185,58.405,53.475
2021-05-12 10:10,409.64,362.49,325.1,241.455,210.86,232.28,222.925,224.42,226.945,251.26,241.93,202.0,181.11,154.83,159.73,168.5,136.68,156.095,136.195,123.79,143.585,137.245,108.78,78.21,68.95,51.95,54.16,54.09,58.49,53.45
2021-05-12 10:15,409.51,361.61,325.435,241.395,210.865,232.33,222.62,224.74,226.7,251.01,242.12,202.245,181.345,154.695,159.7,168.745,136.7,156.275,136.36,123.71,143.77,137.6,109.21,78.16,68.965,51.95,54.23,54.06,58.55,53.515
2021-05-12 10:20,410.25,361.61,325.89,241.63,211.165,232.86,222.915,225.19,226.42,251.4,242.3,202.21,181.13,154.665,159.86,169.06,136.53,156.7,136.73,123.79,143.845,137.9,109.18,78.375,68.84,52.1,54.35,54.125,58.655,53.565
2021-05-12 10:25,410.05,360.695,324.3,241.31,210.76,232.56,222.49,224.62,225.63,251.23,241.265,201.46,180.885,154.06,159.42,169.065,136.11,156.18,136.65,123.585,143.44,137.775,109.02,78.375,68.61,51.885,54.35,54.03,58.58,53.27
2021-05-12 10:30,409.42,360.5,323.52,240.9,210.7,231.785,222.12,224.485,225.58,251.345,240.9,201.435,180.415,153.92,159.35,168.84,135.72,155.53,136.5,123.47,143.22,137.42,108.955,78.38,68.585,51.78,54.16,54.135,58.5,53.21
2021-05-12 10:35,410.19,361.37,323.12,240.91,210.805,231.785,221.655,224.28,225.73,251.7,241.28,201.195,180.545,154.41,159.76,168.76,135.77,156.22,136.55,123.42,143.35,137.54,109.265,78.315,68.8,51.75,54.24,54.065,58.56,53.435
2021-05-12 10:40,410.34,361.87,323.235,240.44,210.085,231.585,221.25,224.215,225.47,251.45,241.54,201.38,180.305,154.225,159.77,168.96,135.455,156.17,136.54,123.21,143.2,137.39,109.54,78.39,68.85,51.68,54.245,54.02,58.61,53.325
2021-05-12 10:45,408.825,361.55,322.365,240.23,210.01,231.1,220.67,224.12,225.33,251.225,241.29,201.29,180.26,153.75,159.32,168.775,135.07,156.04,136.39,123.205,143.15,137.255,109.3,78.23,68.795,51.7,54.15,53.99,58.55,53.29
2021-05-12 10:50,408.93,361.06,322.39,239.76,210.04,230.79,220.805,223.88,224.945,251.77,240.55,201.375,179.9,153.55,159.375,168.995,135.08,156.19,136.44,122.92,143.04,137.365,109.0,78.27,68.59,51.76,54.21,54.0,58.57,53.33
2021-05-12 10:55,409.49,361.5,323.475,240.0,210.24,231.035,220.805,224.07,225.45,252.42,241.24,201.53,180.22,153.76,159.7,169.21,135.14,156.18,136.52,123.14,143.22,137.58,108.845,78.37,68.83,51.815,54.3,54.0,58.66,53.45
2021-05-12 11:00,410.12,362.4,323.31,240.17,210.17,231.05,221.09,224.225,225.73,253.1,241.56,201.49,180.355,153.86,160.085,169.06,135.37,156.345,136.49,123.275,143.32,137.47,109.06,78.31,68.89,51.89,54.255,54.05,58.645,53.57
2021-05-12 11:05,409.16,362.52,323.61,240.4,210.555,230.725,221.17,223.91,225.46,252.85,241.31,201.24,180.45,153.65,159.825,169.06,135.34,156.13,136.355,123.37,143.13,137.36,109.17,78.295,68.93,51.9,54.19,54.085,58.58,53.61
2021-05-12 11:10,409.61,362.77,323.07,240.63,210.79,230.555,221.415,223.86,226.09,252.76,241.64,201.14,180.52,153.7,159.915,169.04,135.21,155.99,136.25,123.525,143.065,137.31,109.36,78.23,68.88,51.89,54.14,54.145,58.58,53.615
2021-05-12 11:15,408.87,363.09,322.72,240.84,211.0,230.65,221.595,223.71,226.24,253.085,241.64,200.965,180.645,153.88,159.99,169.15,135.25,155.955,136.245,123.56,143.2,137.335,109.415,78.27,68.895,51.92,54.175,54.25,58.64,53.7
2021-05-12 11:20,408.18,362.82,322.3,240.63,210.79,230.47,221.635,223.165,225.74,252.78,240.99,201.03,180.35,153.455,159.77,169.12,135.235,155.83,136.26,123.37,143.09,137.31,109.415,78.185,68.69,51.925,54.165,54.215,58.6,53.735
2021-05-12 11:25,408.85,362.36,322.585,240.285,210.495,230.56,221.69,222.96,225.77,252.57,240.4,201.03,180.36,153.605,159.935,169.44,135.415,156.1,136.53,123.2,143.22,137.495,109.46,78.195,68.605,51.95,54.26,54.15,58.68,53.895
2021-05-12 11:30,408.405,362.09,321.97,240.0,210.11,230.42,221.51,222.8,224.955,252.39,239.97,200.915,180.03,153.54,159.81,169.36,134.98,155.94,136.5,123.045,143.05,137.38,109.53,78.155,68.43,51.855,54.245,54.045,58.72,53.9
2021-05-12 11:35,408.46,361.59,321.64,240.09,210.22,230.41,221.6,222.69,224.95,252.635,239.88,200.8,180.075,153.445,159.67,169.455,134.795,155.775,136.565,123.08,143.03,137.385,109.685,78.265,68.41,51.835,54.275,54.025,58.76,53.895
2021-05-12 11:40,409.15,362.38,321.96,240.545,210.57,230.965,222.04,223.17,225.37,253.33,240.24,201.32,180.275,153.72,159.91,169.77,134.98,156.1,136.85,123.33,143.25,137.61,109.915,78.46,68.53,51.925,54.35,54.115,58.88,53.97
2021-05-12 11:45,408.84,362.25,320.905,240.1,210.21,230.34,221.73,222.73,225.35,252.95,239.96,200.95,180.04,153.7,159.87,169.58,134.615,156.0,136.86,123.115,143.045,137.45,110.04,78.425,68.53,51.8,54.325,53.985,58.855,53.915
2021-05-12 11:50,407.79,360.3,320.42,239.675,209.92,229.94,221.16,221.915,224.49,252.48,239.4,200.5,179.47,152.995,159.46,169.58,134.445,155.63,136.86,122.855,142.72,137.38,109.805,78.325,68.335,51.7,54.265,53.93,58.87,53.81
2021-05-12 11:55,407.4,359.76,319.83,239.49,209.79,229.6,220.965,221.41,223.82,252.46,239.19,200.1,179.24,152.82,159.05,169.14,134.17,155.35,136.7,122.79,142.465,137.12,109.56,78.15,68.365,51.645,54.2,53.85,58.715,53.71
2021-05-12 12:00,408.03,359.79,320.095,239.59,209.91,229.71,221.1,221.735,223.24,253.13,239.07,200.245,179.11,152.82,158.945,169.325,134.25,155.37,136.91,122.63,142.415,137.195,109.42,78.25,68.29,51.68,54.235,53.775,58.74,53.68
2021-05-12 12:05,407.72,360.47,319.81,239.39,210.03,229.745,221.3,221.65,223.375,253.02,238.99,200.365,179.085,152.985,159.01,169.25,134.275,155.575,136.84,122.71,142.24,137.14,109.495,78.28,68.26,51.655,54.27,53.755,58.73,53.65
2021-05-12 12:10,407.87,359.37,319.395,239.0,209.86,229.36,221.035,221.14,222.66,252.74,238.765,199.8,178.65,152.93,158.65,169.13,134.13,155.2,136.73,122.38,142.11,136.93,109.19,78.225,68.135,51.59,54.255,53.72,58.665,53.53
2021-05-12 12:15,408.2,359.4,320.255,239.35,210.18,229.725,221.295,221.32,222.875,253.29,239.08,200.18,178.58,152.865,158.7,169.32,134.5,155.43,136.95,122.625,142.19,137.14,108.765,78.25,68.03,51.64,54.32,53.775,58.695,53.6
2021-05-12 12:20,408.655,360.25,320.45,239.7,210.645,229.5,221.66,221.28,223.2,253.72,239.19,200.4,178.79,153.065,158.99,169.505,134.63,155.51,136.9,122.86,142.14,137.15,108.92,78.325,68.055,51.65,54.33,53.865,58.74,53.615
2021-05-12 12:25,407.955,359.9,320.68,239.4,210.71,229.31,221.72,220.895,223.475,253.16,239.21,200.32,178.49,152.84,158.79,169.51,134.73,155.67,136.7,122.83,142.02,137.09,109.1,78.43,67.99,51.62,54.3,53.91,58.71,53.535
2021-05-12 12:30,407.42,360.21,320.73,239.575,210.56,229.295,221.855,220.835,224.215,252.89,239.375,200.215,178.88,152.93,158.86,169.31,134.755,155.795,136.53,122.995,142.125,136.99,109.07,78.41,67.96,51.63,54.31,53.88,58.69,53.465
2021-05-12 12:35,407.16,359.775,319.995,239.21,210.195,229.15,221.96,220.88,223.61,252.51,239.11,199.93,178.76,152.94,158.66,169.29,134.465,155.5,136.5,122.75,141.925,136.87,109.04,78.37,67.86,51.54,54.3,53.8,58.7,53.38
2021-05-12 12:40,407.25,359.57,320.02,239.39,210.255,229.11,221.85,220.955,223.64,252.61,239.185,200.06,178.795,152.875,158.595,169.23,134.48,155.34,136.47,122.775,141.875,136.84,108.85,78.46,67.71,51.53,54.32,53.815,58.725,53.405
2021-05-12 12:45,406.9,360.32,319.62,239.38,210.32,229.02,221.67,221.045,223.52,252.72,239.34,200.18,178.86,152.98,158.72,169.165,134.515,155.47,136.375,122.72,141.92,136.79,108.92,78.42,67.66,51.51,54.29,53.8,58.67,53.45
2021-05-12 12:50,406.99,360.28,320.06,239.7,210.555,229.44,221.75,220.985,223.95,252.84,239.26,199.94,178.975,152.97,158.695,169.17,134.7,155.49,136.4,122.98,141.83,136.85,108.81,78.41,67.77,51.605,54.33,53.87,58.71,53.455
2021-05-12 12:55,407.07,360.07,319.49,239.795,210.735,229.2,221.67,220.895,224.065,252.84,239.195,199.865,179.065,153.015,158.745,169.225,134.775,155.19,136.38,123.11,141.94,136.905,108.83,78.44,67.75,51.63,54.33,53.89,58.7,53.44
2021-05-12 13:00,407.045,360.25,320.01,240.265,211.33,229.51,222.35,220.99,224.6,253.43,239.385,200.015,179.28,153.12,158.77,169.185,134.945,155.28,136.315,123.43,142.17,137.03,108.96,78.42,67.88,51.72,54.33,54.09,58.705,53.53
2021-05-12 13:05,406.51,360.505,319.985,240.115,211.235,229.32,222.11,221.47,224.295,253.12,239.48,200.04,179.27,153.23,158.705,169.05,134.71,155.24,136.24,123.3,142.105,136.915,108.82,78.3,67.92,51.65,54.32,54.0,58.69,53.49
2021-05-12 13:10,406.91,360.505,320.18,239.95,211.04,229.535,222.17,221.915,224.56,253.65,239.935,200.195,179.37,153.49,159.05,168.95,134.905,155.46,136.26,123.14,142.125,136.815,109.05,78.35,68.135,51.7,54.29,53.97,58.71,53.615
2021-05-12 13:15,407.095,360.63,319.645,239.595,210.815,229.31,221.95,221.995,223.96,253.535,239.63,200.13,179.31,153.43,159.145,168.86,134.675,155.45,136.26,122.855,142.255,136.72,109.08,78.325,68.11,51.66,54.25,53.855,58.7,53.51
2021-05-12 13:20,406.65,360.23,319.28,239.555,210.84,229.05,221.81,221.745,223.815,252.9,239.39,199.93,179.225,153.235,158.905,168.85,134.66,155.265,136.13,122.915,142.04,136.65,108.815,78.315,68.06,51.64,54.155,53.86,58.66,53.51
2021-05-12 13:25,406.85,359.69,319.285,239.055,210.6,229.045,221.645,221.76,223.68,253.07,239.1,199.96,179.09,153.295,158.83,168.83,134.6,155.26,136.11,122.865,142.18,136.635,108.83,78.34,68.02,51.65,54.16,53.885,58.66,53.48
2021-05-12 13:30,406.78,359.1,319.21,238.99,210.53,228.98,221.385,221.54,223.43,252.78,238.855,199.855,179.03,152.99,158.6,168.52,134.52,155.14,136.11,122.73,142.04,136.52,108.635,78.295,67.99,51.595,54.125,53.76,58.635,53.415
2021-05-12 13:35,407.16,359.96,319.5,239.435,210.86,229.23,221.7,222.085,224.105,252.935,239.355,199.96,179.325,153.31,158.91,168.54,134.67,155.25,136.1,122.985,142.245,136.515,108.83,78.29,68.18,51.72,54.14,53.94,58.625,53.5
2021-05-12 13:40,407.08,359.84,318.825,239.125,210.745,229.115,221.57,221.905,223.925,252.95,239.06,199.775,179.265,153.24,158.785,168.44,134.505,155.15,136.1,122.8,142.05,136.43,108.65,78.295,68.04,51.66,54.11,53.9,58.6,53.345
2021-05-12 13:45,406.74,359.56,318.59,238.815,210.44,228.92,221.455,221.58,223.71,252.67,239.03,199.89,178.94,153.085,158.51,168.445,134.34,155.12,136.145,122.655,141.915,136.35,108.58,78.31,67.995,51.61,54.11,53.83,58.62,53.335
2021-05-12 13:50,406.995,359.635,318.69,239.375,210.6,228.975,221.635,221.82,223.96,253.01,239.19,199.865,179.08,153.235,158.64,168.52,134.59,155.295,136.045,122.815,141.74,136.405,108.495,78.27,68.15,51.66,54.09,53.91,58.61,53.31
2021-05-12 13:55,407.475,359.775,318.41,239.27,210.545,228.94,221.495,221.88,223.74,252.81,239.1,200.025,179.07,153.375,158.78,168.62,134.475,155.51,136.17,122.7,141.73,136.395,108.485,78.215,68.165,51.625,54.1,53.805,58.645,53.27
2021-05-12 14:00,407.42,359.75,318.395,239.305,210.5,229.05,221.74,221.69,223.68,252.765,239.06,199.87,179.035,153.485,158.655,168.52,134.43,155.41,136.035,122.605,141.87,136.29,108.5,78.12,68.155,51.63,54.06,53.76,58.615,53.205
2021-05-12 14:05,407.62,359.515,318.585,239.36,210.51,228.91,221.43,221.51,223.36,252.58,238.905,199.78,178.885,153.33,158.62,168.39,134.28,155.37,135.985,122.485,141.835,136.24,108.3,78.09,68.1,51.605,54.04,53.74,58.595,53.205
2021-05-12 14:10,407.91,358.69,318.65,239.385,210.43,228.85,221.3,221.6,223.02,252.84,238.675,199.745,178.75,153.185,158.48,168.39,134.14,155.31,136.055,122.415,141.895,136.18,108.325,78.09,68.03,51.62,54.06,53.7,58.62,53.17
2021-05-12 14:15,407.32,358.93,318.04,239.4,210.42,228.525,221.26,221.565,222.985,252.82,238.975,199.78,178.635,153.225,158.55,168.395,134.14,155.28,136.025,122.39,141.81,136.15,108.26,78.05,68.095,51.595,54.035,53.67,58.61,53.18
2021-05-12 14:20,407.7,358.42,317.975,239.32,210.645,228.47,221.045,221.515,222.82,253.06,238.705,199.72,178.3,153.16,158.485,168.37,134.08,155.14,135.93,122.365,141.81,136.14,107.99,78.085,68.06,51.61,54.03,53.68,58.595,53.11
2021-05-12 14:25,407.93,357.705,317.925,239.82,210.97,228.42,220.95,221.27,222.71,252.86,238.43,199.46,178.245,153.055,158.23,168.325,134.17,154.95,135.81,122.52,141.815,136.12,107.745,78.125,68.005,51.69,53.99,53.71,58.555,53.035
2021-05-12 14:30,407.96,357.875,318.635,239.965,211.165,228.68,220.83,221.59,223.085,253.06,238.77,199.845,178.355,153.3,158.27,168.525,134.19,155.14,136.06,122.59,142.07,136.375,107.87,78.18,68.01,51.705,54.09,53.745,58.655,53.15
2021-05-12 14:35,408.1,357.905,318.69,239.995,211.19,228.695,220.955,221.705,223.11,253.16,238.74,199.895,178.51,153.365,158.3,168.565,134.135,155.13,136.14,122.64,142.03,136.41,107.815,78.14,67.915,51.745,54.13,53.755,58.665,53.16
2021-05-12 14:40,407.85,358.27,318.53,239.885,211.115,228.84,220.83,221.82,223.34,253.32,239.0,200.035,178.735,153.37,158.45,168.78,134.17,155.27,136.255,122.735,142.025,136.48,107.94,78.205,67.975,51.78,54.185,53.72,58.66,53.27
2021-05-12 14:45,408.33,358.645,318.03,239.94,211.22,228.84,221.16,221.99,223.61,253.26,239.24,200.19,178.87,153.31,158.54,168.8,134.32,155.545,136.22,122.79,142.2,136.45,108.08,78.26,67.99,51.82,54.18,53.825,58.66,53.34
2021-05-12 14:50,408.03,358.71,318.41,239.82,211.235,228.675,221.1,222.26,223.695,252.85,239.17,200.13,178.9,153.32,158.57,168.765,134.385,155.51,136.23,122.92,142.255,136.4,107.995,78.21,67.99,51.895,54.175,53.86,58.67,53.29
2021-05-12 14:55,408.26,358.015,318.32,239.405,210.845,228.76,221.25,222.3,223.195,252.68,239.075,200.31,178.715,153.09,158.45,168.905,134.215,155.545,136.425,122.78,142.23,136.39,107.86,78.295,67.945,51.835,54.27,53.84,58.71,53.3
2021-05-12 15:00,408.335,357.22,317.98,239.09,210.355,228.34,220.795,221.93,222.64,252.335,238.635,200.305,178.38,152.75,158.195,168.75,134.14,155.28,136.345,122.465,142.04,136.375,107.72,78.27,67.83,51.775,54.225,53.715,58.68,53.245
2021-05-12 15:05,407.86,356.85,317.86,239.25,210.71,228.385,220.98,221.965,222.605,252.195,238.81,200.24,178.425,152.77,158.09,168.73,134.23,155.155,136.35,122.6,141.95,136.43,107.7,78.28,67.805,51.81,54.25,53.72,58.715,53.29
2021-05-12 15:10,407.38,356.45,317.23,239.04,210.655,228.145,220.68,221.635,221.93,252.02,238.08,199.96,178.195,152.625,157.78,168.66,134.01,154.98,136.28,122.44,141.735,136.385,107.57,78.23,67.8,51.76,54.2,53.69,58.67,53.22
2021-05-12 15:15,407.55,355.13,316.945,238.995,210.345,228.19,220.63,221.42,222.02,251.94,237.905,199.81,177.8,152.49,157.495,168.53,133.845,154.65,136.38,122.435,141.64,136.17,107.35,78.2,67.715,51.74,54.165,53.66,58.675,53.135
2021-05-12 15:20,406.77,354.46,316.325,238.69,210.5,227.9,220.675,220.89,221.84,251.85,237.13,199.375,177.635,152.22,157.17,168.43,133.7,154.335,136.25,122.32,141.34,136.05,107.21,78.13,67.555,51.66,54.065,53.61,58.61,53.05
2021-05-12 15:25,406.345,354.32,316.85,238.715,210.73,227.93,220.925,220.81,222.145,251.865,237.035,199.215,177.965,152.315,157.19,168.25,133.83,154.085,135.96,122.47,141.245,136.07,107.09,78.03,67.46,51.635,54.0,53.62,58.56,53.0
2021-05-12 15:30,406.0,355.03,316.72,239.24,210.92,228.05,221.025,220.765,222.275,251.755,236.985,199.305,178.12,152.56,157.48,168.13,134.04,154.12,135.9,122.735,141.355,136.075,107.1,77.99,67.59,51.63,54.005,53.62,58.53,53.0
2021-05-12 15:35,405.55,354.235,316.66,239.32,210.8,227.925,220.93,220.66,222.08,251.27,236.69,199.21,177.895,152.21,157.09,168.05,133.825,154.015,135.885,122.63,141.345,136.04,106.94,77.97,67.5,51.63,54.0,53.605,58.455,53.0
2021-05-12 15:40,406.13,355.17,317.16,239.365,211.11,228.14,221.19,220.69,222.18,251.61,237.275,199.29,178.22,152.825,157.62,168.185,133.905,154.28,136.065,122.845,141.51,136.23,107.22,78.08,67.6,51.675,54.12,53.62,58.53,53.165
2021-05-12 15:45,406.05,354.79,317.43,239.06,211.015,228.21,221.02,220.535,222.2,251.33,236.93,199.06,178.17,152.68,157.56,168.21,133.79,154.11,135.955,122.795,141.41,136.255,107.32,78.025,67.57,51.685,54.085,53.655,58.49,53.05
2021-05-12 15:50,405.53,353.59,316.54,238.15,210.25,227.625,220.58,220.15,221.31,250.26,236.86,199.0,177.77,152.115,157.195,168.04,133.49,153.765,135.68,122.345,141.23,136.04,107.21,77.96,67.5,51.555,54.01,53.445,58.415,52.995
2021-05-12 15:55,405.385,354.345,317.22,239.035,210.57,227.93,220.58,220.02,220.77,250.68,237.32,198.85,177.84,152.31,157.54,168.21,133.36,153.67,135.51,122.84,141.27,135.935,107.37,77.99,67.62,51.61,54.05,53.62,58.41,53.06
2021-05-13 09:30,404.43,355.6,319.865,242.24,214.0,228.36,221.52,220.88,224.76,250.85,237.6,199.89,179.59,152.73,159.31,167.73,134.105,152.85,135.55,125.175,142.61,136.025,106.31,77.78,67.81,52.23,53.87,53.89,58.26,52.785
2021-05-13 09:35,406.29,355.82,320.32,242.685,213.735,228.75,221.075,221.57,225.425,250.34,237.56,200.41,179.42,153.21,159.26,168.07,134.12,154.36,136.01,125.21,142.505,136.28,106.48,77.8,67.64,52.29,54.035,53.51,58.3,53.04
2021-05-13 09:40,407.16,355.26,321.21,242.605,213.62,228.35,221.03,222.06,226.81,250.17,238.455,200.63,180.1,153.62,159.315,167.94,133.835,154.8,136.355,124.95,143.05,136.5,107.03,77.71,67.915,52.31,54.075,53.66,58.41,53.35
2021-05-13 09:45,407.83,355.55,322.71,242.015,211.885,228.26,221.11,222.72,226.86,250.77,239.3,200.79,179.075,153.4,159.6,168.31,133.72,154.76,136.545,124.535,143.46,136.78,107.46,77.835,68.09,52.43,54.145,53.95,58.46,53.53
2021-05-13 09:50,407.62,357.53,322.7,243.1,212.905,228.71,221.2,223.38,228.075,250.71,240.16,201.22,179.315,153.95,160.04,168.04,134.23,155.59,136.26,125.08,142.955,136.53,107.545,77.81,68.34,52.49,54.19,54.04,58.48,53.69
2021-05-13 09:55,407.69,358.075,323.17,243.305,213.655,228.905,221.11,223.515,228.58,250.35,240.24,201.18,179.95,154.08,160.36,168.17,134.2,155.55,136.06,125.34,143.07,136.645,107.665,77.88,68.445,52.48,54.24,54.15,58.475,53.61
2021-05-13 10:00,408.9,358.3,323.82,243.985,214.78,229.47,221.46,223.79,228.93,250.88,240.64,201.71,180.3,154.42,160.295,168.36,134.71,155.43,136.295,125.35,143.47,136.915,107.815,78.08,68.485,52.455,54.34,54.3,58.495,53.74
2021-05-13 10:05,408.15,357.555,323.005,244.43,215.06,229.35,221.66,223.565,228.24,250.73,239.64,201.63,180.02,154.02,160.0,168.07,134.28,155.07,136.31,125.41,143.13,136.925,107.33,77.87,68.18,52.37,54.265,54.2,58.425,53.61
2021-05-13 10:10,408.4,358.1,324.445,244.79,215.41,229.57,222.235,223.77,228.27,250.785,240.4,201.84,180.395,154.06,160.34,168.37,134.205,155.19,136.58,125.43,143.45,137.22,107.665,77.95,68.165,52.5,54.395,54.26,58.535,53.76
2021-05-13 10:15,409.8,357.36,324.96,244.55,215.25,230.05,222.66,223.95,227.54,251.47,239.87,202.08,179.94,153.97,160.365,168.86,134.585,155.305,136.945,125.33,143.385,137.46,107.315,78.165,68.11,52.605,54.495,54.17,58.705,53.77
2021-05-13 10:20,409.92,358.59,324.61,244.93,215.14,230.04,223.06,224.195,228.4,252.32,240.6,202.24,180.13,154.39,160.865,168.97,134.8,155.45,136.95,125.61,143.605,137.41,107.55,78.29,68.38,52.585,54.54,54.225,58.75,53.875
2021-05-13 10:25,409.82,359.13,324.19,244.45,214.705,230.105,222.97,224.04,228.195,252.32,240.56,202.285,180.19,154.59,160.955,169.04,134.805,155.935,137.07,125.46,143.825,137.51,107.63,78.44,68.45,52.535,54.595,54.22,58.79,53.95
2021-05-13 10:30,410.53,359.77,324.14,244.72,214.43,229.92,222.99,223.88,228.04,252.74,240.43,201.96,180.16,154.51,161.15,169.25,134.735,156.08,136.795,125.52,143.785,137.28,107.76,78.505,68.475,52.53,54.6,54.35,58.77,53.825
2021-05-13 10:35,410.56,359.755,324.585,244.425,214.005,229.965,222.95,223.87,227.535,252.445,240.5,202.02,180.155,154.44,161.15,169.09,134.59,156.14,136.85,125.61,143.78,137.34,107.765,78.52,68.55,52.525,54.58,54.295,58.79,53.915
2021-05-13 10:40,410.565,359.09,324.0,244.08,213.57,230.015,222.45,223.74,226.46,252.75,240.12,202.31,179.865,154.215,160.86,169.245,134.285,156.04,136.86,125.56,143.67,137.625,107.53,78.525,68.4,52.49,54.59,54.24,58.83,53.925
2021-05-13 10:45,411.19,359.15,324.33,244.64,213.6,230.11,222.38,223.72,226.56,253.03,239.93,202.165,180.14,154.51,161.24,169.53,134.495,155.9,137.1,125.85,143.545,137.87,107.46,78.61,68.31,52.595,54.655,54.14,58.89,53.85
2021-05-13 10:50,411.35,359.84,324.31,245.185,214.1,229.95,222.76,224.085,226.89,252.81,240.36,202.2,180.39,154.66,161.475,169.615,134.54,155.78,137.055,126.0,143.675,137.75,107.495,78.535,68.32,52.55,54.56,54.17,58.855,53.84
2021-05-13 10:55,411.87,360.14,325.3,245.17,214.045,230.65,223.13,224.53,226.84,253.2,240.07,202.53,180.68,154.47,161.69,169.65,135.025,156.0,137.215,126.02,143.83,137.98,107.48,78.55,67.99,52.62,54.65,54.06,58.94,53.92
2021-05-13 11:00,411.06,359.41,324.72,244.8,213.205,230.6,222.89,224.065,225.795,253.32,239.94,202.6,180.29,154.3,161.46,169.675,134.695,156.18,137.16,125.82,143.62,137.895,107.31,78.49,68.1,52.54,54.6,53.93,58.88,53.775
2021-05-13 11:05,410.86,358.93,324.185,244.33,213.07,230.41,222.58,224.025,225.16,252.9,239.48,202.61,179.63,154.15,161.42,169.64,134.42,156.25,137.11,125.45,143.425,137.81,107.065,78.475,68.125,52.43,54.525,53.81,58.865,53.74
2021-05-13 11:10,411.35,358.74,323.72,244.11,213.165,230.31,222.69,224.03,224.86,252.84,239.12,202.555,179.42,154.22,161.065,169.76,134.29,156.02,137.14,125.33,143.68,137.87,107.09,78.48,68.04,52.41,54.535,53.74,58.84,53.705
2021-05-13 11:15,411.32,358.44,323.98,244.14,213.09,230.4,222.79,224.11,225.215,253.34,239.75,202.6,179.805,154.415,161.4,169.61,134.3,156.31,137.045,125.41,143.82,137.84,107.25,78.49,68.21,52.42,54.49,53.77,58.815,53.73
2021-05-13 11:20,410.43,358.08,324.54,243.72,212.6,230.51,222.48,224.05,224.93,253.2,239.56,202.48,179.59,154.23,161.33,169.63,134.09,156.08,136.985,125.22,143.52,137.79,107.08,78.48,68.155,52.32,54.47,53.8,58.83,53.7
2021-05-13 11:25,410.49,356.87,324.075,243.7,212.24,230.63,222.295,223.62,224.12,253.06,238.88,202.4,179.14,153.74,160.805,169.68,134.06,155.91,137.22,125.025,143.215,137.8,106.97,78.51,67.8,52.235,54.495,53.65,58.855,53.56
2021-05-13 11:30,411.24,357.77,323.96,244.025,212.53,230.54,222.47,223.5,224.035,253.0,239.105,202.46,179.4,153.855,160.63,169.72,134.02,155.91,137.21,125.22,143.25,137.77,107.0,78.49,67.845,52.305,54.49,53.715,58.87,53.585
2021-05-13 11:35,412.015,358.36,324.71,243.84,212.595,230.92,222.65,223.76,224.31,253.14,239.3,202.72,179.62,153.995,161.19,169.825,134.05,156.09,137.33,125.395,143.42,137.9,106.96,78.49,68.0,52.365,54.53,53.78,58.925,53.63
2021-05-13 11:40,411.535,356.615,323.81,242.32,211.695,230.48,222.2,223.36,222.86,252.79,239.17,202.37,178.76,153.47,160.65,170.055,133.73,155.86,137.485,124.69,143.49,138.12,106.78,78.53,67.82,52.29,54.52,53.5,58.96,53.58
2021-05-13 11:45,412.15,357.02,323.975,242.705,211.59,230.32,222.57,223.61,222.82,253.53,239.88,202.82,178.99,153.65,160.97,170.42,133.685,155.91,137.695,124.865,143.54,138.155,106.995,78.665,67.94,52.34,54.56,53.65,58.99,53.64
2021-05-13 11:50,412.39,356.765,324.28,242.88,211.9,230.39,222.9,223.63,222.605,253.74,239.685,203.06,178.885,153.86,160.98,170.545,133.93,156.22,137.935,124.91,143.55,138.265,107.0,78.71,67.9,52.41,54.585,53.695,59.065,53.64
2021-05-13 11:55,411.71,356.14,324.165,243.01,211.95,230.05,222.97,223.47,222.34,253.5,238.97,202.85,178.69,153.565,160.605,170.39,133.77,156.2,138.05,124.885,143.445,138.3,106.735,78.615,67.68,52.35,54.555,53.62,59.005,53.56
2021-05-13 12:00,411.32,357.37,324.58,243.205,212.54,230.3,223.14,223.36,222.78,253.09,239.23,202.9,179.205,153.94,160.795,170.16,133.73,156.425,137.965,124.945,143.46,138.13,106.55,78.57,67.795,52.38,54.555,53.675,58.945,53.615
2021-05-13 12:05,411.53,357.6,325.05,243.615,212.47,230.66,223.345,223.515,223.075,253.14,239.46,202.85,179.065,153.98,161.0,170.37,133.935,156.55,138.095,125.32,143.795,138.33,106.705,78.59,67.89,52.535,54.63,53.815,59.01,53.715
2021-05-13 12:10,411.17,358.06,325.14,243.72,212.88,230.6,223.33,223.65,223.32,253.2,239.865,202.89,179.01,154.12,161.235,170.28,133.98,156.78,137.97,125.465,143.805,138.375,106.91,78.64,68.01,52.525,54.55,53.885,58.985,53.83
2021-05-13 12:15,411.15,357.565,324.83,243.58,212.655,230.59,223.5,223.57,223.035,253.365,239.94,202.78,179.18,154.13,161.26,170.26,134.03,156.78,137.96,125.395,143.84,138.355,106.635,78.715,67.945,52.51,54.53,53.865,59.0,53.75
2021-05-13 12:20,410.57,356.8,324.83,243.38,212.29,230.39,223.36,223.28,222.33,253.24,239.37,202.695,178.83,153.835,161.02,170.37,133.705,156.44,138.025,125.305,143.7,138.31,106.515,78.7,67.895,52.45,54.565,53.74,58.965,53.68
2021-05-13 12:25,411.12,357.45,325.56,243.805,212.69,230.66,223.35,223.56,222.905,253.28,239.69,202.83,178.755,154.015,161.22,170.49,133.84,156.56,138.005,125.57,143.82,138.38,106.735,78.775,67.95,52.53,54.595,53.825,58.97,53.755
2021-05-13 12:30,411.2,358.3,325.97,244.07,212.725,230.76,223.625,223.315,223.51,253.49,239.85,202.84,179.235,154.145,161.515,170.54,134.01,156.51,137.92,125.68,143.8,138.49,106.77,78.825,68.01,52.605,54.635,53.925,59.005,53.76
2021-05-13 12:35,410.935,358.16,325.82,243.385,212.2,230.74,223.35,223.615,222.76,253.16,240.0,202.96,179.01,153.96,161.32,170.49,133.85,156.59,138.07,125.365,143.81,138.53,106.65,78.815,68.04,52.535,54.635,53.84,59.03,53.81
2021-05-13 12:40,411.37,358.42,326.145,243.315,212.06,230.44,222.79,223.32,222.46,253.23,240.05,202.995,178.83,153.89,161.25,170.605,133.785,156.565,138.25,125.36,143.96,138.635,106.68,78.905,67.99,52.55,54.645,53.83,59.03,53.87
2021-05-13 12:45,410.7,358.775,326.43,243.79,212.37,230.35,222.975,223.315,222.94,252.87,240.385,202.97,178.9,154.03,161.38,170.53,133.89,156.87,138.14,125.595,144.08,138.65,106.79,78.925,68.07,52.59,54.69,53.99,59.01,53.94
2021-05-13 12:50,410.685,358.63,326.1,243.21,211.695,230.23,222.595,223.32,222.435,252.94,240.21,203.04,178.61,153.945,161.42,170.44,133.64,157.03,138.205,125.25,144.1,138.61,106.655,78.89,68.0,52.525,54.71,53.8,59.075,53.87
2021-05-13 12:55,410.12,358.07,325.67,242.92,211.5,230.07,222.58,223.15,221.9,252.56,240.425,202.835,178.2,153.715,161.28,170.475,133.445,156.76,138.23,125.035,143.95,138.58,106.39,78.835,67.875,52.46,54.66,53.76,59.05,53.87
2021-05-13 13:00,409.81,357.92,325.46,242.79,211.655,230.13,222.61,223.18,222.085,252.21,240.23,202.89,177.825,153.73,161.25,170.43,133.37,156.965,138.09,125.115,143.91,138.44,106.525,78.8,67.88,52.42,54.645,53.755,59.025,53.77
2021-05-13 13:05,409.68,358.01,325.7,242.87,211.83,230.27,222.94,223.225,222.07,252.38,240.15,203.03,178.13,153.69,161.23,170.44,133.405,156.95,138.11,125.18,143.82,138.52,106.51,78.845,67.88,52.505,54.645,53.83,59.035,53.79
2021-05-13 13:10,409.665,358.36,326.035,243.04,212.105,230.22,223.005,223.32,222.145,252.15,240.53,203.085,178.205,153.89,161.52,170.4,133.435,157.025,138.12,125.23,143.96,138.49,106.435,78.81,67.94,52.535,54.625,53.855,59.04,53.81
2021-05-13 13:15,409.45,358.175,325.14,242.54,211.505,229.875,222.525,223.41,221.96,251.73,240.19,203.085,177.985,153.65,161.43,170.25,133.165,157.06,137.9,124.875,143.84,138.31,106.3,78.645,67.86,52.43,54.575,53.7,58.99,53.78
2021-05-13 13:20,409.33,357.19,324.385,242.18,211.175,229.61,222.16,223.0,220.84,251.505,239.32,202.59,177.43,153.375,160.96,170.12,132.82,156.705,137.985,124.7,143.83,138.19,105.99,78.58,67.65,52.44,54.56,53.56,58.94,53.66
2021-05-13 13:25,409.69,357.43,324.14,242.32,211.24,229.57,222.47,223.05,221.18,251.69,239.585,202.615,177.19,153.495,160.96,170.195,132.945,156.73,138.135,124.75,143.86,138.18,106.195,78.62,67.705,52.48,54.61,53.6,59.0,53.77
2021-05-13 13:30,409.02,356.48,323.52,241.685,210.65,229.19,222.045,222.46,220.19,251.77,238.82,202.28,176.635,153.195,160.63,170.15,132.525,156.385,138.01,124.425,143.81,138.01,105.905,78.5,67.53,52.37,54.575,53.49,58.98,53.67
2021-05-13 13:35,408.96,356.16,323.75,241.815,210.92,229.21,222.3,222.265,220.19,252.29,238.38,202.28,176.54,153.09,160.38,170.14,132.64,156.42,138.01,124.395,144.04,137.98,105.77,78.57,67.47,52.42,54.55,53.53,58.96,53.65
2021-05-13 13:40,409.57,356.46,323.86,242.155,211.29,229.515,222.47,222.475,219.945,252.29,238.74,202.47,176.1,153.21,160.83,170.225,132.885,156.4,138.11,124.52,144.11,138.15,105.79,78.59,67.565,52.435,54.585,53.57,59.035,53.71
2021-05-13 13:45,408.9,355.61,323.525,241.81,210.69,229.31,222.21,222.35,219.24,252.13,238.09,202.255,176.165,153.18,160.49,170.25,132.68,156.32,138.17,124.33,144.055,138.195,105.495,78.64,67.355,52.37,54.53,53.53,59.05,53.63
2021-05-13 13:50,408.67,356.75,324.16,242.455,211.395,229.6,222.79,222.64,220.355,252.11,238.92,202.565,176.84,153.565,160.765,170.04,133.08,156.56,137.875,124.755,144.11,138.115,105.88,78.58,67.565,52.46,54.455,53.77,59.04,53.74
2021-05-13 13:55,408.87,357.11,324.65,242.295,211.19,229.64,222.855,222.585,220.355,252.14,238.85,202.45,176.55,153.535,160.85,170.05,132.975,156.595,137.91,124.685,144.24,138.09,105.97,78.575,67.54,52.435,54.47,53.74,59.035,53.805
2021-05-13 14:00,409.52,358.31,325.42,242.59,211.7,229.935,223.335,223.34,221.42,252.56,239.625,202.985,177.06,154.09,161.21,170.245,133.315,157.1,137.93,124.935,144.48,138.32,106.415,78.69,67.78,52.535,54.54,53.82,59.065,53.955
2021-05-13 14:05,409.8,358.8,325.905,243.09,212.14,230.38,223.61,223.295,221.835,252.775,239.64,202.93,177.3,154.23,161.23,170.31,133.51,157.15,137.97,125.16,144.44,138.47,106.365,78.76,67.81,52.595,54.59,53.935,59.085,54.13
2021-05-13 14:10,410.135,358.885,326.13,243.61,212.715,230.47,223.89,223.17,221.82,253.03,239.8,203.08,177.465,154.195,161.42,170.48,133.56,157.28,138.04,125.445,144.46,138.65,106.43,78.79,67.81,52.66,54.63,54.005,59.13,54.19
2021-05-13 14:15,410.4,358.54,325.86,243.505,212.375,230.425,223.92,223.35,221.28,253.315,239.585,203.08,177.29,154.2,161.36,170.56,133.57,157.395,138.21,125.29,144.435,138.75,106.43,78.82,67.71,52.62,54.68,53.99,59.125,54.11
2021-05-13 14:20,410.66,359.085,326.015,243.56,212.4,230.59,224.3,223.685,222.22,253.715,240.0,203.26,177.55,154.4,161.61,170.65,133.765,157.5,138.34,125.33,144.61,138.78,106.765,78.865,67.84,52.67,54.73,54.0,59.18,54.14
2021-05-13 14:25,410.42,359.425,326.42,243.71,212.18,230.84,224.35,223.71,222.84,253.91,240.49,203.31,177.77,154.44,161.8,170.59,133.895,157.69,138.345,125.395,144.735,138.71,106.845,78.86,67.99,52.74,54.765,54.015,59.155,54.215
2021-05-13 14:30,409.79,359.305,326.72,243.68,212.39,230.8,224.2,224.035,223.0,253.665,240.605,203.52,177.745,154.39,161.7,170.495,133.945,157.8,138.17,125.45,144.81,138.55,106.67,78.8,68.04,52.73,54.685,54.045,59.09,54.24
2021-05-13 14:35,409.63,359.69,327.01,243.83,212.79,230.795,224.44,224.09,223.48,253.63,240.85,203.45,178.045,154.565,161.59,170.56,134.0,157.75,138.115,125.555,144.74,138.605,106.795,78.825,68.135,52.73,54.565,54.11,59.05,54.18
2021-05-13 14:40,409.24,360.17,326.63,244.135,213.12,230.745,224.48,223.83,223.77,253.88,240.855,203.475,178.31,154.705,161.685,170.46,134.105,157.83,138.045,125.58,144.73,138.575,106.83,78.85,68.1,52.72,54.545,54.16,59.04,54.31
2021-05-13 14:45,409.0,359.27,325.93,244.245,213.125,230.665,224.28,223.785,223.76,253.545,240.5,203.43,178.165,154.615,161.565,170.47,134.03,157.74,138.06,125.58,144.71,138.525,106.68,78.8,68.04,52.71,54.61,54.195,59.005,54.34
2021-05-13 14:50,409.48,359.22,325.875,244.075,212.885,230.89,224.295,223.79,223.67,253.49,240.51,203.535,178.29,154.515,161.68,170.62,133.93,157.86,138.22,125.495,144.56,138.61,106.735,78.84,68.08,52.725,54.655,54.14,59.03,54.39
2021-05-13 14:55,409.7,359.17,325.63,243.905,212.61,230.635,224.48,223.99,223.25,253.14,240.41,203.495,178.005,154.44,161.515,170.615,133.79,157.96,138.14,125.38,144.59,138.63,106.675,78.87,67.94,52.67,54.69,54.04,59.03,54.42
2021-05-13 15:00,409.63,359.47,326.26,244.085,212.465,230.94,224.63,224.28,223.895,253.545,240.63,203.59,178.365,154.7,161.795,170.53,133.755,158.02,138.19,125.455,144.695,138.615,106.82,78.875,68.11,52.675,54.705,54.06,59.05,54.365
2021-05-13 15:05,409.14,359.7,326.465,244.46,212.87,230.775,224.62,224.29,224.13,253.71,240.81,203.65,178.79,154.665,161.97,170.64,133.935,157.795,138.3,125.625,144.68,138.745,106.88,78.905,68.135,52.74,54.735,54.185,59.045,54.45
2021-05-13 15:10,408.585,359.645,326.04,243.98,212.43,230.49,224.34,223.97,223.495,253.5,240.51,203.42,178.495,154.37,161.74,170.565,133.76,157.99,138.275,125.37,144.78,138.79,106.795,78.89,68.05,52.68,54.715,54.09,59.015,54.33
2021-05-13 15:15,408.775,359.17,326.14,244.04,212.47,230.435,224.2,223.91,223.32,253.71,240.32,203.43,178.47,154.235,161.775,170.66,133.74,158.035,138.365,125.345,144.82,138.825,106.71,78.93,68.01,52.72,54.73,54.2,59.045,54.295
2021-05-13 15:20,409.27,359.41,326.285,244.13,212.345,230.455,224.11,224.39,223.335,253.53,240.46,203.63,178.54,154.275,161.83,170.625,133.83,157.835,138.435,125.32,144.67,138.86,106.76,78.925,68.025,52.68,54.675,54.13,59.06,54.28
2021-05-13 15:25,409.52,359.64,326.65,244.33,212.45,230.67,224.17,224.53,223.72,253.61,240.375,203.71,178.82,154.505,162.12,170.65,134.04,158.15,138.39,125.475,144.87,138.955,106.91,78.98,68.125,52.74,54.7,54.2,59.08,54.3
2021-05-13 15:30,409.28,359.93,326.645,244.585,212.915,230.67,224.48,224.515,224.085,253.65,240.58,203.72,178.945,154.59,161.97,170.54,134.08,158.43,138.385,125.68,144.75,138.87,106.94,78.935,68.16,52.745,54.705,54.28,59.03,54.39
2021-05-13 15:35,409.765,360.18,326.415,244.585,212.945,230.655,224.745,224.6,224.095,253.46,240.725,203.905,178.875,154.595,162.165,170.505,134.32,158.49,138.5,125.7,144.74,138.915,106.97,78.91,68.245,52.74,54.65,54.265,59.03,54.425
2021-05-13 15:40,410.03,360.61,326.66,244.655,213.16,230.81,224.79,224.665,224.02,253.875,240.845,203.93,179.085,154.65,162.35,170.49,134.28,158.6,138.44,125.69,144.73,138.875,106.955,78.975,68.25,52.755,54.66,54.28,59.04,54.45
2021-05-13 15:45,409.885,360.355,326.7,244.375,212.41,230.485,224.37,224.665,223.58,253.79,240.685,203.92,179.035,154.48,162.31,170.53,134.185,158.59,138.34,125.585,144.695,138.77,106.99,78.925,68.245,52.735,54.655,54.27,59.005,54.36
2021-05-13 15:50,409.3,359.3,326.18,243.72,212.265,230.135,224.165,223.84,222.8,252.88,240.11,203.535,178.43,154.23,161.945,170.49,134.11,158.115,138.185,125.24,144.4,138.635,106.74,78.89,68.14,52.6,54.605,54.105,58.91,54.26
2021-05-13 15:55,408.52,358.85,325.32,242.92,211.85,229.78,223.79,223.74,222.63,252.07,240.1,203.43,178.4,154.09,161.44,170.06,133.62,157.78,137.72,124.95,144.23,138.25,106.68,78.72,68.09,52.475,54.495,54.01,58.78,54.11
2021-10-01 09:30,388.63,380.19,330.7,282.415,272.515,243.07,224.63,213.76,223.75,211.84,193.45,175.87,172.62,169.96,163.995,161.28,144.8,152.18,139.74,140.745,140.64,138.955,102.54,83.76,58.025,54.5,52.795,53.39,54.085,46.91
2021-10-01 09:35,385.24,379.52,331.1,283.325,271.49,242.75,224.47,213.505,223.215,211.6,193.82,175.94,172.36,170.97,164.26,160.3,144.945,151.66,139.745,141.11,141.25,138.98,102.68,82.41,58.0,54.49,52.765,53.38,54.1,46.68
2021-10-01 09:40,384.26,379.47,329.5,282.65,270.625,242.82,224.41,213.92,223.92,211.615,193.93,175.81,173.31,170.49,164.43,159.39,144.635,151.58,139.46,140.72,141.33,138.425,102.925,81.06,57.905,54.345,52.905,53.4,54.03,46.66
2021-10-01 09:45,385.925,379.11,328.53,283.76,270.485,241.81,223.86,213.99,222.83,211.83,193.74,175.8,173.11,170.415,164.11,160.205,144.745,151.5,139.585,140.635,141.34,138.21,102.735,81.51,57.885,54.39,52.905,53.45,54.025,46.59
2021-10-01 09:50,386.89,380.09,328.19,283.32,269.835,241.37,224.31,214.385,222.875,211.45,193.885,175.835,173.43,171.36,164.73,159.675,144.98,151.49,139.195,140.42,141.65,137.65,103.135,80.98,58.14,54.395,52.83,53.37,53.98,46.45
2021-10-01 09:55,388.08,379.38,328.77,283.645,269.505,241.15,224.645,214.21,222.49,211.24,193.885,176.03,173.215,171.45,164.68,159.82,145.555,151.43,139.15,140.54,141.745,137.4,102.905,81.18,57.975,54.39,52.875,53.38,53.955,46.45
2021-10-01 10:00,388.18,380.34,328.1,283.35,269.84,241.18,224.53,213.44,223.685,211.27,193.79,175.64,173.53,171.76,165.475,159.915,145.21,151.84,139.055,140.33,142.195,137.05,103.425,82.045,58.08,54.36,52.92,53.34,53.955,46.48
2021-10-01 10:05,387.51,379.215,327.9,283.67,270.115,241.59,225.095,213.55,224.16,211.5,193.775,175.76,173.76,171.36,165.15,159.99,145.28,151.83,139.45,140.235,142.505,137.305,103.525,82.29,58.16,54.395,53.045,53.35,54.09,46.585
2021-10-01 10:10,386.69,379.55,327.715,283.9,270.61,241.605,225.07,213.275,224.325,211.375,193.595,175.36,173.72,171.21,165.065,159.825,145.43,151.55,139.2,140.27,142.33,137.1,103.265,82.46,58.12,54.39,53.075,53.35,54.04,46.495
2021-10-01 10:15,385.16,376.855,326.055,283.19,269.175,240.71,224.1,212.7,222.23,211.68,192.545,175.08,172.74,170.46,164.23,159.385,144.865,150.935,139.1,139.68,141.96,136.54,102.555,82.33,57.925,54.19,53.05,53.2,53.985,46.445
2021-10-01 10:20,385.555,376.24,324.88,282.805,269.175,240.24,223.945,211.91,221.575,211.04,191.84,174.74,172.555,170.01,163.915,159.0,144.83,150.54,138.68,139.625,141.1,135.95,102.185,82.415,57.6,54.11,52.74,53.1,53.925,46.185
2021-10-01 10:25,385.66,376.72,325.93,282.735,269.61,241.085,224.23,212.2,221.96,211.38,192.295,174.965,173.01,170.25,163.98,159.34,145.04,150.72,138.97,139.53,141.24,136.35,102.37,82.77,57.71,54.17,52.87,53.15,54.025,46.36
2021-10-01 10:30,385.42,377.06,325.535,282.885,269.35,241.055,224.565,212.225,222.055,211.1,192.48,175.06,173.14,170.64,164.29,159.02,145.11,150.8,138.7,139.53,141.265,136.205,102.41,82.25,57.685,54.14,52.78,53.21,53.97,46.17
2021-10-01 10:35,385.22,376.51,325.95,283.08,269.75,241.39,224.235,211.795,221.51,211.09,192.215,174.67,173.095,170.25,164.01,159.06,145.115,150.86,138.85,139.21,141.24,136.215,102.12,82.005,57.5,54.07,52.775,53.1,53.955,46.15
2021-10-01 10:40,386.11,376.81,326.26,283.285,270.26,241.45,224.03,211.86,221.24,211.05,191.95,174.66,173.2,170.26,164.045,159.175,145.3,150.655,138.775,139.255,141.15,136.19,102.16,82.07,57.45,54.16,52.72,53.07,53.95,46.095
2021-10-01 10:45,386.2,377.25,325.7,284.285,270.905,241.035,224.335,211.95,221.21,211.315,191.745,174.59,173.19,170.86,164.31,159.23,145.435,150.39,138.625,139.55,140.97,136.175,102.11,81.545,57.45,54.235,52.64,53.18,53.955,46.155
2021-10-01 10:50,385.75,377.555,325.75,284.455,271.36,241.08,224.26,212.34,221.125,211.86,191.56,174.8,173.005,170.68,164.15,159.03,145.495,150.405,138.675,139.6,140.76,136.17,102.125,81.48,57.34,54.185,52.61,53.155,53.94,46.115
2021-10-01 10:55,386.46,379.26,326.9,284.96,271.785,241.645,224.81,212.78,222.055,212.08,191.78,175.24,173.66,171.19,164.78,159.06,145.64,150.845,138.84,140.06,141.34,136.64,102.38,81.255,57.47,54.315,52.7,53.29,53.98,46.26
2021-10-01 11:00,386.7,379.76,327.63,284.83,271.57,241.63,225.005,212.74,222.34,212.13,192.46,175.1,174.04,171.445,164.98,158.915,145.42,150.845,138.585,139.92,141.57,136.65,102.5,81.03,57.505,54.39,52.64,53.29,54.005,46.28
2021-10-01 11:05,385.73,378.335,327.24,284.41,270.92,241.27,224.615,212.265,221.665,211.75,191.95,174.925,173.765,170.855,164.755,158.825,145.41,150.96,138.4,139.57,141.35,136.375,102.17,81.15,57.35,54.32,52.6,53.16,53.985,46.22
2021-10-01 11:10,387.55,379.16,329.055,286.03,272.34,242.34,225.5,212.86,222.685,212.89,192.96,175.67,174.57,171.62,165.37,159.655,145.88,150.95,139.065,140.15,142.11,136.915,102.495,81.745,57.56,54.6,52.825,53.36,54.145,46.535
2021-10-01 11:15,387.89,380.47,328.91,286.045,272.115,242.15,225.47,213.42,222.845,212.96,193.165,175.785,174.87,171.585,165.29,159.83,145.75,151.57,138.995,140.35,141.93,136.845,102.52,81.89,57.6,54.62,52.795,53.43,54.12,46.51
2021-10-01 11:20,387.33,380.87,329.07,286.24,272.32,242.22,225.45,213.57,223.17,213.09,193.48,175.9,175.15,171.84,165.615,159.95,145.96,151.645,139.175,140.315,141.9,136.925,102.79,81.76,57.62,54.67,52.865,53.42,54.17,46.58
2021-10-01 11:25,387.255,380.46,328.45,285.88,271.935,241.805,225.175,213.26,222.88,212.56,193.45,175.7,175.08,171.72,165.41,159.755,145.82,151.435,138.92,140.04,141.55,136.67,102.685,81.38,57.71,54.6,52.76,53.35,54.09,46.56
2021-10-01 11:30,387.32,380.57,328.58,286.25,272.05,242.02,225.59,213.5,222.86,212.605,193.395,175.91,175.3,171.83,165.555,160.08,145.99,151.5,138.975,140.2,141.575,136.72,102.9,81.75,57.735,54.63,52.785,53.41,54.09,46.595
2021-10-01 11:35,387.68,380.94,329.035,286.29,272.435,242.235,225.745,213.905,223.225,213.18,193.565,176.04,175.285,171.935,165.71,160.255,146.175,151.51,139.235,140.135,141.8,136.855,102.935,82.03,57.76,54.68,52.865,53.42,54.15,46.66
2021-10-01 11:40,387.9,381.15,329.185,286.47,272.69,242.39,225.9,214.02,223.56,213.02,193.875,176.21,175.6,172.375,165.93,160.275,146.395,151.8,139.32,140.35,141.9,136.89,103.03,82.33,57.84,54.72,52.89,53.48,54.21,46.685
2021-10-01 11:45,388.305,381.025,329.27,286.58,272.83,242.38,226.1,214.02,222.82,213.49,194.12,176.33,175.39,172.145,165.75,160.41,146.31,151.84,139.43,140.115,142.065,136.99,102.98,82.39,57.78,54.72,52.92,53.44,54.245,46.67
2021-10-01 11:50,388.4,380.155,328.955,286.29,272.83,242.205,226.2,214.09,223.035,213.4,193.85,176.33,175.35,172.045,165.6,160.525,146.27,151.99,139.41,140.31,142.06,136.995,102.97,82.5,57.77,54.73,52.895,53.47,54.26,46.65
2021-10-01 11:55,388.09,379.86,328.58,286.32,272.49,242.005,226.165,213.915,222.765,213.1,193.595,176.16,175.05,172.07,165.455,160.415,146.17,151.835,139.305,140.3,141.955,136.925,102.87,82.19,57.735,54.7,52.88,53.44,54.235,46.6
2021-10-01 12:00,387.695,379.98,328.51,286.075,272.1,242.07,226.29,213.82,222.465,213.13,193.76,176.115,175.2,172.055,165.51,160.305,146.065,151.93,139.285,140.145,141.865,136.95,102.9,82.16,57.72,54.65,52.83,53.38,54.23,46.585
2021-10-01 12:05,387.52,380.065,328.91,286.78,272.39,241.995,226.7,213.89,222.47,213.45,194.15,176.28,175.47,172.25,165.565,160.62,146.28,152.15,139.37,140.55,141.98,137.125,102.98,82.455,57.82,54.74,52.855,53.44,54.25,46.625
2021-10-01 12:10,387.73,379.68,328.82,286.22,272.16,241.695,226.695,213.7,222.415,213.315,194.045,176.2,175.01,172.07,165.51,160.445,146.11,152.09,139.33,140.305,142.03,137.06,103.055,82.475,57.75,54.63,52.845,53.34,54.24,46.555
2021-10-01 12:15,386.955,379.67,329.045,286.395,272.415,241.76,226.79,213.58,222.455,213.25,193.84,176.21,174.95,171.865,165.47,160.255,146.25,151.98,139.275,140.245,141.99,137.01,103.08,82.14,57.685,54.65,52.84,53.365,54.18,46.52
2021-10-01 12:20,387.63,379.77,329.55,286.485,272.55,241.93,227.11,214.06,223.055,213.465,194.63,176.46,175.285,172.195,165.65,160.57,146.325,152.115,139.29,140.485,142.25,137.27,103.16,82.25,57.84,54.73,52.9,53.475,54.27,46.565
2021-10-01 12:25,387.115,379.805,329.42,286.31,272.395,241.86,227.7,214.075,223.155,213.14,194.54,176.29,175.47,172.47,165.83,160.565,146.105,152.11,139.25,140.495,142.36,137.135,103.23,82.23,57.96,54.69,52.895,53.46,54.27,46.565
2021-10-01 12:30,387.65,379.765,329.465,286.535,272.585,241.9,227.75,214.15,223.485,213.11,194.92,176.435,175.675,172.635,165.94,160.485,146.07,152.11,139.21,140.645,142.43,137.08,103.37,82.13,58.015,54.77,52.925,53.495,54.31,46.65
2021-10-01 12:35,387.84,379.47,329.27,286.18,272.135,241.895,228.055,213.875,223.245,212.7,194.52,176.24,175.565,172.51,165.84,160.415,145.98,152.38,139.1,140.395,142.5,136.95,103.47,82.4,57.98,54.69,52.915,53.5,54.285,46.655
2021-10-01 12:40,388.22,379.325,329.55,286.31,272.57,242.0,227.98,214.03,223.43,212.71,194.58,176.37,175.675,172.65,165.925,160.37,145.9,152.38,139.1,140.64,142.49,136.91,103.45,82.14,58.03,54.74,52.925,53.52,54.285,46.67
2021-10-01 12:45,388.2,379.47,329.35,286.33,272.49,242.08,227.885,214.135,223.54,212.715,194.525,176.42,175.71,172.625,165.89,160.47,145.865,152.4,139.21,140.54,142.605,136.9,103.52,81.885,58.03,54.805,52.915,53.535,54.33,46.655
2021-10-01 12:50,388.6,379.4,329.51,286.225,272.32,242.135,227.77,214.185,223.405,212.65,194.615,176.51,175.81,172.68,165.91,160.38,145.98,152.4,139.29,140.495,142.605,136.925,103.65,81.81,58.125,54.84,52.955,53.49,54.33,46.635
2021-10-01 12:55,388.275,379.23,329.02,286.155,272.16,241.86,227.8,213.91,223.08,212.49,194.48,176.31,175.785,172.555,165.74,160.46,145.87,152.505,139.18,140.42,142.605,136.83,103.67,81.96,58.095,54.735,52.885,53.46,54.27,46.605
2021-10-01 13:00,388.075,379.17,329.125,286.2,272.25,241.9,228.04,213.98,222.66,212.675,194.63,176.36,175.73,172.67,165.7,160.4,145.92,152.56,139.17,140.6,142.48,136.87,103.68,81.86,58.115,54.81,52.915,53.485,54.33,46.645
2021-10-01 13:05,388.19,379.95,329.58,286.755,272.85,242.05,228.35,214.375,222.96,212.88,195.07,176.52,175.97,172.9,165.93,160.615,146.07,152.565,139.27,140.86,142.74,137.05,103.73,81.84,58.17,54.92,52.945,53.58,54.33,46.755
2021-10-01 13:10,388.505,379.785,329.73,286.77,272.815,242.05,228.42,214.395,223.145,212.83,195.24,176.42,175.975,172.76,165.94,160.68,146.13,152.64,139.18,140.75,142.7,137.0,103.65,82.165,58.205,54.9,52.905,53.595,54.315,46.76
2021-10-01 13:15,388.46,379.295,329.86,286.7,272.86,242.12,228.705,214.33,223.365,212.865,195.495,176.415,175.805,172.65,165.915,160.65,146.175,152.585,139.22,140.78,142.83,136.965,103.675,82.035,58.205,54.92,52.905,53.64,54.32,46.785
2021-10-01 13:20,389.42,379.48,329.95,287.015,273.15,242.275,228.855,214.44,223.715,212.5,195.39,176.515,176.09,172.81,165.99,160.61,146.405,152.59,139.19,140.845,142.85,136.96,103.76,82.095,58.265,54.94,52.905,53.605,54.33,46.81
2021-10-01 13:25,388.855,379.52,329.92,286.67,272.945,242.265,228.8,214.415,223.875,212.46,195.175,176.48,176.175,172.815,166.06,160.53,146.52,152.67,139.23,140.77,142.76,137.02,103.845,82.03,58.355,54.845,52.895,53.6,54.34,46.81
2021-10-01 13:30,389.275,379.76,330.225,287.005,273.355,242.51,228.985,214.54,224.2,212.81,195.44,176.575,176.42,172.9,166.12,160.76,146.88,152.8,139.325,141.11,142.785,137.16,104.05,82.1,58.415,54.93,52.93,53.635,54.37,46.83
2021-10-01 13:35,389.55,380.04,330.19,287.19,273.46,242.59,229.105,214.715,224.49,212.79,195.14,176.59,176.44,173.02,166.16,160.85,146.88,152.79,139.335,141.075,142.86,137.2,104.01,82.225,58.415,54.915,52.92,53.63,54.355,46.815
2021-10-01 13:40,389.72,380.74,330.35,287.12,273.47,242.955,229.18,214.9,224.685,213.06,195.2,176.76,176.555,173.07,166.255,161.005,147.08,152.94,139.39,141.18,142.925,137.295,104.07,82.045,58.585,54.94,52.96,53.64,54.425,46.835
2021-10-01 13:45,390.805,381.355,331.145,287.36,273.765,243.535,229.66,215.33,224.99,213.62,195.58,177.095,177.035,173.5,166.775,161.22,147.2,153.34,139.675,141.515,143.105,137.52,104.155,82.25,58.625,55.08,53.06,53.73,54.505,46.935
2021-10-01 13:50,390.44,381.28,330.93,287.41,273.785,243.395,229.68,215.24,224.905,213.435,195.36,177.05,176.93,173.345,166.8,161.14,147.3,153.39,139.68,141.47,143.155,137.48,104.205,82.15,58.575,55.07,53.055,53.705,54.485,46.93
2021-10-01 13:55,390.13,381.1,330.565,287.05,273.7,243.215,229.44,214.97,224.755,213.245,195.36,176.86,176.815,173.05,166.755,161.02,147.12,153.165,139.53,141.335,143.0,137.36,104.075,82.125,58.515,55.01,53.005,53.63,54.44,46.905
2021-10-01 14:00,390.05,381.0,330.725,287.075,273.89,243.44,229.52,215.13,224.955,213.25,195.52,176.98,176.9,173.26,166.81,161.1,147.175,153.18,139.64,141.55,143.105,137.415,104.21,82.455,58.55,55.08,53.03,53.705,54.475,46.91
2021-10-01 14:05,390.03,381.115,330.79,287.315,274.135,243.39,229.645,215.1,224.65,213.45,195.49,176.935,176.8,173.215,166.86,161.11,147.195,153.17,139.65,141.57,143.07,137.41,104.21,82.61,58.52,55.035,53.025,53.71,54.475,46.98
2021-10-01 14:10,390.5,381.105,330.635,287.17,273.73,243.325,229.925,215.015,224.91,213.595,195.23,176.91,176.63,173.63,166.96,161.1,147.125,153.215,139.61,141.325,143.12,137.37,104.23,82.75,58.525,55.065,53.035,53.68,54.515,46.98
2021-10-01 14:15,390.55,381.14,330.88,287.395,273.97,243.34,229.82,215.085,224.86,213.58,195.38,176.9,176.75,173.645,167.085,161.105,147.2,153.18,139.66,141.49,143.285,137.415,104.165,82.855,58.56,55.06,53.05,53.75,54.485,46.975
2021-10-01 14:20,390.73,381.25,330.745,287.32,274.02,243.4,229.83,215.175,225.29,213.82,195.535,176.985,176.715,173.93,167.2,161.115,147.225,153.335,139.75,141.63,143.39,137.49,104.24,82.885,58.645,55.11,53.1,53.795,54.505,46.985
2021-10-01 14:25,390.735,381.28,330.88,287.355,273.93,243.29,229.855,215.225,225.66,213.605,195.72,177.04,176.73,173.915,167.17,160.98,147.18,153.2,139.63,141.57,143.57,137.415,104.27,82.68,58.645,55.08,53.06,53.81,54.485,47.025
2021-10-01 14:30,391.32,381.38,331.07,287.58,274.01,243.44,229.78,215.26,225.77,213.405,195.575,176.985,176.69,174.105,167.28,161.025,147.18,153.21,139.655,141.71,143.63,137.465,104.12,82.67,58.605,55.1,53.055,53.79,54.465,47.005
2021-10-01 14:35,391.25,381.51,331.185,287.655,274.16,243.57,229.84,215.275,225.87,213.455,195.445,177.02,176.785,174.07,167.325,160.905,147.33,153.25,139.705,141.795,143.67,137.61,104.255,82.455,58.645,55.16,53.085,53.84,54.455,47.02
2021-10-01 14:40,390.765,380.95,330.965,287.6,274.28,243.51,229.93,215.135,225.67,213.475,195.17,176.84,176.75,173.93,167.15,160.85,147.29,153.23,139.63,141.76,143.475,137.465,104.08,82.32,58.55,55.125,53.025,53.795,54.475,46.945
2021-10-01 14:45,390.7,381.14,331.27,287.94,274.52,243.67,230.18,215.12,225.955,213.6,195.22,176.82,177.03,173.99,167.31,161.05,147.435,153.0,139.68,141.89,143.46,137.63,104.15,82.43,58.55,55.105,53.05,53.84,54.49,46.97
2021-10-01 14:50,390.68,381.37,331.415,288.3,274.74,243.97,230.445,215.24,225.77,213.75,195.24,176.87,177.02,174.22,167.49,161.025,147.51,153.01,139.835,142.11,143.56,137.695,104.095,82.345,58.615,55.2,53.07,53.905,54.51,46.965
2021-10-01 14:55,391.265,381.44,331.74,288.33,274.79,244.07,230.845,215.35,225.9,213.76,195.215,176.86,177.005,174.3,167.55,161.04,147.57,153.155,139.835,142.06,143.56,137.74,104.12,82.295,58.715,55.19,53.08,53.88,54.515,46.97
2021-10-01 15:00,391.815,381.91,332.085,288.85,275.09,244.38,231.33,215.815,226.31,214.055,195.56,177.125,177.21,174.71,167.89,161.22,147.825,153.43,139.995,142.23,143.735,137.76,104.255,82.285,58.805,55.25,53.16,53.99,54.535,47.03
2021-10-01 15:05,392.1,382.02,331.975,288.98,275.215,244.42,231.38,215.78,226.275,214.28,195.46,177.1,177.3,174.72,168.03,161.17,147.715,153.54,140.025,142.24,143.77,137.68,104.31,82.2,58.825,55.255,53.15,53.99,54.515,47.02
2021-10-01 15:10,392.83,382.52,332.39,289.13,275.435,244.555,231.385,216.015,226.31,214.22,195.71,177.31,177.2,175.04,168.23,161.38,147.91,153.62,140.105,142.38,143.895,137.775,104.36,82.46,58.92,55.33,53.17,54.055,54.51,47.045
2021-10-01 15:15,392.72,381.785,332.15,288.89,275.305,244.375,231.0,215.85,226.15,214.035,195.56,177.19,176.75,174.775,167.955,161.18,147.84,153.455,140.01,142.32,143.85,137.59,104.34,82.34,58.955,55.26,53.15,54.01,54.525,46.985
2021-10-01 15:20,392.92,381.9,331.53,288.95,275.525,244.18,230.875,215.895,226.39,214.13,195.46,177.24,176.6,174.88,167.88,161.165,147.81,153.62,140.06,142.29,143.67,137.735,104.45,82.21,58.96,55.195,53.145,53.93,54.535,46.98
2021-10-01 15:25,392.5,381.69,331.05,288.78,275.36,244.0,230.56,215.7,226.22,214.28,195.17,177.02,176.4,174.51,167.56,160.975,147.755,153.175,139.92,142.24,143.52,137.71,104.41,82.23,58.8,55.215,53.12,53.925,54.495,46.89
2021-10-01 15:30,392.81,381.06,331.01,288.91,275.935,244.01,230.665,215.71,226.08,214.54,195.11,177.07,176.39,174.375,167.535,161.01,147.62,153.1,139.98,142.355,143.53,137.63,104.375,82.16,58.785,55.235,53.14,53.97,54.49,46.85
2021-10-01 15:35,392.64,380.73,330.84,288.87,275.45,243.695,230.695,215.45,225.88,214.15,195.18,176.76,176.365,174.41,167.37,160.9,147.48,152.91,139.705,142.275,143.32,137.305,104.35,81.835,58.85,55.18,53.045,53.88,54.42,46.85
2021-10-01 15:40,392.83,380.55,330.89,288.93,275.61,243.78,230.7,215.6,226.175,213.99,195.03,176.77,176.56,174.585,167.625,160.89,147.965,152.87,139.715,142.485,143.34,137.29,104.47,81.78,58.855,55.18,53.04,53.825,54.405,46.82
2021-10-01 15:45,392.38,380.205,330.285,289.01,275.57,243.465,230.55,215.475,226.0,213.74,194.59,176.56,176.285,174.34,167.38,160.65,147.55,152.73,139.655,142.23,143.21,137.27,104.37,81.645,58.73,55.155,53.04,53.8,54.375,46.785
2021-10-01 15:50,393.395,380.15,330.855,289.715,276.22,243.745,231.17,216.22,226.48,214.46,194.73,177.135,176.39,174.35,167.37,160.84,147.565,152.955,139.84,142.825,143.57,137.33,104.45,81.595,58.63,55.285,53.11,53.99,54.395,46.9
2021-10-01 15:55,392.42,379.81,329.57,288.61,275.21,242.78,230.465,215.66,226.0,213.82,194.25,176.5,175.9,173.83,167.14,160.27,146.955,152.4,139.51,142.39,143.26,136.91,104.325,81.4,58.565,55.075,52.99,53.795,54.265,46.77
2021-10-04 09:30,394.77,383.04,329.59,286.43,272.14,243.68,229.46,216.12,225.83,214.89,195.3,176.42,174.76,175.545,168.425,160.93,147.355,152.24,140.065,141.265,143.31,137.59,105.185,83.74,58.8,54.595,53.325,53.98,54.685,47.05
2021-10-04 09:35,393.71,383.375,330.22,286.17,271.46,244.44,228.51,216.62,225.44,214.85,195.22,177.02,174.87,175.57,168.83,160.52,147.245,152.515,140.315,141.23,144.0,138.15,105.165,83.78,58.595,54.59,53.52,54.31,54.69,47.105
2021-10-04 09:40,392.51,383.67,328.71,284.83,270.18,244.68,228.095,216.29,225.5,214.22,194.87,176.82,174.285,175.63,169.38,160.005,146.95,152.37,139.705,140.8,144.09,137.65,105.315,84.075,58.65,54.575,53.375,54.135,54.66,47.145
2021-10-04 09:45,393.3,384.36,328.84,284.055,269.55,244.35,227.07,216.41,226.34,215.38,195.1,176.99,174.36,175.715,169.645,160.67,146.955,153.27,139.775,140.44,144.39,137.115,105.625,84.51,58.58,54.58,53.38,54.22,54.77,47.25
2021-10-04 09:50,392.61,385.65,328.895,283.84,270.42,244.56,227.16,216.23,227.435,214.835,195.39,176.725,175.44,176.845,170.2,160.455,147.11,153.44,139.58,140.465,144.79,136.765,105.68,84.22,58.66,54.47,53.255,54.155,54.725,47.28
2021-10-04 09:55,391.83,385.865,329.39,284.24,271.16,244.65,226.5,215.47,227.215,214.55,195.41,176.28,175.7,177.12,170.265,160.465,147.54,153.2,139.695,140.74,145.06,137.02,105.695,84.06,58.58,54.5,53.27,54.12,54.755,47.36
2021-10-04 10:00,391.29,384.97,327.6,283.17,270.13,243.785,225.44,215.72,225.69,214.56,195.39,176.37,174.82,175.77,169.285,160.33,146.95,152.95,139.545,140.075,145.135,136.815,105.55,83.92,58.38,54.385,53.15,54.05,54.725,47.24
2021-10-04 10:05,391.7,386.07,327.18,283.25,270.19,243.79,224.97,215.855,226.6,214.06,195.4,176.51,175.485,176.19,169.81,160.25,147.16,152.63,139.445,140.28,145.44,136.665,105.81,83.825,58.62,54.475,53.13,54.065,54.72,47.12
2021-10-04 10:10,391.585,386.36,328.37,283.51,270.32,244.05,224.62,215.81,225.925,214.49,195.845,176.4,175.005,176.14,169.655,160.65,147.355,153.03,139.815,140.48,145.89,136.85,105.65,84.135,58.59,54.605,53.23,54.055,54.825,47.25
2021-10-04 10:15,391.26,383.57,328.82,283.015,270.19,244.1,223.7,215.2,224.805,214.48,194.78,176.11,174.445,175.225,168.67,160.65,147.18,152.79,139.675,140.11,145.64,136.8,105.18,83.74,58.22,54.485,53.17,54.01,54.8,47.15
2021-10-04 10:20,389.36,381.12,327.72,283.04,269.185,243.27,223.055,215.375,224.3,214.18,194.28,175.77,174.36,174.51,167.845,160.2,146.76,152.31,139.29,140.18,144.765,136.395,104.765,83.54,58.14,54.43,53.025,53.925,54.665,46.93
2021-10-04 10:25,388.65,380.41,327.545,283.21,269.175,243.45,223.035,215.44,224.055,213.26,194.41,175.78,174.51,174.04,167.42,159.97,146.84,151.59,139.18,139.88,144.795,136.28,104.8,83.765,58.11,54.42,53.07,53.895,54.69,46.86
2021-10-04 10:30,388.38,379.95,327.085,281.965,268.2,242.995,222.485,214.84,223.74,212.84,193.72,175.375,174.125,173.99,167.165,159.69,146.57,151.65,138.915,139.645,144.185,136.075,104.83,83.56,58.04,54.285,52.97,53.81,54.64,46.865
2021-10-04 10:35,386.19,377.64,325.98,281.62,268.04,242.165,222.075,214.51,222.65,212.08,193.03,174.74,173.59,172.73,166.33,159.38,146.43,150.92,138.605,139.39,143.41,135.585,104.24,83.285,57.95,54.2,52.86,53.675,54.495,46.705
2021-10-04 10:40,387.855,379.87,326.7,282.03,268.71,242.96,222.73,214.85,223.515,212.5,193.705,175.125,174.62,174.06,167.285,159.645,146.62,151.52,138.715,139.55,144.21,135.69,104.86,83.5,58.12,54.305,52.935,53.83,54.555,46.81
2021-10-04 10:45,386.52,378.695,326.43,281.285,267.715,242.89,222.77,214.25,223.08,212.09,193.575,174.79,174.1,173.86,166.745,159.2,146.4,151.27,138.59,139.185,144.185,135.48,104.735,83.285,57.98,54.285,52.89,53.87,54.515,46.82
2021-10-04 10:50,385.82,376.98,325.21,280.56,266.585,242.33,221.71,213.95,222.15,212.36,192.91,174.71,173.47,173.205,166.025,158.745,146.045,150.71,138.42,138.87,143.57,135.335,104.385,83.09,57.84,54.11,52.825,53.735,54.435,46.71
2021-10-04 10:55,386.09,378.1,325.615,281.27,267.355,242.415,222.345,214.11,223.04,211.97,193.33,174.86,174.17,174.255,166.67,158.685,146.12,151.02,138.435,139.135,144.06,135.29,105.03,83.115,58.165,54.095,52.83,53.87,54.415,46.755
2021-10-04 11:00,386.27,377.04,325.695,281.26,267.18,242.25,221.815,214.09,222.645,212.28,193.28,174.945,173.92,173.765,166.31,158.635,146.24,150.53,138.33,138.93,144.1,135.34,104.78,82.875,58.015,54.075,52.76,53.88,54.415,46.74
2021-10-04 11:05,386.395,377.59,325.87,282.015,267.54,242.37,222.29,214.395,223.045,212.08,193.67,175.27,174.055,174.23,166.59,158.52,146.495,150.54,138.415,139.325,144.1,135.38,104.955,82.845,58.0,54.065,52.765,53.92,54.425,46.74
2021-10-04 11:10,387.26,377.48,326.24,282.05,267.74,242.63,222.625,214.35,223.38,212.29,193.61,175.375,174.035,174.07,166.53,158.62,146.45,151.1,138.49,139.23,144.18,135.46,105.41,83.125,58.03,54.12,52.75,53.99,54.465,46.81
2021-10-04 11:15,387.225,377.18,326.245,282.17,268.305,242.565,222.28,214.335,223.49,212.065,193.185,175.225,173.995,174.12,166.24,158.145,146.43,150.85,138.36,139.32,144.105,135.335,105.395,82.915,57.79,54.165,52.695,53.985,54.425,46.865
2021-10-04 11:20,386.815,375.56,325.26,281.99,267.74,242.295,222.095,213.85,222.76,211.86,192.98,174.845,173.705,173.86,165.945,158.135,146.27,150.5,138.145,139.01,144.05,135.18,105.36,82.82,57.69,54.12,52.585,53.89,54.355,46.725
2021-10-04 11:25,386.455,375.33,325.04,282.515,267.86,242.195,222.375,213.715,222.825,211.95,192.895,174.935,173.65,173.65,165.94,158.32,146.21,150.54,138.125,139.075,143.95,135.24,105.37,83.065,57.8,54.14,52.565,53.97,54.375,46.76
2021-10-04 11:30,386.05,374.98,325.16,281.7,267.12,242.09,221.91,213.65,222.85,211.29,192.98,174.93,173.26,173.65,166.0,157.85,145.935,150.63,137.74,138.84,143.875,134.93,105.33,82.62,57.79,54.04,52.455,53.93,54.355,46.66
2021-10-04 11:35,385.66,375.24,324.665,281.05,266.43,242.0,221.38,213.3,222.355,211.18,192.47,174.68,173.08,173.57,165.84,157.77,145.93,150.61,137.62,138.795,143.8,134.735,105.23,82.52,57.73,53.975,52.4,53.77,54.3,46.555
2021-10-04 11:40,386.67,376.5,325.05,281.21,266.315,242.045,221.58,213.46,222.65,211.2,192.95,174.76,173.36,174.18,166.675,157.86,146.295,150.66,137.79,138.83,143.52,134.885,105.26,82.855,57.84,54.045,52.46,53.805,54.315,46.575
2021-10-04 11:45,387.365,375.24,325.535,281.24,266.49,242.225,221.53,213.6,222.895,211.37,193.03,175.02,173.47,173.8,166.16,158.075,146.335,150.79,137.89,138.89,143.5,134.96,105.22,82.82,57.84,54.06,52.535,53.82,54.35,46.6
2021-10-04 11:50,387.625,376.21,325.67,282.075,267.0,242.575,222.04,214.04,223.51,211.505,193.15,175.26,173.875,174.46,166.63,158.265,146.465,150.88,137.955,139.15,143.68,135.03,105.47,83.035,58.0,54.115,52.59,53.9,54.38,46.66
2021-10-04 11:55,387.77,376.62,326.34,282.315,267.105,242.91,222.48,214.43,223.975,211.52,193.77,175.875,174.12,174.64,166.95,158.51,146.57,151.29,138.165,139.22,144.305,135.25,105.805,83.235,58.24,54.21,52.685,53.96,54.47,46.83
2021-10-04 12:00,387.27,375.31,326.43,282.13,266.87,242.82,222.21,214.02,223.645,211.325,193.475,175.725,173.76,174.37,166.51,158.415,146.485,151.2,138.16,138.96,144.15,135.26,105.64,83.0,58.135,54.165,52.645,53.87,54.425,46.675
2021-10-04 12:05,388.31,376.035,327.055,282.465,266.895,243.17,222.53,214.36,223.975,211.72,193.79,176.125,174.005,174.49,166.915,158.78,146.56,151.27,138.345,139.12,144.23,135.33,105.58,83.19,58.3,54.305,52.715,54.01,54.49,46.79
2021-10-04 12:10,388.18,375.53,326.77,282.095,267.01,242.86,222.35,214.115,224.08,211.585,193.65,175.9,173.985,174.335,166.76,158.74,146.4,151.205,138.365,138.985,144.16,135.23,105.37,83.33,58.42,54.255,52.685,53.995,54.455,46.74
2021-10-04 12:15,388.03,375.81,326.505,282.25,267.515,242.83,222.525,213.85,224.24,211.245,193.585,175.84,174.01,174.5,166.83,158.565,146.36,151.31,138.3,138.82,144.54,135.105,105.46,83.095,58.395,54.24,52.69,53.95,54.435,46.69
2021-10-04 12:20,387.42,375.47,325.97,281.52,267.215,242.385,221.94,213.805,223.87,211.245,193.43,175.79,173.72,174.03,166.77,158.52,146.1,151.285,138.025,138.63,144.34,134.92,105.55,82.975,58.31,54.205,52.6,53.925,54.385,46.645
2021-10-04 12:25,387.25,375.53,325.58,281.39,267.28,242.35,221.71,213.64,223.835,211.11,193.495,175.65,173.76,174.085,166.845,158.55,145.95,151.26,138.045,138.54,144.22,134.895,105.7,82.89,58.345,54.215,52.615,53.945,54.385,46.61
2021-10-04 12:30,387.1,375.555,326.0,281.65,267.305,242.585,222.16,213.795,224.155,211.18,193.485,175.9,173.985,174.075,166.89,158.775,146.06,151.41,138.14,138.665,144.34,134.92,105.63,82.89,58.405,54.25,52.69,53.965,54.415,46.605
2021-10-04 12:35,387.16,375.33,326.105,281.25,266.985,242.54,221.505,213.715,224.09,211.17,193.505,175.93,173.89,173.86,166.825,158.76,146.05,151.39,138.25,138.535,144.12,134.98,105.36,82.855,58.345,54.195,52.705,53.955,54.395,46.585
2021-10-04 12:40,386.56,374.885,325.565,280.75,266.36,242.295,220.96,213.33,223.81,210.855,193.065,175.63,173.62,173.44,166.585,158.49,145.81,151.105,138.15,138.41,143.94,134.84,105.145,82.82,58.265,54.125,52.685,53.865,54.38,46.575
2021-10-04 12:45,386.97,375.215,325.765,280.84,266.73,242.49,221.27,213.365,224.09,210.88,193.325,175.785,173.755,173.58,166.735,158.62,145.86,151.14,138.24,138.495,144.02,134.94,105.21,82.735,58.35,54.18,52.745,53.935,54.405,46.61
2021-10-04 12:50,386.91,375.485,325.99,281.03,266.86,242.67,221.535,213.59,223.955,211.175,193.455,175.92,173.73,173.655,166.88,158.62,146.015,151.32,138.4,138.57,144.13,135.07,105.31,82.855,58.385,54.21,52.805,53.935,54.445,46.65
2021-10-04 12:55,386.77,375.585,325.84,280.85,266.84,242.59,221.43,213.74,223.725,211.175,193.69,176.035,173.645,173.61,166.81,158.665,146.16,151.325,138.31,138.525,143.965,135.06,105.15,82.79,58.385,54.195,52.775,53.9,54.37,46.61
2021-10-04 13:00,386.285,374.8,325.245,280.3,266.265,242.165,221.535,213.205,223.24,210.97,193.015,175.7,173.23,173.37,166.56,158.58,145.895,151.09,138.24,138.275,143.765,134.975,105.07,82.625,58.35,54.12,52.72,53.765,54.335,46.54
2021-10-04 13:05,387.125,375.39,326.23,281.21,267.135,242.74,222.34,213.37,223.67,211.26,193.7,175.96,173.635,174.01,167.18,158.86,146.24,151.39,138.465,138.73,144.025,135.15,105.31,82.76,58.52,54.235,52.8,53.87,54.415,46.6
2021-10-04 13:10,387.255,375.215,326.13,281.525,267.44,242.97,223.3,213.755,224.255,211.34,193.75,176.015,173.775,174.07,167.22,158.93,146.37,151.795,138.51,138.845,144.13,135.255,105.45,82.82,58.565,54.27,52.83,53.93,54.42,46.62
2021-10-04 13:15,387.1,374.92,325.82,281.15,267.48,242.78,222.92,213.565,224.2,211.24,193.505,175.84,173.68,174.025,167.14,158.75,146.38,151.485,138.46,138.67,143.985,135.25,105.375,82.835,58.51,54.195,52.78,53.83,54.375,46.56
2021-10-04 13:20,386.99,374.78,326.16,281.19,267.64,243.14,223.08,213.59,224.21,211.22,193.57,175.98,173.725,174.105,167.17,158.745,146.665,151.5,138.515,138.78,143.96,135.22,105.37,82.81,58.545,54.18,52.775,53.8,54.395,46.585
2021-10-04 13:25,386.655,374.02,325.7,280.91,267.185,242.76,222.76,213.3,224.08,210.91,193.185,175.745,173.405,173.67,166.97,158.575,146.39,151.42,138.4,138.56,143.72,135.19,105.19,82.725,58.47,54.09,52.7,53.675,54.35,46.53
2021-10-04 13:30,386.95,374.51,325.915,281.205,267.375,242.88,223.245,213.44,224.61,211.26,193.385,175.875,173.64,173.63,167.27,158.83,146.615,151.585,138.485,138.72,143.84,135.39,105.265,82.795,58.555,54.125,52.725,53.675,54.35,46.625
2021-10-04 13:35,386.655,374.89,325.81,281.485,267.76,242.9,223.58,213.54,224.64,211.21,193.495,175.89,173.665,174.045,167.4,158.82,146.63,151.655,138.48,138.82,143.8,135.35,105.215,82.85,58.56,54.155,52.72,53.725,54.355,46.64
2021-10-04 13:40,386.735,374.7,325.765,281.28,267.615,242.915,223.27,213.415,224.31,211.185,193.445,175.86,173.565,173.8,167.35,158.84,146.625,151.57,138.51,138.715,143.695,135.44,105.15,82.695,58.485,54.105,52.73,53.71,54.355,46.62
2021-10-04 13:45,386.93,374.39,325.81,281.475,267.92,242.93,223.57,213.585,224.535,211.255,193.565,176.03,173.665,173.685,167.43,159.03,146.725,151.56,138.575,138.875,143.735,135.51,105.17,82.685,58.495,54.115,52.72,53.76,54.355,46.615
2021-10-04 13:50,386.77,374.655,325.88,281.3,267.745,242.93,223.455,213.74,224.445,211.08,193.52,176.05,173.445,173.865,167.4,159.01,146.52,151.44,138.58,138.72,143.68,135.62,105.155,82.66,58.445,54.105,52.72,53.715,54.345,46.615
2021-10-04 13:55,386.255,374.43,325.77,281.1,267.755,242.7,223.535,213.67,224.365,211.1,193.325,176.01,173.375,173.71,167.325,158.805,146.51,151.4,138.48,138.575,143.675,135.595,105.2,82.565,58.415,54.045,52.725,53.67,54.325,46.58
2021-10-04 14:00,386.655,374.075,325.95,281.735,268.085,242.61,223.605,213.725,224.385,211.6,193.3,176.04,173.48,173.7,167.25,158.91,146.67,151.41,138.575,138.86,143.67,135.715,105.14,82.58,58.385,54.05,52.8,53.655,54.335,46.645
2021-10-04 14:05,386.845,374.5,326.365,282.01,268.56,242.755,224.01,213.895,224.485,211.83,193.415,176.11,173.485,173.715,167.215,159.045,146.705,151.54,138.64,138.85,143.65,135.775,105.115,82.665,58.42,54.07,52.81,53.69,54.345,46.67
2021-10-04 14:10,386.505,373.77,325.795,281.695,268.4,242.48,224.115,213.51,224.15,211.74,192.985,175.8,173.055,173.3,166.825,158.95,146.435,151.07,138.465,138.705,143.48,135.69,104.8,82.56,58.33,53.975,52.755,53.54,54.3,46.565
2021-10-04 14:15,386.54,373.92,325.92,282.29,268.84,242.665,224.44,213.54,224.2,211.74,193.03,175.86,173.245,173.32,166.89,159.06,146.62,151.16,138.65,139.015,143.635,135.975,104.91,82.53,58.34,54.03,52.79,53.585,54.345,46.615
2021-10-04 14:20,386.92,374.2,325.895,282.275,269.3,242.93,224.755,213.87,224.455,211.895,193.27,176.015,173.43,173.61,166.895,159.26,146.605,151.34,138.77,138.96,143.655,135.99,105.025,82.645,58.435,54.125,52.86,53.63,54.375,46.675
2021-10-04 14:25,386.0,373.835,325.87,282.07,269.245,242.56,224.375,213.77,224.1,211.9,193.07,176.03,173.28,173.2,167.0,159.23,146.555,151.21,138.745,138.755,143.575,135.985,104.92,82.625,58.365,54.09,52.875,53.54,54.345,46.64
2021-10-04 14:30,385.97,373.525,326.11,281.875,269.29,242.75,224.245,213.89,224.04,211.55,193.105,176.03,173.3,173.115,166.745,159.19,146.545,151.09,138.77,138.65,143.53,135.955,104.83,82.585,58.355,54.075,52.86,53.545,54.335,46.635
2021-10-04 14:35,386.19,373.34,326.22,282.05,269.595,242.73,224.49,214.045,224.165,211.72,193.39,176.115,173.54,173.13,166.675,159.32,146.71,151.18,138.855,138.74,143.58,135.945,104.86,82.64,58.35,54.115,52.88,53.545,54.365,46.645
2021-10-04 14:40,385.815,373.43,326.355,282.285,269.92,242.805,224.63,214.095,224.335,211.73,193.275,175.96,173.76,173.19,166.72,159.465,146.67,151.13,138.78,138.905,143.74,136.085,104.91,82.9,58.285,54.145,52.895,53.525,54.365,46.64
2021-10-04 14:45,386.21,373.66,326.54,282.85,270.49,243.1,225.08,214.225,224.75,211.86,193.465,176.145,173.835,173.305,166.8,159.63,146.82,151.36,138.88,139.045,143.83,136.105,104.935,82.86,58.32,54.205,52.925,53.53,54.395,46.68
2021-10-04 14:50,386.125,373.365,326.23,282.585,270.43,242.865,224.82,214.17,224.54,211.86,193.495,176.065,173.77,173.11,166.62,159.555,146.71,151.19,138.79,139.01,143.89,136.03,104.9,83.015,58.325,54.185,52.895,53.525,54.37,46.66
2021-10-04 14:55,386.1,373.61,326.27,282.62,270.805,242.69,224.79,214.105,224.57,211.8,193.465,176.125,173.7,173.075,166.645,159.405,146.69,151.115,138.715,138.96,143.9,135.89,104.935,83.055,58.36,54.195,52.885,53.52,54.38,46.685
2021-10-04 15:00,386.42,373.74,326.75,283.135,271.46,242.9,225.17,214.32,224.77,212.085,193.685,176.29,173.78,172.99,166.7,159.53,146.82,151.245,138.815,139.285,144.105,136.05,104.96,83.27,58.365,54.26,52.945,53.6,54.455,46.745
2021-10-04 15:05,386.065,374.045,326.31,283.195,271.4,242.825,225.17,214.22,224.68,211.905,193.64,176.26,173.62,173.035,166.765,159.415,146.69,151.3,138.75,139.04,144.06,135.89,104.9,83.345,58.37,54.25,52.915,53.6,54.425,46.72
2021-10-04 15:10,385.6,374.31,326.225,282.655,270.795,242.77,224.78,214.165,224.29,211.72,193.51,176.45,173.34,172.84,166.85,159.43,146.545,151.33,138.845,138.895,143.94,135.81,104.83,83.455,58.3,54.185,52.93,53.525,54.465,46.69
2021-10-04 15:15,384.94,373.94,325.84,282.35,270.5,242.48,224.635,214.01,223.845,211.53,193.23,176.235,173.12,172.76,166.695,159.325,146.37,151.245,138.76,138.695,143.83,135.695,104.815,83.185,58.285,54.13,52.91,53.465,54.42,46.63
2021-10-04 15:20,385.09,374.23,325.715,282.14,270.43,242.465,224.455,214.125,223.805,211.42,193.27,176.28,173.1,172.58,166.74,159.145,146.34,151.2,138.715,138.595,143.74,135.66,104.775,82.995,58.275,54.1,52.935,53.46,54.435,46.625
2021-10-04 15:25,385.75,373.89,326.205,282.01,270.11,242.72,224.505,214.24,223.685,211.655,193.445,176.54,173.1,172.58,166.66,159.1,146.575,151.33,138.79,138.58,143.86,135.625,104.865,83.075,58.335,54.065,52.975,53.385,54.475,46.675
2021-10-04 15:30,386.01,373.995,326.19,282.18,270.405,243.065,224.28,214.38,223.81,212.23,193.51,176.63,172.995,172.655,166.68,159.44,146.54,151.64,138.895,138.735,144.05,135.755,104.96,83.24,58.395,54.105,53.015,53.45,54.545,46.725
2021-10-04 15:35,385.43,373.11,325.64,281.75,270.08,242.755,224.215,214.05,223.52,212.025,193.28,176.32,172.7,172.275,166.435,159.205,146.4,151.47,138.845,138.5,143.82,135.58,104.785,83.115,58.26,54.045,52.94,53.385,54.51,46.655
2021-10-04 15:40,386.64,374.12,326.725,282.78,271.01,243.27,225.03,214.66,224.05,212.4,193.705,176.73,173.35,172.66,166.99,159.63,146.84,151.945,139.06,138.915,144.28,135.825,105.015,83.215,58.425,54.25,53.015,53.55,54.625,46.755
2021-10-04 15:45,386.61,373.83,326.64,282.615,270.655,243.415,224.7,214.54,224.03,211.915,193.62,176.62,173.305,172.54,167.0,159.535,146.96,151.75,139.005,138.745,144.29,135.815,105.02,83.105,58.37,54.185,53.055,53.51,54.6,46.735
2021-10-04 15:50,385.8,372.925,325.5,282.045,270.13,242.87,224.24,213.625,223.43,210.97,192.73,175.98,172.835,172.07,166.5,159.06,146.625,151.28,138.655,138.62,143.84,135.45,104.695,82.975,58.19,53.99,52.905,53.3,54.485,46.565
2021-10-04 15:55,387.02,374.05,326.47,283.22,270.94,243.06,224.77,214.22,223.69,211.57,193.11,176.06,173.405,172.66,166.9,159.17,147.16,151.37,138.8,139.19,144.14,135.71,104.71,83.11,58.215,54.205,52.98,53.48,54.48,46.67
2021-10-05 09:30,392.145,377.64,328.69,284.635,272.0,243.92,224.74,214.41,223.49,211.52,191.54,176.61,174.08,173.34,167.36,160.155,148.615,152.065,139.515,139.915,144.18,136.945,106.27,82.655,58.515,54.39,53.285,53.68,54.53,46.58
2021-10-05 09:35,389.975,377.21,327.43,284.52,271.47,243.88,224.665,214.35,223.55,211.29,191.585,176.215,174.3,173.32,167.355,159.58,149.07,151.41,139.355,139.745,143.43,136.38,106.55,82.555,58.435,54.24,53.07,53.815,54.35,46.49
2021-10-05 09:40,390.0,377.12,326.465,285.205,271.92,243.77,224.445,214.11,223.32,211.27,190.895,175.77,174.24,172.765,167.04,159.235,149.195,151.18,139.23,139.6,142.81,136.01,106.8,82.47,58.295,54.27,52.97,53.675,54.33,46.43
2021-10-05 09:45,389.95,378.34,326.67,285.565,272.165,244.12,224.35,214.59,223.955,211.96,191.21,176.02,174.915,173.45,167.425,159.32,149.175,151.53,139.44,139.87,143.01,136.11,107.105,82.605,58.465,54.42,53.05,53.64,54.385,46.66
2021-10-05 09:50,390.88,380.04,327.31,285.73,272.575,244.32,224.815,214.87,224.53,211.96,191.25,176.125,175.39,174.205,167.78,159.39,149.24,151.525,139.6,139.86,142.9,136.19,107.275,82.38,58.365,54.46,53.145,53.55,54.47,46.695
2021-10-05 09:55,390.77,379.73,327.37,285.8,272.54,244.5,224.98,214.45,224.29,211.67,191.46,176.225,175.29,173.98,167.485,159.47,149.22,151.58,139.77,139.82,142.82,136.325,107.21,82.32,58.36,54.38,53.13,53.56,54.53,46.73
2021-10-05 10:00,391.04,381.06,328.29,286.17,272.815,244.725,225.08,214.95,224.83,212.27,191.915,176.56,175.215,174.895,168.245,159.69,149.4,152.09,139.95,140.04,142.75,136.7,107.33,82.38,58.41,54.47,53.24,53.705,54.54,46.945
2021-10-05 10:05,391.41,381.5,328.5,286.57,273.235,244.86,225.24,215.07,224.96,212.76,192.045,176.94,175.19,174.95,168.385,159.91,149.355,152.18,139.91,139.9,142.84,136.84,107.39,82.8,58.62,54.515,53.255,53.755,54.54,46.99
2021-10-05 10:10,391.895,382.67,329.31,286.845,273.06,245.215,225.805,215.61,225.42,212.64,192.4,177.61,175.71,175.135,168.725,160.11,149.7,152.51,139.895,140.015,143.075,136.76,107.545,83.045,58.85,54.57,53.275,53.88,54.595,47.0
2021-10-05 10:15,391.59,383.12,328.7,286.585,272.78,245.17,226.01,215.8,225.125,212.85,192.71,177.85,175.8,174.93,169.16,160.105,149.65,152.71,139.605,139.73,142.97,136.68,107.49,82.83,58.79,54.585,53.21,53.82,54.625,46.96
2021-10-05 10:20,392.2,384.02,329.28,286.595,272.22,245.385,226.65,216.23,225.54,212.95,193.8,178.115,175.735,175.24,169.45,160.215,149.65,153.12,139.64,139.63,143.59,136.725,107.65,83.0,58.99,54.69,53.255,53.86,54.7,47.045
2021-10-05 10:25,393.33,384.97,330.26,286.785,272.71,245.61,227.12,216.44,225.75,212.96,193.825,178.34,175.86,175.57,169.615,160.47,149.925,153.56,139.705,139.86,143.755,136.95,107.58,83.38,59.02,54.805,53.345,53.86,54.775,47.075
2021-10-05 10:30,393.77,385.63,330.125,286.725,272.465,245.455,226.725,216.45,226.21,213.035,193.86,178.335,175.79,175.74,169.95,160.505,150.045,154.08,139.805,139.795,143.75,137.1,107.615,83.305,59.24,54.855,53.34,53.94,54.77,47.12
2021-10-05 10:35,393.94,383.685,329.24,286.69,272.11,245.18,226.44,215.955,225.885,212.63,193.65,177.91,175.54,175.24,169.485,160.42,150.11,153.72,139.36,139.64,143.78,136.95,107.46,83.18,59.005,54.755,53.21,53.795,54.67,47.07
2021-10-05 10:40,392.87,385.315,329.685,287.235,272.815,245.38,226.67,216.13,226.365,212.37,193.975,177.89,175.76,175.705,169.72,160.36,150.365,153.58,139.295,139.84,143.65,136.96,107.64,82.98,59.1,54.755,53.18,53.85,54.685,47.005
2021-10-05 10:45,393.4,385.55,330.05,287.67,272.81,245.76,226.79,216.175,226.3,212.33,194.05,177.975,176.01,175.895,169.72,160.68,150.395,153.54,139.465,140.135,143.68,136.94,107.63,82.635,59.11,54.79,53.28,53.87,54.73,47.0
2021-10-05 10:50,393.51,385.71,330.03,287.93,273.085,245.91,226.67,216.165,226.08,212.24,193.96,177.95,176.09,175.885,169.685,160.575,150.49,153.66,139.61,140.435,143.605,136.935,107.365,82.78,59.06,54.79,53.26,53.84,54.74,47.0
2021-10-05 10:55,393.77,386.13,330.37,287.9,272.65,245.82,226.845,216.165,225.98,212.755,194.135,177.905,175.74,175.96,169.675,160.67,150.52,153.735,139.69,140.54,143.775,137.065,107.01,82.825,59.065,54.83,53.255,53.865,54.705,46.97
2021-10-05 11:00,393.88,385.57,330.57,288.365,272.92,245.895,227.11,216.28,225.93,213.37,194.0,178.08,175.83,175.715,169.39,160.92,150.6,153.45,139.74,140.705,143.675,137.1,107.025,82.8,59.085,54.88,53.245,53.87,54.735,46.995
2021-10-05 11:05,393.595,386.69,330.75,288.415,272.875,245.79,227.16,216.49,225.87,213.36,193.82,178.125,175.955,175.81,169.74,160.965,150.71,153.53,139.83,141.0,143.795,137.25,107.04,82.675,59.18,54.98,53.255,53.95,54.715,46.99
2021-10-05 11:10,393.49,386.63,331.15,288.585,273.11,245.73,227.21,216.38,225.725,213.705,194.14,178.26,175.865,175.85,169.635,161.06,150.81,153.68,139.94,141.015,143.85,137.31,106.965,82.7,59.29,55.02,53.235,54.02,54.745,47.005
2021-10-05 11:15,393.505,387.0,331.34,288.65,272.665,245.635,227.15,216.5,225.78,213.56,194.13,178.285,175.765,175.98,169.7,161.085,150.715,153.65,140.03,141.04,143.99,137.21,107.08,82.645,59.365,54.98,53.265,53.98,54.735,46.95
2021-10-05 11:20,393.04,386.875,331.135,288.47,272.3,245.82,226.92,216.47,225.88,213.44,194.25,178.32,175.54,175.64,169.58,160.95,150.605,153.64,139.955,141.16,143.96,137.12,107.1,82.5,59.275,55.0,53.235,54.02,54.72,47.015
2021-10-05 11:25,393.44,387.09,331.85,288.27,272.3,245.905,226.82,216.38,225.625,213.38,194.22,178.31,175.26,175.31,169.505,160.775,150.5,153.58,140.045,141.06,143.94,137.33,107.01,82.33,59.125,54.95,53.235,53.915,54.68,47.03
2021-10-05 11:30,393.09,387.125,331.46,288.38,272.455,246.035,227.005,216.495,225.19,213.78,194.14,178.325,175.315,175.49,169.595,160.77,150.335,153.38,140.295,141.25,144.03,137.415,107.05,82.355,59.16,54.99,53.21,53.965,54.72,47.06
2021-10-05 11:35,392.35,386.71,331.125,288.365,272.245,245.87,226.715,216.205,225.05,213.065,193.905,178.12,175.32,175.36,169.355,160.665,150.145,153.25,140.26,141.145,143.78,137.5,106.89,82.21,59.16,54.9,53.215,53.91,54.675,46.96
2021-10-05 11:40,392.525,386.3,330.81,288.475,272.29,245.63,226.27,215.835,224.62,212.885,193.415,178.08,175.32,175.17,169.15,160.53,149.93,153.41,140.2,141.215,143.705,137.55,106.62,82.06,59.12,54.87,53.195,53.825,54.695,46.91
2021-10-05 11:45,392.85,386.635,330.415,288.405,271.875,245.61,226.22,215.74,224.23,213.315,193.205,178.09,175.025,175.155,169.145,160.605,149.775,153.14,140.28,141.065,143.85,137.41,106.52,82.04,59.005,54.88,53.33,53.88,54.695,46.9
2021-10-05 11:50,392.66,386.91,331.065,288.96,272.32,245.86,226.38,215.885,224.37,213.11,193.34,178.33,175.24,175.39,169.275,160.555,149.91,153.245,140.34,141.23,144.13,137.42,106.695,81.845,59.09,54.955,53.39,53.96,54.72,46.88
2021-10-05 11:55,392.895,386.89,331.06,289.2,272.585,246.14,226.355,216.21,224.84,213.15,193.37,178.295,175.355,175.41,169.47,160.53,149.905,153.37,140.33,141.545,144.18,137.525,106.545,81.89,59.09,54.91,53.43,54.06,54.74,46.88
2021-10-05 12:00,392.86,386.58,331.42,289.335,272.63,245.815,226.06,216.4,224.75,213.19,193.385,178.425,175.365,175.385,169.445,160.615,150.115,153.5,140.3,141.605,144.175,137.605,106.29,81.99,59.04,54.87,53.43,54.07,54.7,46.86
2021-10-05 12:05,393.255,386.78,331.79,289.61,272.52,245.78,226.44,216.485,224.615,213.32,193.34,178.46,175.3,175.555,169.58,160.84,150.315,153.57,140.31,141.81,144.29,137.67,106.27,82.165,59.03,54.945,53.45,54.085,54.685,46.88
2021-10-05 12:10,393.01,386.67,331.455,289.59,272.755,245.965,226.08,216.515,224.565,213.545,193.525,178.52,175.225,175.38,169.44,160.95,150.305,153.6,140.41,141.77,144.27,137.61,106.175,82.13,59.01,54.94,53.42,54.115,54.66,46.855
2021-10-05 12:15,392.67,385.6,331.32,289.575,272.64,245.9,226.21,216.35,224.125,213.19,192.865,178.115,175.18,175.155,169.07,160.75,150.52,153.175,140.355,141.74,143.935,137.59,105.845,81.905,58.85,54.88,53.405,54.03,54.645,46.78
2021-10-05 12:20,392.465,384.855,330.9,289.44,272.425,245.98,226.08,216.035,223.64,213.1,192.49,177.99,174.82,174.79,168.59,160.72,150.38,152.85,140.455,141.63,143.85,137.46,105.465,81.865,58.65,54.815,53.355,53.98,54.65,46.7
2021-10-05 12:25,392.5,385.34,331.01,289.56,272.415,245.89,225.99,215.845,223.9,213.205,192.51,177.91,174.835,174.93,168.8,160.77,150.35,152.93,140.46,141.78,143.96,137.44,105.74,81.89,58.62,54.82,53.36,54.04,54.67,46.725
2021-10-05 12:30,392.285,385.34,331.255,289.905,272.89,245.92,226.06,215.875,224.035,213.03,192.81,177.925,174.82,174.955,168.835,160.77,150.415,152.91,140.41,141.85,144.39,137.445,105.77,81.86,58.615,54.855,53.31,54.05,54.68,46.74
2021-10-05 12:35,391.86,385.08,331.3,289.555,272.725,245.705,225.62,215.94,223.92,213.03,192.79,177.825,174.79,174.945,168.715,160.645,150.13,152.52,140.22,141.81,144.675,137.295,105.805,81.67,58.645,54.79,53.255,54.09,54.655,46.725
2021-10-05 12:40,392.025,385.46,331.52,289.53,272.86,245.615,225.685,215.83,224.08,213.075,192.8,177.825,174.83,175.145,168.8,160.63,150.055,152.66,140.16,141.76,144.07,137.24,105.99,81.525,58.65,54.795,53.23,54.14,54.655,46.77
2021-10-05 12:45,392.285,385.64,331.64,289.845,272.945,245.54,225.91,215.98,224.165,213.025,192.96,177.865,175.0,175.315,168.95,160.65,150.125,152.77,140.095,141.915,144.29,137.21,106.05,81.63,58.69,54.845,53.23,54.135,54.63,46.765
2021-10-05 12:50,391.935,385.79,331.4,289.79,272.89,245.42,225.83,216.0,224.2,213.15,193.01,177.845,175.13,175.3,168.95,160.54,150.055,152.82,139.97,141.83,144.2,137.075,105.99,81.675,58.76,54.825,53.205,54.11,54.625,46.745
2021-10-05 12:55,392.01,386.25,331.46,289.785,272.795,245.685,225.85,216.33,224.29,213.13,193.37,178.09,175.295,175.56,169.18,160.5,150.145,152.86,139.98,141.945,144.3,137.11,106.205,81.55,58.88,54.83,53.26,54.11,54.635,46.8
2021-10-05 13:00,392.01,386.63,331.17,289.63,272.635,245.67,225.5,216.39,224.29,213.065,193.355,178.19,175.21,175.38,169.175,160.53,149.97,152.86,140.0,141.71,144.47,136.96,106.08,81.65,58.945,54.83,53.25,54.095,54.645,46.77
2021-10-05 13:05,392.5,386.89,331.065,289.86,272.635,245.83,225.46,216.4,224.23,213.31,193.48,178.3,175.305,175.415,169.23,160.62,149.94,153.2,140.07,141.76,144.54,137.045,106.17,81.68,58.97,54.875,53.255,54.15,54.655,46.78
2021-10-05 13:10,392.34,387.1,331.235,289.755,272.51,245.87,225.43,216.36,224.13,213.385,193.42,178.24,175.555,175.56,169.305,160.54,150.07,153.185,140.01,141.66,144.61,137.02,106.33,81.685,59.02,54.91,53.235,54.22,54.655,46.825
2021-10-05 13:15,392.98,386.78,331.24,289.88,272.61,245.98,225.31,216.33,224.09,213.46,193.4,178.19,175.545,175.445,169.16,160.53,149.98,153.24,140.14,141.81,144.685,137.05,106.13,81.675,59.0,54.92,53.26,54.29,54.655,46.87
2021-10-05 13:20,393.135,387.15,331.22,289.83,272.385,246.185,225.285,216.4,224.2,213.57,193.465,178.275,175.56,175.62,169.32,160.51,149.93,153.405,140.115,141.81,144.7,137.03,106.065,81.58,59.07,54.94,53.275,54.3,54.67,46.9
2021-10-05 13:25,393.2,387.16,331.55,289.79,272.29,246.21,225.395,216.41,224.17,213.545,193.355,178.205,175.52,175.65,169.3,160.455,149.95,153.485,140.1,141.78,144.67,137.05,105.92,81.55,59.06,54.9,53.255,54.28,54.645,46.9
2021-10-05 13:30,393.11,386.925,331.53,289.79,272.22,246.28,225.62,216.425,224.22,213.53,193.3,178.185,175.56,175.635,169.24,160.52,149.97,153.47,140.015,141.815,144.645,137.07,105.87,81.57,59.035,54.92,53.28,54.25,54.66,46.89
2021-10-05 13:35,393.12,386.765,331.625,290.19,272.42,246.385,225.725,216.53,224.28,213.5,193.445,178.32,175.7,175.83,169.305,160.56,150.02,153.39,140.115,141.9,144.51,137.1,105.845,81.62,59.06,54.925,53.29,54.235,54.715,46.9
2021-10-05 13:40,393.55,387.075,332.22,290.27,272.41,246.42,225.845,216.805,224.57,213.83,193.62,178.39,175.77,175.81,169.415,160.56,149.985,153.55,140.195,142.075,144.4,137.18,106.03,81.65,59.115,54.955,53.295,54.27,54.735,46.99
2021-10-05 13:45,393.46,386.85,331.945,290.255,272.255,246.22,225.59,216.66,224.385,213.775,193.47,178.365,175.625,175.655,169.385,160.53,150.0,153.605,140.08,142.02,144.43,137.14,105.99,81.76,58.995,54.95,53.29,54.195,54.735,46.965
2021-10-05 13:50,393.44,386.95,331.76,290.02,272.095,246.245,225.385,216.62,224.43,213.66,193.48,178.41,175.73,175.6,169.37,160.38,149.925,153.455,140.07,141.94,144.34,137.09,105.92,81.785,58.995,54.905,53.29,54.175,54.725,46.96
2021-10-05 13:55,393.35,386.87,331.605,290.125,272.16,246.19,225.305,216.66,224.58,213.67,193.555,178.31,175.785,175.755,169.56,160.405,150.18,153.43,140.02,141.995,144.25,137.215,106.12,81.85,58.98,54.925,53.255,54.24,54.7,46.99
2021-10-05 14:00,393.185,386.865,331.72,290.14,272.12,246.15,225.53,216.93,224.87,213.885,193.58,178.325,175.93,175.82,169.65,160.46,150.155,153.55,139.925,142.125,144.17,137.235,106.26,81.88,59.02,54.925,53.22,54.23,54.715,47.025
2021-10-05 14:05,393.8,386.39,331.36,289.795,272.26,246.275,225.465,216.745,224.585,213.8,193.5,178.245,175.91,175.65,169.525,160.45,150.15,153.43,139.95,142.075,144.145,137.295,106.19,81.88,58.98,54.87,53.185,54.17,54.705,47.03
2021-10-05 14:10,394.03,386.215,331.22,289.56,272.275,246.26,225.385,216.69,224.585,213.75,193.33,178.185,175.95,175.6,169.44,160.45,150.14,153.42,139.945,142.08,144.12,137.275,106.16,81.925,59.02,54.86,53.17,54.17,54.69,47.035
2021-10-05 14:15,393.945,386.245,331.3,289.47,272.22,246.3,225.42,216.615,224.63,213.805,193.24,178.0,175.975,175.595,169.4,160.345,150.07,153.54,139.92,142.01,144.11,137.265,106.18,81.87,59.01,54.865,53.15,54.165,54.695,47.025
2021-10-05 14:20,394.1,386.045,331.22,289.44,272.34,246.225,225.545,216.64,224.53,213.74,193.3,178.18,175.795,175.505,169.345,160.385,149.92,153.6,139.9,141.96,144.11,137.24,105.98,81.95,59.06,54.84,53.18,54.11,54.695,47.06
2021-10-05 14:25,395.08,386.36,331.585,289.685,272.53,246.485,225.615,216.865,224.735,213.71,193.585,178.48,175.85,175.7,169.47,160.46,150.1,153.93,139.95,142.05,144.175,137.295,105.985,82.03,59.24,54.9,53.225,54.165,54.735,47.09
2021-10-05 14:30,395.16,386.69,331.805,289.89,272.95,246.74,225.76,216.955,224.855,213.885,193.58,178.35,175.95,175.715,169.4,160.62,150.135,153.745,140.12,142.13,144.325,137.38,106.0,82.115,59.26,54.905,53.26,54.165,54.755,47.135
2021-10-05 14:35,395.15,386.52,331.58,289.97,272.86,246.55,225.785,216.745,224.6,213.72,193.545,178.22,175.75,175.58,169.365,160.48,150.14,153.78,140.02,142.13,144.13,137.24,106.02,82.04,59.26,54.89,53.175,54.175,54.745,47.07
2021-10-05 14:40,395.22,386.7,331.645,290.085,273.13,246.6,225.54,216.89,224.83,213.83,193.605,178.21,175.63,175.65,169.36,160.54,149.89,153.78,140.03,142.18,144.21,137.19,106.175,82.02,59.31,54.9,53.17,54.18,54.74,47.065
2021-10-05 14:45,395.36,386.985,331.695,290.02,272.975,246.635,225.585,216.93,224.91,213.655,193.555,178.285,175.755,175.71,169.365,160.42,150.075,153.83,140.025,142.13,144.155,137.255,106.28,81.945,59.34,54.9,53.205,54.205,54.745,47.075
2021-10-05 14:50,395.555,386.99,331.5,289.84,273.01,246.535,225.58,216.87,224.82,213.635,193.63,178.265,175.86,175.655,169.325,160.39,149.86,153.77,140.015,142.075,144.19,137.19,106.3,81.985,59.37,54.905,53.2,54.18,54.755,47.07
2021-10-05 14:55,395.41,386.93,331.445,289.835,272.77,246.35,225.43,216.75,224.77,213.49,193.43,178.17,175.86,175.53,169.27,160.325,149.64,153.755,139.85,142.005,144.09,137.09,106.38,82.01,59.33,54.87,53.16,54.175,54.71,47.03
2021-10-05 15:00,395.365,387.435,331.625,289.98,273.035,246.305,225.47,216.59,224.915,213.185,193.445,178.04,175.935,175.6,169.34,160.3,149.69,153.795,139.865,142.03,143.97,137.095,106.435,82.035,59.225,54.865,53.165,54.155,54.705,47.05
2021-10-05 15:05,394.935,387.78,331.515,290.04,272.985,246.23,225.39,216.62,225.02,212.82,193.495,178.055,176.025,175.715,169.47,160.18,149.85,153.68,139.805,142.05,144.06,137.025,106.53,82.0,59.26,54.84,53.15,54.155,54.695,47.115
2021-10-05 15:10,395.445,388.12,331.805,290.13,273.16,246.39,225.39,216.71,225.19,212.68,193.71,178.25,176.165,175.765,169.58,160.22,150.06,153.835,139.765,142.1,144.1,137.12,106.52,82.0,59.25,54.855,53.185,54.16,54.725,47.135
2021-10-05 15:15,395.75,388.09,331.855,289.69,272.76,246.435,225.31,216.705,225.28,212.37,193.78,178.265,176.1,175.885,169.65,160.11,150.11,153.885,139.7,141.905,143.905,137.03,106.38,81.82,59.29,54.82,53.125,54.15,54.705,47.095
2021-10-05 15:20,395.75,387.635,331.53,289.175,272.32,246.38,225.13,216.56,225.065,212.21,193.55,178.225,175.7,175.585,169.39,160.03,150.03,153.71,139.68,141.715,143.68,136.995,106.25,81.745,59.32,54.78,53.125,54.09,54.67,47.1
2021-10-05 15:25,395.74,387.215,331.275,289.37,272.385,246.34,225.12,216.55,225.115,212.075,193.47,178.305,175.575,175.505,169.34,159.96,150.05,153.775,139.7,141.64,143.58,136.975,106.235,81.65,59.295,54.795,53.12,54.095,54.66,47.11
2021-10-05 15:30,395.36,387.23,331.43,289.53,272.705,246.33,225.355,216.67,225.275,212.31,193.595,178.37,175.61,175.71,169.345,160.015,150.135,153.86,139.87,141.625,143.63,137.105,106.29,81.76,59.35,54.835,53.15,54.085,54.645,47.085
2021-10-05 15:35,394.975,387.03,331.24,289.03,272.305,246.425,225.245,216.8,225.34,212.4,193.75,178.39,175.455,175.64,169.42,159.87,149.97,153.805,139.845,141.485,143.77,136.94,106.28,81.77,59.325,54.83,53.175,54.075,54.605,47.12
2021-10-05 15:40,395.11,387.065,330.995,289.19,272.26,246.24,225.235,216.68,225.24,212.44,193.655,178.34,175.31,175.665,169.28,159.98,149.965,153.805,139.735,141.5,143.605,136.935,106.12,81.88,59.305,54.795,53.17,54.095,54.625,47.17
2021-10-05 15:45,395.22,387.22,330.7,289.52,272.22,245.96,225.035,216.51,225.07,212.195,193.43,178.205,175.17,175.33,169.08,159.89,149.86,153.62,139.73,141.58,143.58,136.87,106.045,81.72,59.18,54.77,53.14,54.1,54.59,47.16
2021-10-05 15:50,394.26,386.78,330.15,289.0,271.795,245.585,224.72,216.005,224.79,212.005,193.13,178.04,174.95,175.04,168.93,159.725,149.695,153.64,139.58,141.26,143.36,136.785,105.87,81.57,59.11,54.77,53.09,54.0,54.59,47.12
2021-10-05 15:55,393.21,385.8,329.43,288.75,271.71,245.19,224.28,215.605,224.5,211.77,192.45,177.84,174.59,174.74,168.665,159.57,149.5,153.635,139.31,141.09,143.16,136.6,105.86,81.605,59.1,54.695,53.08,53.95,54.5,47.08
2021-10-06 09:30,389.27,385.89,329.295,286.84,270.715,245.02,222.63,214.41,222.55,211.305,191.86,177.04,173.32,174.42,168.7,158.98,149.04,153.24,138.655,139.375,143.06,136.205,105.045,81.075,58.44,54.2,52.56,53.58,54.22,46.97
2021-10-06 09:35,388.6,384.06,328.17,287.58,271.64,244.45,223.27,214.06,221.39,211.2,190.63,176.55,173.025,173.25,168.17,159.26,149.04,152.8,138.86,139.865,142.545,136.57,104.905,81.13,57.92,54.19,52.67,53.63,54.2,46.79
2021-10-06 09:40,389.59,383.52,328.3,288.295,271.485,244.64,223.775,214.49,221.7,211.5,190.87,176.76,173.04,173.51,167.96,159.13,149.36,152.8,139.035,140.12,143.21,137.03,104.29,81.0,57.8,54.21,52.63,53.655,54.15,46.87
2021-10-06 09:45,389.18,382.54,327.09,287.435,270.5,244.57,223.195,214.17,220.76,211.46,190.09,176.5,172.34,173.27,167.385,159.265,148.94,152.84,139.27,139.685,142.615,136.97,104.27,81.02,57.71,54.065,52.695,53.59,54.155,46.855
2021-10-06 09:50,388.46,380.76,326.78,287.065,269.85,244.0,222.72,213.9,220.46,211.04,189.12,176.355,172.035,172.87,167.295,158.675,149.03,152.36,139.0,139.41,142.255,136.725,103.82,80.9,57.34,53.98,52.645,53.455,54.09,46.835
2021-10-06 09:55,387.65,380.92,326.31,286.95,268.97,243.42,222.54,213.91,219.77,210.46,188.73,176.21,172.01,172.5,167.215,158.515,148.385,152.18,139.09,139.145,142.0,136.59,103.95,80.83,57.22,53.51,52.625,53.31,54.11,46.74
2021-10-06 10:00,386.85,379.49,325.96,286.23,268.29,243.26,221.515,213.335,219.8,210.41,188.25,175.82,171.89,171.84,166.97,158.345,148.05,152.24,139.025,138.63,141.8,136.48,104.08,80.47,57.17,53.29,52.625,53.24,54.065,46.65
2021-10-06 10:05,387.45,380.24,326.34,286.665,269.13,243.55,221.64,213.855,219.89,210.68,188.4,176.03,172.14,171.61,167.13,158.475,148.16,152.18,139.24,139.01,141.955,136.8,104.01,80.3,57.03,53.2,52.675,53.25,54.065,46.645
2021-10-06 10:10,387.75,381.21,327.26,287.6,269.79,244.11,222.53,214.25,220.37,211.01,189.055,176.36,172.68,171.43,167.165,158.675,148.635,152.21,139.4,139.45,142.18,137.01,104.33,80.52,57.21,53.36,52.895,53.42,54.08,46.695
2021-10-06 10:15,386.16,378.99,325.75,287.095,270.09,243.33,222.095,213.78,219.75,210.665,188.665,175.565,172.41,171.07,166.55,158.24,148.33,151.29,139.22,139.365,141.61,136.775,103.86,80.28,56.93,53.215,52.83,53.35,54.055,46.44
2021-10-06 10:20,389.01,381.79,328.17,288.985,272.43,244.435,223.52,214.96,220.95,211.33,189.72,176.32,173.495,171.94,167.54,158.7,149.38,152.2,139.685,140.13,142.15,137.51,104.42,80.59,57.25,53.61,53.0,53.64,54.16,46.65
2021-10-06 10:25,390.22,381.615,327.61,288.975,272.64,244.33,223.82,214.78,220.495,211.19,189.12,176.36,173.22,171.49,167.04,158.65,148.895,152.24,139.61,140.01,142.18,137.44,104.41,80.695,56.89,53.68,53.025,53.59,54.165,46.72
2021-10-06 10:30,389.855,382.48,327.34,289.69,272.5,244.25,223.65,214.32,221.1,211.01,189.19,176.25,173.1,171.53,167.61,158.685,148.9,152.22,139.55,140.085,141.975,137.285,104.26,80.75,57.04,53.65,52.99,53.61,54.175,46.8
2021-10-06 10:35,389.89,381.765,327.42,290.345,273.05,243.93,224.16,214.21,220.94,210.86,189.03,176.3,173.025,171.32,167.385,158.75,149.08,151.955,139.61,140.35,142.14,137.3,104.09,80.65,56.94,53.715,52.98,53.57,54.225,46.745
2021-10-06 10:40,389.04,380.8,327.12,289.895,272.905,243.86,224.07,213.86,220.43,210.19,188.18,175.91,172.73,170.68,166.63,158.45,148.965,151.33,139.43,140.215,141.9,137.02,103.91,80.505,56.795,53.545,52.935,53.42,54.115,46.62
2021-10-06 10:45,389.3,379.53,327.15,290.755,274.035,244.02,224.33,213.77,220.37,210.41,187.95,175.8,173.22,170.27,166.145,158.525,148.8,151.43,139.505,140.61,141.8,137.085,103.8,80.44,56.765,53.58,52.93,53.505,54.11,46.555
2021-10-06 10:50,390.15,380.84,328.1,290.43,273.82,243.995,224.12,214.07,221.085,210.72,188.765,175.83,173.205,170.315,166.725,158.85,148.8,151.56,139.535,140.505,141.82,137.02,104.05,80.69,56.89,53.595,52.99,53.495,54.13,46.63
2021-10-06 10:55,390.16,381.88,328.02,289.84,273.405,244.005,223.95,214.18,221.39,211.19,189.01,176.07,173.205,170.57,166.89,158.97,148.92,151.83,139.61,140.29,141.905,137.13,104.17,80.79,56.77,53.615,52.99,53.45,54.145,46.735
2021-10-06 11:00,390.425,382.73,327.78,290.02,273.25,243.72,223.75,214.33,221.77,210.88,189.9,176.38,173.35,171.39,167.29,158.715,148.695,152.05,139.375,140.24,141.855,136.96,104.355,80.705,56.99,53.6,52.955,53.51,54.115,46.785
2021-10-06 11:05,390.15,382.28,327.505,290.015,272.84,243.715,223.95,214.31,221.325,210.95,189.735,176.645,173.4,171.33,167.1,158.515,148.53,151.58,139.395,140.18,141.71,136.88,104.375,80.64,56.94,53.54,52.92,53.48,54.085,46.775
2021-10-06 11:10,390.03,382.335,327.39,289.985,273.325,243.92,223.865,214.22,221.32,210.965,189.79,176.54,173.52,171.3,167.225,158.685,148.425,151.47,139.46,140.24,141.725,137.0,104.39,80.7,56.74,53.48,52.96,53.465,54.1,46.835
2021-10-06 11:15,390.79,382.11,327.34,289.39,272.8,244.0,223.6,213.98,221.205,210.94,189.505,176.46,173.425,171.27,167.205,158.64,148.035,151.68,139.58,139.915,141.69,136.89,104.28,80.6,56.59,53.38,52.95,53.38,54.085,46.86
2021-10-06 11:20,389.72,380.59,326.74,288.66,272.4,243.64,222.99,213.37,220.48,210.49,188.95,176.3,173.02,170.775,166.73,158.465,147.79,151.24,139.505,139.62,141.13,136.76,104.08,80.555,56.455,53.205,52.875,53.22,54.08,46.645
2021-10-06 11:25,390.25,380.54,326.82,288.845,272.475,243.5,223.05,213.31,220.48,210.22,189.21,176.075,173.015,170.635,166.69,158.37,147.825,151.17,139.34,139.72,141.22,136.77,104.145,80.445,56.39,53.17,52.83,53.17,54.06,46.595
2021-10-06 11:30,389.91,379.9,326.625,289.0,272.53,243.36,223.055,213.205,220.395,209.89,188.77,175.79,173.005,170.35,166.535,158.135,147.79,150.96,139.325,139.795,141.04,136.775,104.06,80.33,56.335,53.175,52.795,53.185,54.035,46.52
2021-10-06 11:35,389.3,380.93,326.98,289.205,272.505,243.325,223.375,213.44,221.2,209.96,189.3,175.78,173.42,170.55,166.95,157.97,147.965,150.74,139.265,139.93,141.24,136.75,104.34,80.33,56.51,53.22,52.795,53.24,54.04,46.565
2021-10-06 11:40,389.145,380.125,326.785,289.01,272.255,243.12,223.26,213.58,220.99,210.05,189.21,175.84,173.265,170.33,166.71,157.985,147.87,150.74,139.205,139.86,141.16,136.73,104.21,80.26,56.4,53.16,52.8,53.17,54.02,46.525
2021-10-06 11:45,389.605,381.64,326.98,288.965,272.19,243.335,223.55,213.915,221.495,210.26,189.62,176.01,173.43,170.645,167.05,158.005,147.96,151.045,139.3,139.855,141.265,136.795,104.265,80.36,56.46,53.205,52.755,53.22,54.055,46.545
2021-10-06 11:50,390.18,382.895,327.5,289.6,272.975,243.92,224.01,214.15,222.24,210.36,190.0,176.01,173.71,171.3,167.48,158.135,148.13,151.34,139.39,140.325,141.4,136.845,104.53,80.375,56.62,53.3,52.815,53.35,54.095,46.595
2021-10-06 11:55,390.095,383.465,327.76,289.815,273.155,244.06,224.245,214.71,222.6,210.61,190.115,176.215,173.78,171.75,167.645,158.265,148.175,151.43,139.445,140.36,141.46,136.86,104.67,80.445,56.77,53.34,52.83,53.44,54.095,46.62
2021-10-06 12:00,389.635,382.905,327.06,289.39,272.84,243.84,223.79,214.54,222.405,210.18,190.0,176.06,173.455,171.59,167.39,158.11,148.06,151.44,139.31,140.275,141.33,136.72,104.4,80.33,56.64,53.215,52.745,53.325,54.045,46.515
2021-10-06 12:05,388.65,382.04,326.77,288.885,272.51,243.525,223.575,214.09,222.11,209.77,189.65,175.73,173.115,171.12,166.985,157.98,147.725,151.19,139.08,140.02,141.2,136.585,104.2,80.255,56.55,53.075,52.645,53.18,54.03,46.415
2021-10-06 12:10,388.74,381.98,326.49,288.91,272.6,243.325,223.73,213.97,221.955,209.63,189.55,175.61,173.265,171.1,166.83,157.97,147.61,151.19,139.04,139.96,141.14,136.53,103.99,80.24,56.52,53.04,52.625,53.19,54.03,46.38
2021-10-06 12:15,389.555,382.25,326.625,289.21,273.085,243.515,223.99,214.1,222.175,209.6,189.615,175.7,173.33,171.14,166.855,158.065,147.61,151.08,139.11,140.04,141.175,136.55,103.92,80.235,56.6,53.05,52.665,53.265,54.05,46.41
2021-10-06 12:20,389.515,382.195,326.55,289.135,273.205,243.42,224.07,214.05,222.07,209.47,189.365,175.725,173.365,171.085,166.815,157.975,147.69,151.0,139.17,140.02,141.1,136.68,103.93,80.245,56.575,53.08,52.69,53.22,54.07,46.345
2021-10-06 12:25,388.98,381.84,327.02,288.925,272.68,243.55,224.01,214.175,221.92,209.28,189.315,175.87,173.065,171.15,166.91,158.06,147.74,151.2,139.32,139.815,141.095,136.795,103.89,80.345,56.53,53.1,52.685,53.155,54.075,46.285
2021-10-06 12:30,389.0,382.3,326.915,288.895,272.46,243.515,223.8,214.34,221.935,209.38,189.635,176.04,173.325,171.335,167.03,158.125,147.82,151.45,139.335,139.915,141.09,136.74,103.91,80.44,56.61,53.115,52.755,53.12,54.075,46.35
2021-10-06 12:35,389.545,382.725,326.965,289.1,272.565,243.54,223.855,214.35,222.16,209.54,189.52,176.115,173.465,171.25,167.095,158.13,147.8,151.61,139.315,139.84,141.09,136.72,103.89,80.41,56.615,53.145,52.76,53.12,54.08,46.385
2021-10-06 12:40,389.935,383.455,327.435,289.55,273.035,243.695,224.115,214.685,222.635,209.55,190.04,176.31,173.76,171.475,167.37,158.15,148.0,151.835,139.38,140.02,141.335,136.795,104.15,80.37,56.74,53.23,52.79,53.22,54.1,46.435
2021-10-06 12:45,389.73,383.455,327.275,289.25,272.98,243.64,223.885,214.29,222.415,209.55,190.01,176.19,173.58,171.465,167.245,158.05,147.935,151.88,139.34,139.85,141.175,136.72,104.08,80.38,56.665,53.13,52.77,53.18,54.075,46.36
2021-10-06 12:50,389.835,384.12,327.365,289.1,272.65,243.64,223.865,214.335,222.575,209.575,190.19,176.26,173.675,171.59,167.45,158.015,147.985,152.11,139.32,139.91,141.225,136.69,104.28,80.38,56.745,53.165,52.77,53.21,54.07,46.445
2021-10-06 12:55,389.6,384.245,327.31,289.145,272.77,243.615,223.845,214.42,222.405,209.555,190.19,176.32,173.73,171.65,167.59,158.0,147.85,152.17,139.26,139.825,141.215,136.66,104.36,80.34,56.76,53.155,52.74,53.26,54.055,46.445
2021-10-06 13:00,389.19,383.89,327.27,289.05,272.405,243.395,223.72,214.32,222.295,209.25,190.29,176.33,173.525,171.58,167.365,158.02,147.75,151.93,139.31,139.745,141.06,136.675,104.25,80.33,56.845,53.125,52.72,53.225,54.065,46.42
2021-10-06 13:05,389.11,383.395,326.92,289.2,271.9,243.235,223.575,214.05,221.805,209.12,190.26,176.2,173.42,170.99,167.235,157.98,147.72,151.85,139.255,139.74,141.01,136.51,104.19,80.32,56.74,53.05,52.73,53.24,54.035,46.375
2021-10-06 13:10,389.685,384.38,327.01,289.39,272.36,243.4,223.87,214.285,221.93,209.31,190.61,176.36,173.695,171.355,167.49,158.08,147.7,151.855,139.39,139.81,141.08,136.665,104.33,80.37,56.65,53.135,52.725,53.29,54.055,46.395
2021-10-06 13:15,390.01,384.525,327.37,289.65,272.085,243.64,223.78,214.57,221.935,209.37,190.995,176.48,173.78,171.57,167.645,158.03,147.71,152.0,139.36,139.835,141.17,136.55,104.365,80.34,56.64,53.105,52.75,53.31,54.06,46.475
2021-10-06 13:20,390.365,384.9,327.775,290.1,272.29,243.83,224.0,214.69,221.855,209.44,191.04,176.615,173.83,171.48,167.43,158.19,147.855,152.295,139.445,140.05,141.25,136.57,104.3,80.43,56.655,53.115,52.79,53.385,54.08,46.525
2021-10-06 13:25,390.73,385.365,328.135,290.565,272.86,244.215,224.35,215.05,222.06,209.61,191.13,176.735,174.12,171.61,167.48,158.26,148.12,152.295,139.6,140.4,141.37,136.78,104.52,80.495,56.77,53.205,52.845,53.45,54.105,46.615
2021-10-06 13:30,391.21,386.505,328.64,291.28,273.595,244.455,224.785,215.455,222.835,210.15,191.36,177.005,174.42,172.085,167.795,158.585,148.3,152.74,139.835,140.7,141.56,137.12,104.77,80.61,56.89,53.325,52.96,53.58,54.19,46.69
2021-10-06 13:35,391.02,386.87,329.25,291.54,274.01,244.84,225.05,215.79,223.455,210.17,191.51,177.335,174.66,172.41,167.955,158.77,148.52,153.17,139.985,140.84,141.675,137.37,104.9,80.65,57.05,53.415,53.0,53.625,54.22,46.76
2021-10-06 13:40,391.515,387.24,329.345,291.535,273.855,244.935,225.055,215.49,223.24,210.26,191.365,177.17,174.58,172.24,168.055,158.73,148.43,152.88,139.88,140.785,141.605,137.305,104.845,80.6,57.075,53.4,52.965,53.55,54.22,46.735
2021-10-06 13:45,391.86,387.34,329.315,291.74,274.11,245.15,225.055,215.485,223.355,210.18,191.495,177.14,174.61,172.45,168.125,158.805,148.535,152.88,139.94,140.82,141.695,137.325,104.85,80.605,57.125,53.37,53.01,53.55,54.235,46.705
2021-10-06 13:50,391.185,386.14,328.65,291.075,273.265,244.755,224.645,215.09,222.87,209.85,191.09,176.89,174.295,172.05,167.74,158.62,148.18,152.94,139.83,140.49,141.455,137.145,104.66,80.47,56.93,53.315,52.955,53.465,54.155,46.66
2021-10-06 13:55,392.03,387.175,329.065,291.7,273.73,245.005,225.12,215.18,223.325,209.79,191.32,176.97,174.63,172.02,168.005,158.685,148.335,153.11,139.945,140.91,141.705,137.22,104.87,80.42,57.04,53.41,52.98,53.575,54.19,46.7
2021-10-06 14:00,393.03,387.38,329.115,292.155,274.24,245.035,225.27,215.19,223.47,209.99,191.15,176.96,174.875,172.405,168.18,158.805,148.395,153.125,140.025,141.055,141.87,137.27,105.01,80.535,57.13,53.495,52.985,53.645,54.19,46.665
2021-10-06 14:05,392.85,388.08,329.075,292.355,274.335,245.18,225.75,215.39,223.79,210.125,191.36,177.035,175.075,172.76,168.41,158.87,148.485,153.04,140.13,141.13,142.02,137.27,105.21,80.51,57.17,53.54,53.025,53.69,54.205,46.64
2021-10-06 14:10,393.39,388.41,329.88,292.765,274.365,245.68,226.1,215.85,224.11,210.4,191.75,177.49,175.315,172.99,168.695,159.145,148.855,153.81,140.36,141.26,142.22,137.45,105.0,80.61,57.31,53.665,53.105,53.78,54.305,46.715
2021-10-06 14:15,393.815,389.245,330.31,292.67,274.72,245.82,226.155,216.0,224.365,210.19,191.85,177.67,175.39,173.36,168.87,159.185,148.87,154.22,140.49,141.3,142.24,137.58,105.045,80.645,57.335,53.755,53.175,53.81,54.365,46.805
2021-10-06 14:20,393.62,388.19,329.965,292.335,274.37,245.68,225.835,215.84,224.11,210.17,191.59,177.63,175.29,173.225,168.56,159.095,148.62,153.945,140.4,141.18,142.14,137.42,104.93,80.565,57.33,53.725,53.145,53.8,54.34,46.73
2021-10-06 14:25,393.335,388.6,330.12,292.46,275.1,245.87,226.065,215.87,224.125,210.19,191.55,177.56,175.415,173.245,168.61,159.05,148.955,154.1,140.46,141.425,142.175,137.47,105.075,80.55,57.31,53.81,53.185,53.87,54.335,46.735
2021-10-06 14:30,393.23,388.4,330.2,292.26,274.965,245.85,226.15,215.865,224.155,210.16,191.55,177.59,175.365,173.265,168.435,159.135,148.795,154.245,140.42,141.335,142.215,137.41,104.83,80.61,57.32,53.815,53.215,53.855,54.33,46.695
2021-10-06 14:35,393.285,388.41,330.13,292.43,274.94,245.9,226.085,215.96,224.36,210.17,191.7,177.555,175.465,173.305,168.61,159.06,148.85,154.13,140.455,141.395,142.3,137.39,104.95,80.595,57.26,53.78,53.29,53.86,54.36,46.69
2021-10-06 14:40,393.24,388.53,330.425,292.625,275.14,246.07,226.38,216.315,224.54,210.22,191.93,177.885,175.565,173.58,168.61,159.21,148.945,154.43,140.52,141.6,142.4,137.525,104.905,80.63,57.285,53.8,53.31,53.91,54.38,46.715
2021-10-06 14:45,393.085,388.17,330.11,292.255,274.81,246.04,226.14,216.08,224.29,210.22,191.77,177.83,175.43,173.35,168.58,159.22,148.85,154.275,140.47,141.48,142.35,137.48,104.945,80.58,57.2,53.81,53.32,53.89,54.42,46.76
2021-10-06 14:50,393.005,387.79,330.03,292.2,274.755,245.97,226.11,215.955,223.995,209.9,191.65,177.74,175.31,173.3,168.445,159.155,148.88,154.11,140.46,141.39,142.365,137.48,104.98,80.6,57.125,53.825,53.34,53.915,54.41,46.695
2021-10-06 14:55,392.8,387.36,329.715,291.905,274.47,245.78,225.775,215.74,223.85,209.825,191.34,177.65,175.065,172.99,168.215,159.065,148.71,154.01,140.38,141.155,142.17,137.375,104.86,80.54,57.015,53.73,53.325,53.79,54.385,46.645
2021-10-06 15:00,393.08,387.405,329.59,291.77,274.37,245.675,225.67,215.91,223.93,209.57,191.245,177.705,175.1,173.275,168.23,159.07,148.55,154.02,140.3,141.13,142.175,137.31,104.91,80.55,57.04,53.74,53.32,53.79,54.35,46.61
2021-10-06 15:05,393.035,387.85,329.795,291.925,274.555,245.69,225.7,216.035,224.135,209.35,191.35,177.805,175.095,173.3,168.6,159.055,148.62,153.88,140.35,141.165,142.225,137.34,105.025,80.38,56.99,53.735,53.35,53.79,54.35,46.635
2021-10-06 15:10,393.045,388.25,329.84,291.99,274.55,245.77,225.855,216.095,224.26,209.305,191.21,177.805,175.105,173.38,168.66,159.145,148.635,154.13,140.43,141.3,142.23,137.44,104.97,80.34,57.0,53.75,53.395,53.795,54.375,46.61
2021-10-06 15:15,393.26,388.205,330.22,292.22,274.51,246.0,225.93,216.315,224.34,209.24,191.33,177.96,175.205,173.43,168.74,159.12,148.675,154.27,140.54,141.255,142.35,137.55,104.97,80.355,56.99,53.805,53.42,53.785,54.43,46.62
2021-10-06 15:20,393.17,387.94,330.31,292.0,274.48,246.185,225.955,216.37,224.62,209.265,191.38,178.02,175.28,173.51,168.78,159.205,148.7,154.09,140.52,141.34,142.195,137.52,104.955,80.3,57.0,53.75,53.44,53.745,54.435,46.66
2021-10-06 15:25,393.535,388.41,330.38,292.15,274.665,246.27,226.105,216.455,224.595,209.345,191.41,178.06,175.34,173.605,168.915,159.31,148.78,154.48,140.605,141.47,142.08,137.525,104.94,80.37,57.045,53.82,53.51,53.8,54.45,46.725
2021-10-06 15:30,393.55,387.4,330.205,291.975,274.495,246.12,225.92,216.39,224.535,209.305,191.075,178.04,175.13,173.415,168.78,159.34,148.735,154.43,140.95,141.4,141.835,137.5,104.81,80.275,56.96,53.755,53.54,53.7,54.48,46.76
2021-10-06 15:35,393.52,387.37,329.77,291.65,274.32,245.99,225.92,216.325,224.49,209.32,191.1,177.965,175.085,173.25,168.735,159.26,148.65,154.27,140.845,141.21,141.89,137.37,104.8,80.29,56.97,53.715,53.6,53.71,54.505,46.765
2021-10-06 15:40,393.73,387.545,330.185,292.095,274.715,246.215,226.15,216.43,224.7,209.9,191.42,178.075,175.225,173.175,168.74,159.44,148.625,154.565,141.02,141.29,142.01,137.48,104.85,80.395,57.005,53.775,53.615,53.805,54.55,46.785
2021-10-06 15:45,394.165,387.705,330.15,292.365,274.89,246.54,226.16,216.72,224.77,209.94,191.44,178.315,175.38,173.275,168.79,159.62,148.615,154.82,141.06,141.42,141.96,137.58,104.855,80.41,57.025,53.835,53.635,53.88,54.545,46.79
2021-10-06 15:50,394.13,387.74,330.275,293.08,275.045,246.76,226.31,216.58,224.91,210.07,191.63,178.34,175.46,173.395,168.755,159.6,148.87,154.77,141.17,141.73,142.265,137.66,104.825,80.49,57.07,53.95,53.695,53.975,54.55,46.885
2021-10-06 15:55,394.25,388.025,330.31,293.35,275.33,247.06,226.52,216.875,224.94,209.9,191.88,178.45,175.44,173.4,169.0,159.88,148.82,155.08,141.17,141.98,142.37,137.6,104.91,80.67,57.16,53.94,53.73,54.0,54.53,46.915
2021-10-07 09:30,400.05,392.54,335.855,296.065,277.43,249.81,230.69,219.44,226.95,210.115,194.41,180.61,178.025,175.51,170.505,161.38,151.19,156.635,142.52,143.58,143.065,139.605,105.485,81.27,58.03,54.7,54.145,54.385,54.305,47.35
2021-10-07 09:35,400.02,394.17,336.8,295.05,275.08,249.15,230.115,219.73,227.155,211.67,194.45,180.67,177.84,175.87,170.9,161.25,151.38,156.855,142.295,143.13,143.24,139.63,105.94,81.59,58.585,54.845,54.17,54.415,54.315,47.485
2021-10-07 09:40,400.45,394.59,335.78,294.94,276.08,248.49,230.22,218.81,226.87,211.445,194.005,179.97,177.74,175.05,170.73,161.665,151.21,156.67,142.32,143.52,142.51,139.58,105.925,81.78,58.54,54.735,54.08,54.395,54.13,47.315
2021-10-07 09:45,401.0,394.2,336.71,294.18,275.55,248.655,229.57,218.62,226.74,210.905,194.2,179.81,178.005,175.7,170.86,161.8,151.335,156.765,142.18,143.21,142.345,139.785,105.895,81.88,58.64,54.745,54.025,54.41,54.13,47.4
2021-10-07 09:50,401.88,394.41,337.03,294.55,275.99,248.925,230.31,218.8,227.565,211.42,194.44,179.995,178.42,175.59,170.86,161.75,151.95,156.89,142.52,143.49,142.325,139.76,105.565,82.1,58.765,54.85,54.095,54.44,54.145,47.44
2021-10-07 09:55,403.11,394.47,337.61,295.38,276.75,249.355,230.13,219.04,227.71,211.68,194.535,180.29,178.88,175.93,170.85,162.14,152.05,157.1,142.835,143.85,142.58,140.15,105.74,82.44,59.04,55.01,54.155,54.46,54.175,47.57
2021-10-07 10:00,403.245,395.82,337.39,295.835,277.15,249.465,230.725,219.29,227.93,212.17,194.655,180.49,178.665,176.16,171.15,162.31,152.125,157.04,142.845,144.02,142.405,140.065,105.895,82.56,59.1,55.13,54.27,54.59,54.195,47.795
2021-10-07 10:05,403.96,394.86,337.265,295.5,277.12,249.51,230.56,219.47,227.84,212.36,194.73,180.555,178.605,175.56,170.73,162.415,152.325,157.31,142.92,143.99,142.095,140.18,105.24,82.49,58.885,55.2,54.225,54.515,54.175,47.74
2021-10-07 10:10,404.55,395.29,337.93,295.845,277.635,249.61,230.65,219.36,228.455,211.87,194.99,180.36,178.63,175.85,170.81,162.43,152.67,157.84,142.865,144.05,141.61,140.33,105.37,82.365,58.96,55.14,54.205,54.495,54.165,47.765
2021-10-07 10:15,404.275,396.19,337.84,295.89,278.5,249.68,230.17,219.36,228.36,211.5,195.275,180.405,178.85,176.29,171.25,162.24,152.72,158.03,142.95,144.015,141.635,140.41,105.545,82.29,59.145,55.1,54.185,54.545,54.165,47.85
2021-10-07 10:20,404.09,396.09,337.485,295.72,277.82,249.605,230.31,219.445,228.49,211.475,195.545,180.29,179.05,176.015,171.12,162.26,152.755,157.55,142.88,144.01,141.74,140.54,105.69,81.97,59.175,55.105,54.165,54.54,54.135,47.8
2021-10-07 10:25,403.92,396.71,337.225,295.91,278.285,249.4,230.45,219.445,228.805,211.46,196.065,180.25,179.05,176.085,171.13,162.385,152.7,157.15,142.9,143.96,141.95,140.44,105.94,82.105,59.425,55.15,54.155,54.605,54.16,47.825
2021-10-07 10:30,404.145,397.5,337.64,296.35,279.37,249.21,230.56,219.18,228.785,211.025,195.92,179.945,178.79,176.45,171.405,162.47,152.735,157.1,142.705,144.1,141.7,140.615,105.63,81.96,59.25,55.16,54.17,54.605,54.175,47.83
2021-10-07 10:35,403.455,396.17,337.25,296.11,278.485,248.96,229.83,219.155,228.19,211.09,195.665,179.685,178.34,176.08,170.93,162.14,152.64,156.98,142.65,143.99,141.67,140.46,105.54,81.965,59.09,55.07,54.11,54.5,54.14,47.825
2021-10-07 10:40,403.555,397.2,337.565,296.23,278.26,248.985,230.04,219.21,228.3,210.76,195.675,179.64,178.71,176.38,171.1,162.17,152.74,157.085,142.635,143.98,141.72,140.55,105.67,81.94,59.045,55.2,54.115,54.55,54.145,47.86
2021-10-07 10:45,404.03,397.71,337.64,296.28,278.34,248.95,230.24,219.285,228.68,210.75,195.78,179.62,178.695,176.75,171.455,162.335,152.83,157.13,142.54,143.94,141.975,140.58,105.82,81.865,59.25,55.205,54.095,54.655,54.175,47.92
2021-10-07 10:50,404.36,397.425,337.64,296.27,277.99,248.94,230.4,219.305,228.345,210.73,195.815,179.76,178.855,176.44,171.35,162.385,153.06,157.53,142.62,143.935,142.29,140.62,105.74,81.925,59.255,55.24,54.125,54.67,54.205,47.935
2021-10-07 10:55,404.31,397.44,337.6,296.355,278.2,248.96,230.395,219.275,228.54,210.43,195.85,179.81,178.85,176.35,171.22,162.31,152.775,157.48,142.65,144.005,142.3,140.535,105.7,81.95,59.2,55.24,54.195,54.65,54.185,47.9
2021-10-07 11:00,404.56,396.49,337.3,296.565,278.915,249.03,229.79,219.09,228.72,210.3,195.81,179.7,178.895,176.08,171.02,162.315,152.71,157.51,142.7,144.025,142.335,140.58,105.69,81.945,58.95,55.385,54.155,54.625,54.145,47.945
2021-10-07 11:05,404.45,397.015,337.1,296.1,278.235,248.84,229.62,219.04,228.775,210.32,195.94,179.58,178.985,176.2,171.045,162.27,152.46,157.91,142.56,143.67,142.15,140.43,105.9,81.9,59.01,55.295,54.13,54.6,54.105,47.95
2021-10-07 11:10,404.085,396.995,336.88,296.27,278.39,248.69,229.28,219.045,228.475,210.205,196.28,179.58,178.98,176.025,170.93,162.075,152.51,157.9,142.48,143.74,142.28,140.3,105.77,81.78,59.1,55.21,54.14,54.64,54.07,47.995
2021-10-07 11:15,404.235,396.84,336.835,295.79,277.92,248.37,229.46,218.805,228.31,209.97,195.905,179.35,178.91,175.765,170.82,162.04,152.385,157.66,142.42,143.59,142.11,140.21,105.825,81.76,59.04,55.17,53.995,54.635,54.065,48.025
2021-10-07 11:20,404.29,397.09,337.095,295.665,278.04,248.5,229.61,219.03,228.29,210.01,196.24,179.33,179.16,176.01,170.96,161.96,152.37,157.83,142.4,143.66,142.245,140.18,106.065,81.74,59.115,55.25,54.035,54.735,54.11,48.025
2021-10-07 11:25,404.56,397.49,337.095,295.545,277.74,248.635,229.5,218.92,227.87,210.26,195.72,179.25,179.325,176.185,170.95,161.95,152.435,157.9,142.435,143.82,142.225,140.25,106.13,81.82,59.02,55.23,54.035,54.745,54.15,48.065
2021-10-07 11:30,404.26,397.445,337.48,295.875,277.92,248.75,229.96,218.81,228.085,210.59,195.25,179.305,179.24,176.16,170.94,162.05,152.25,157.68,142.455,143.9,142.36,140.27,106.115,81.79,58.9,55.295,54.085,54.775,54.165,48.07
2021-10-07 11:35,404.94,397.18,337.72,295.955,277.745,248.84,230.04,218.85,227.605,210.84,195.39,179.31,179.395,175.875,170.845,162.28,152.14,157.45,142.57,143.845,142.45,140.28,105.975,81.96,58.895,55.28,54.105,54.825,54.17,48.165
2021-10-07 11:40,405.3,397.61,337.94,296.01,277.695,249.095,230.015,219.01,227.62,210.86,195.45,179.39,179.49,175.98,171.0,162.27,152.24,157.66,142.545,143.93,142.46,140.15,106.01,81.91,58.845,55.3,54.1,54.875,54.175,48.21
2021-10-07 11:45,405.56,397.48,337.99,296.16,277.72,249.24,230.355,218.93,227.44,210.855,195.17,179.305,179.46,175.895,170.93,162.21,152.28,157.59,142.55,143.925,142.57,139.965,105.89,81.85,58.715,55.26,54.105,54.855,54.145,48.125
2021-10-07 11:50,405.25,397.435,338.05,296.22,277.8,249.375,230.46,219.03,227.33,210.9,195.3,179.335,179.35,175.57,170.96,162.23,152.23,157.585,142.535,143.98,142.74,139.845,105.805,81.88,58.72,55.245,54.105,54.885,54.17,48.13
2021-10-07 11:55,405.69,397.115,338.185,296.35,278.08,249.665,230.515,219.23,227.25,211.07,195.345,179.43,179.24,175.57,170.88,162.24,152.29,157.465,142.54,144.115,142.71,139.95,105.935,81.885,58.81,55.265,54.12,54.945,54.13,48.145
2021-10-07 12:00,406.35,397.09,338.22,296.24,277.73,249.7,230.72,219.35,227.37,211.255,195.23,179.6,179.29,175.45,170.76,162.35,152.15,157.655,142.655,143.98,142.775,140.0,106.08,81.93,58.815,55.3,54.155,54.93,54.14,48.15
2021-10-07 12:05,406.525,396.32,338.115,296.125,277.61,249.67,230.86,219.205,227.02,211.0,194.99,179.6,179.0,174.99,170.57,162.31,152.165,157.525,142.6,143.96,142.675,139.85,106.08,81.815,58.77,55.24,54.155,54.895,54.105,48.115
2021-10-07 12:10,406.865,396.52,337.88,295.96,277.215,249.43,230.835,219.25,226.915,210.8,194.98,179.465,179.0,175.32,170.58,162.23,152.06,157.5,142.515,143.7,142.49,139.755,106.025,81.74,58.795,55.175,54.125,54.815,54.095,48.105
2021-10-07 12:15,406.625,397.155,338.125,295.945,277.29,249.29,230.93,219.375,227.29,210.61,195.31,179.455,179.07,175.6,170.785,162.21,152.205,157.675,142.58,143.765,142.57,139.855,106.06,81.725,58.865,55.21,54.17,54.745,54.105,48.14
2021-10-07 12:20,407.35,397.14,338.17,295.94,277.345,249.36,230.745,219.315,227.21,210.56,195.185,179.27,179.25,175.62,170.76,162.27,152.55,157.75,142.59,143.8,142.565,139.83,106.145,81.72,58.84,55.215,54.16,54.63,54.115,48.17
2021-10-07 12:25,407.62,396.8,338.085,295.855,277.26,249.385,230.58,219.19,226.945,210.4,195.03,179.25,179.045,175.425,170.6,162.28,152.515,157.53,142.665,143.84,142.545,139.84,106.16,81.61,58.835,55.22,54.175,54.565,54.11,48.165
2021-10-07 12:30,407.6,396.955,338.13,296.01,277.235,249.495,230.57,219.08,226.83,210.435,195.07,179.09,179.03,175.355,170.735,162.25,152.6,157.61,142.705,143.87,142.6,139.92,106.18,81.615,58.875,55.255,54.175,54.65,54.12,48.17
2021-10-07 12:35,407.805,396.47,338.39,296.26,277.205,249.455,230.51,219.17,227.02,210.28,195.26,179.15,178.9,175.495,170.735,162.28,152.505,157.53,142.71,143.95,142.68,139.92,106.135,81.605,58.925,55.27,54.19,54.665,54.105,48.19
2021-10-07 12:40,407.69,396.045,338.23,296.155,276.92,249.43,230.515,219.175,227.015,210.085,195.335,178.98,178.835,175.25,170.6,162.11,152.54,157.435,142.58,143.805,142.56,139.82,106.24,81.56,58.91,55.215,54.095,54.58,54.06,48.13
2021-10-07 12:45,407.54,395.55,338.26,296.205,277.27,249.48,230.53,219.155,226.775,210.02,195.295,178.98,178.58,175.095,170.425,162.04,152.32,157.31,142.57,143.755,142.55,139.7,106.205,81.525,58.875,55.17,54.07,54.585,54.045,48.115
2021-10-07 12:50,407.555,395.1,338.22,296.27,277.605,249.48,230.655,219.315,226.935,209.96,195.36,178.83,178.59,175.01,170.42,162.05,152.37,157.46,142.62,143.845,142.55,139.82,106.095,81.515,58.845,55.185,54.085,54.595,54.035,48.12
2021-10-07 12:55,407.71,395.215,338.32,296.51,277.62,249.65,230.58,219.45,226.965,209.985,195.555,179.07,178.665,175.05,170.51,162.125,152.375,157.35,142.665,144.04,142.585,139.9,106.095,81.49,58.965,55.225,54.1,54.625,54.04,48.18
2021-10-07 13:00,407.8,394.965,338.195,296.32,277.85,249.58,230.545,219.49,226.98,209.955,195.705,179.145,178.55,175.035,170.615,162.11,152.32,157.32,142.65,144.0,142.57,139.8,106.12,81.64,59.025,55.22,54.115,54.595,54.055,48.115
2021-10-07 13:05,407.34,394.83,338.1,296.07,277.8,249.46,230.445,219.48,226.86,209.985,195.715,179.165,178.37,174.89,170.65,162.07,153.41,157.4,142.65,143.98,142.46,139.79,106.11,81.6,58.985,55.14,54.08,54.555,54.03,48.13
2021-10-07 13:10,406.995,394.46,338.275,296.13,277.925,249.48,230.59,219.44,226.86,210.585,195.61,179.03,178.7,174.88,170.54,162.08,152.705,157.625,142.675,144.045,142.37,139.65,105.995,81.6,58.95,55.18,54.085,54.59,54.045,48.1
2021-10-07 13:15,407.45,394.38,338.57,296.02,277.815,249.57,230.61,219.505,226.925,210.66,195.86,179.06,178.78,174.82,170.585,162.11,152.54,157.72,142.745,144.08,142.33,139.75,106.03,81.62,59.025,55.17,54.09,54.57,54.035,48.15
2021-10-07 13:20,407.11,394.61,338.64,296.16,277.295,249.64,230.6,219.41,226.94,210.66,195.845,178.965,178.885,174.73,170.545,162.08,152.515,157.65,142.8,144.16,142.405,139.77,106.045,81.68,59.015,55.18,54.1,54.62,54.05,48.18
2021-10-07 13:25,407.305,394.67,338.705,296.17,277.44,249.75,230.74,219.665,227.22,210.74,195.86,179.06,179.025,175.04,170.68,162.15,152.465,157.89,142.86,144.065,142.46,139.84,106.18,81.75,59.02,55.2,54.12,54.655,54.095,48.2
2021-10-07 13:30,407.3,394.365,338.69,296.03,276.95,249.64,230.63,219.47,227.14,210.8,195.57,178.89,178.96,174.805,170.515,162.16,152.45,157.86,142.89,144.07,142.415,139.845,106.21,81.8,58.99,55.23,54.13,54.62,54.11,48.255
2021-10-07 13:35,407.29,393.83,338.715,295.895,276.59,249.53,230.705,219.19,226.825,210.795,195.62,178.73,178.97,174.74,170.4,162.07,152.52,157.905,142.87,144.06,142.35,139.79,106.135,81.815,58.975,55.22,54.12,54.58,54.085,48.22
2021-10-07 13:40,406.865,393.865,338.785,295.905,276.645,249.66,230.82,219.22,227.065,210.44,195.86,178.8,179.0,174.84,170.39,161.98,152.39,157.98,142.855,144.12,142.395,139.77,106.11,81.83,59.05,55.23,54.115,54.635,54.075,48.2
2021-10-07 13:45,406.89,393.96,338.65,295.62,276.27,249.485,230.615,219.085,227.025,210.4,195.91,178.66,178.895,174.575,170.4,161.95,152.42,158.03,142.795,143.97,142.305,139.66,106.065,81.76,59.05,55.175,54.1,54.6,54.055,48.19
2021-10-07 13:50,406.87,394.0,338.79,295.68,276.195,249.39,230.8,219.045,226.83,210.15,195.835,178.68,178.73,174.765,170.5,161.85,152.37,158.11,142.785,143.945,142.33,139.56,106.02,81.73,58.92,55.2,54.095,54.595,54.055,48.185
2021-10-07 13:55,406.94,393.625,339.135,295.53,276.0,249.35,230.87,219.02,226.46,210.12,195.87,178.65,178.67,174.64,170.33,161.81,152.225,157.995,142.69,143.95,142.27,139.52,105.92,81.83,58.855,55.16,54.075,54.61,54.055,48.14
2021-10-07 14:00,406.115,392.715,338.65,295.1,275.56,248.97,230.465,218.825,226.23,209.64,195.56,178.54,178.355,174.31,170.04,161.65,152.145,157.7,142.6,143.755,142.15,139.405,105.88,81.77,58.795,55.095,54.04,54.53,54.045,48.14
2021-10-07 14:05,406.45,393.06,338.8,295.12,275.72,248.965,230.585,218.83,226.36,209.85,195.9,178.765,178.44,174.665,170.12,161.73,152.155,157.45,142.635,143.745,142.1,139.43,105.92,81.81,58.73,55.11,54.04,54.535,54.055,48.155
2021-10-07 14:10,406.3,392.9,338.98,295.32,275.885,249.07,230.53,218.92,226.465,209.87,195.99,178.665,178.58,174.84,170.27,161.78,152.245,157.32,142.7,143.785,142.185,139.47,106.035,81.855,58.74,55.135,54.045,54.58,54.075,48.135
2021-10-07 14:15,406.25,392.96,338.975,295.365,276.03,249.115,230.57,218.85,226.55,209.815,195.99,178.575,178.53,174.665,170.4,161.795,152.15,157.2,142.68,143.79,142.185,139.37,105.99,81.875,58.705,55.125,54.035,54.555,54.065,48.08
2021-10-07 14:20,405.9,392.75,338.85,295.15,275.88,249.12,230.61,218.835,226.56,209.765,195.955,178.37,178.31,174.55,170.23,161.77,152.07,157.1,142.67,143.77,142.085,139.3,105.975,81.86,58.675,55.11,54.035,54.455,54.03,48.045
2021-10-07 14:25,405.835,392.67,338.93,295.135,275.715,249.26,230.52,218.995,226.665,209.95,196.195,178.365,178.24,174.39,170.205,161.62,152.08,157.375,142.72,143.735,142.11,139.4,105.995,81.89,58.685,55.12,54.055,54.455,54.035,48.04
2021-10-07 14:30,405.4,392.57,338.755,295.13,275.77,249.26,230.55,218.805,226.665,209.87,196.38,178.2,178.165,174.47,170.16,161.6,152.105,157.285,142.735,143.725,142.1,139.3,105.995,81.94,58.68,55.13,54.065,54.43,54.045,48.045
2021-10-07 14:35,405.3,392.065,338.57,295.1,275.73,249.23,230.64,218.91,226.775,209.61,196.335,178.18,178.28,174.24,169.96,161.5,151.99,157.21,142.675,143.69,141.93,139.2,105.955,81.83,58.645,55.085,54.03,54.375,54.025,48.0
2021-10-07 14:40,405.27,391.825,338.29,294.67,275.275,249.05,230.27,218.795,226.445,209.535,196.085,178.1,178.055,174.12,169.92,161.41,151.92,157.32,142.56,143.56,141.88,139.14,105.915,81.83,58.685,55.075,54.01,54.365,54.015,47.96
2021-10-07 14:45,405.52,391.545,338.23,294.965,275.09,249.11,230.46,218.86,226.495,209.5,196.05,178.24,178.085,174.06,169.885,161.435,151.93,157.31,142.49,143.64,142.005,139.115,105.86,81.87,58.745,55.09,54.005,54.345,54.02,47.97
2021-10-07 14:50,404.835,391.265,337.79,294.97,275.22,248.92,230.39,218.61,226.485,209.35,196.035,178.275,178.005,174.04,169.77,161.37,151.92,157.36,142.495,143.48,141.99,139.015,105.805,81.715,58.68,55.08,53.98,54.26,54.015,47.945
2021-10-07 14:55,404.775,390.96,337.525,294.97,275.5,248.91,230.36,218.525,226.385,209.28,195.84,178.225,177.96,173.93,169.675,161.395,151.87,157.22,142.48,143.545,141.835,139.01,105.78,81.81,58.645,55.05,53.94,54.26,54.005,47.91
2021-10-07 15:00,404.61,390.87,337.855,295.18,275.675,249.025,230.53,218.6,226.355,209.345,195.655,178.25,177.97,174.115,169.87,161.35,151.925,157.15,142.45,143.59,141.94,139.13,105.865,81.82,58.635,55.03,53.925,54.28,53.955,47.92
2021-10-07 15:05,405.615,391.34,338.3,295.58,275.8,249.24,230.605,219.08,226.54,209.52,195.92,178.77,178.15,174.26,170.09,161.495,152.06,157.49,142.6,143.585,142.03,139.32,106.025,81.835,58.795,55.14,53.98,54.385,53.995,47.97
2021-10-07 15:10,405.605,391.31,338.14,295.785,275.93,249.28,230.59,219.17,226.615,209.48,196.025,178.6,178.22,174.29,170.22,161.52,152.12,157.58,142.635,143.74,142.01,139.35,106.12,81.845,58.825,55.18,53.995,54.37,54.015,47.98
2021-10-07 15:15,405.97,391.225,338.28,295.82,276.085,249.38,230.74,219.2,226.87,209.53,195.98,178.6,178.32,174.37,170.25,161.565,152.12,157.87,142.66,143.795,142.1,139.49,106.175,81.945,58.785,55.2,54.005,54.375,54.025,48.04
2021-10-07 15:20,405.74,391.645,338.225,295.765,276.05,249.385,230.6,219.03,226.61,209.44,196.12,178.52,178.155,174.24,170.24,161.47,152.02,157.81,142.59,143.69,142.065,139.385,106.135,81.88,58.765,55.195,53.98,54.36,54.005,48.0
2021-10-07 15:25,405.35,391.05,338.29,295.7,275.83,249.24,230.57,218.875,226.455,209.54,195.755,178.45,178.08,174.13,170.19,161.46,152.15,157.73,142.58,143.8,142.035,139.415,106.035,81.89,58.705,55.185,53.955,54.34,53.965,47.975
2021-10-07 15:30,405.715,390.705,338.4,295.63,275.655,249.1,230.52,218.77,226.585,209.385,195.815,178.315,178.025,174.07,170.12,161.415,152.21,157.59,142.55,143.695,142.04,139.29,106.04,81.91,58.675,55.2,53.93,54.32,53.955,47.99
2021-10-07 15:35,405.06,390.53,337.94,295.43,275.345,249.02,230.42,218.485,226.56,209.225,195.985,178.11,177.965,174.0,169.99,161.365,152.045,157.28,142.535,143.61,142.015,139.205,105.89,81.795,58.62,55.08,53.89,54.35,53.93,47.915
2021-10-07 15:40,404.7,390.3,337.67,295.0,274.905,248.585,230.37,218.43,226.53,209.03,195.525,177.96,177.99,173.99,169.975,161.32,151.98,157.345,142.515,143.43,141.98,139.16,105.775,81.72,58.515,55.04,53.855,54.26,53.91,47.855
2021-10-07 15:45,405.725,390.94,337.9,295.4,274.905,248.74,230.68,218.78,226.7,209.35,195.81,178.11,177.93,174.34,170.37,161.52,152.2,157.61,142.585,143.405,142.07,139.26,105.89,81.855,58.59,55.05,53.89,54.265,53.915,47.86
2021-10-07 15:50,405.14,391.005,337.58,295.23,274.8,248.81,230.465,218.74,226.645,209.245,195.71,178.105,178.05,174.265,170.23,161.44,152.17,157.565,142.495,143.33,141.945,139.275,105.68,81.885,58.635,55.095,53.88,54.27,53.88,47.885
2021-10-07 15:55,404.8,390.68,337.425,294.94,274.625,248.295,230.58,218.27,226.525,209.12,195.74,177.865,177.7,174.24,170.08,161.31,151.79,157.225,142.32,143.29,141.82,139.23,105.65,81.94,58.49,55.01,53.88,54.17,53.92,47.85
2021-10-08 09:30,406.185,390.27,333.63,295.085,275.38,248.25,231.14,218.55,225.8,208.95,195.345,177.51,177.14,174.28,169.7,161.0,151.08,156.69,142.32,143.38,141.26,139.28,107.02,81.49,58.65,54.98,53.915,54.175,53.83,47.81
2021-10-08 09:35,405.0,389.65,333.745,295.33,273.18,248.44,232.38,218.56,226.185,209.0,196.11,178.0,176.77,174.62,169.76,160.84,150.81,156.97,142.22,143.24,141.95,139.24,106.88,81.26,58.835,54.94,54.005,54.12,53.91,47.84
2021-10-08 09:40,404.145,389.78,333.36,295.895,275.32,248.36,232.405,218.11,226.715,208.77,195.86,177.555,177.35,175.32,170.05,160.65,151.47,157.22,142.05,143.37,141.91,139.29,107.02,81.24,58.795,55.04,54.02,54.095,53.835,47.74
2021-10-08 09:45,403.445,390.0,331.5,295.925,276.72,248.42,232.39,217.6,226.86,208.7,195.43,177.51,177.26,175.07,170.15,160.715,151.7,157.12,141.95,143.425,142.52,139.235,107.08,81.325,58.82,54.97,54.055,54.15,53.755,47.45
2021-10-08 09:50,403.715,389.53,331.92,295.495,275.87,248.41,231.775,217.61,226.535,208.89,195.28,177.45,176.89,174.65,169.955,160.695,151.64,157.39,142.03,143.265,142.54,139.25,107.04,81.275,58.755,54.97,54.065,54.16,53.78,47.39
2021-10-08 09:55,404.105,391.31,332.45,295.13,274.805,248.63,231.44,217.78,227.72,208.57,195.62,177.51,176.89,175.53,170.69,160.625,151.17,157.75,141.72,143.2,142.775,139.185,107.075,81.27,58.935,54.94,54.025,54.09,53.83,47.45
2021-10-08 10:00,404.98,392.76,333.52,295.85,275.45,249.29,231.705,218.13,228.46,208.9,196.18,177.735,177.435,176.155,171.17,160.69,151.33,157.79,141.87,143.52,142.86,139.34,107.36,81.335,59.005,55.125,54.12,54.26,53.845,47.705
2021-10-08 10:05,404.495,393.66,333.48,295.545,275.36,249.23,231.395,217.86,228.47,208.51,195.96,177.435,177.315,176.48,171.135,160.67,151.68,157.72,141.69,143.51,142.9,139.3,107.32,81.275,59.055,55.045,54.08,54.16,53.855,47.64
2021-10-08 10:10,403.87,393.38,332.77,295.35,275.38,249.22,231.415,217.55,228.335,208.23,196.4,177.29,177.595,176.8,171.05,160.475,151.91,157.895,141.43,143.55,143.07,139.185,107.55,81.285,59.18,55.04,53.995,54.205,53.835,47.55
2021-10-08 10:15,403.84,392.57,333.12,296.005,275.825,249.1,231.2,217.5,228.035,208.25,195.925,177.27,177.36,176.59,170.6,160.455,151.65,157.46,141.5,143.835,142.73,139.185,107.495,81.29,59.125,55.015,54.005,54.105,53.8,47.46
2021-10-08 10:20,403.74,392.31,332.38,296.2,275.925,249.23,231.28,217.24,227.695,208.1,195.645,177.13,177.395,176.47,170.495,160.455,151.8,157.18,141.49,143.765,142.58,139.215,107.785,81.28,59.12,55.015,54.03,54.095,53.795,47.38
2021-10-08 10:25,402.995,392.36,332.38,296.295,275.485,248.68,231.25,216.97,227.93,207.9,195.73,176.76,177.495,176.15,170.475,160.29,151.81,156.96,141.525,143.73,142.27,139.19,107.83,81.29,59.125,54.99,53.97,54.135,53.765,47.28
2021-10-08 10:30,403.245,392.19,333.03,296.04,275.06,248.7,231.505,216.99,228.19,208.03,195.905,176.91,177.48,176.54,170.64,160.36,151.79,156.97,141.585,143.485,142.35,139.23,108.06,81.265,59.185,55.0,54.0,54.12,53.78,47.4
2021-10-08 10:35,403.03,392.33,333.48,295.71,274.9,248.935,232.03,217.25,228.21,208.475,195.71,177.06,177.53,176.58,170.77,160.405,151.565,156.97,141.44,143.49,142.45,139.205,108.1,81.295,59.15,55.0,54.015,54.09,53.77,47.52
2021-10-08 10:40,403.17,391.83,333.48,295.07,274.145,248.665,231.69,217.595,227.11,208.645,195.785,177.46,177.1,176.18,170.85,160.57,151.67,157.38,141.535,143.23,142.56,139.25,108.09,81.495,59.155,54.92,54.08,53.975,53.795,47.57
2021-10-08 10:45,403.91,391.9,334.035,295.23,274.49,249.03,231.615,217.96,227.425,208.69,196.04,177.47,177.15,176.59,170.74,160.54,151.855,157.55,141.285,143.275,142.82,139.145,108.15,81.56,59.175,55.045,54.065,54.065,53.78,47.69
2021-10-08 10:50,403.8,392.94,334.0,295.785,275.0,249.12,232.09,217.89,227.91,208.72,196.18,177.465,177.355,176.955,170.72,160.45,152.005,157.545,141.11,143.46,142.665,139.135,108.27,81.49,59.165,55.065,54.005,54.14,53.765,47.725
2021-10-08 10:55,403.51,393.17,333.66,295.475,274.91,248.92,231.965,217.67,227.65,208.845,195.9,177.16,177.17,176.64,170.74,160.505,151.755,157.21,141.285,143.275,142.515,139.05,108.135,81.35,59.145,55.015,54.02,54.04,53.765,47.68
2021-10-08 11:00,402.845,393.07,333.645,295.18,274.62,248.69,231.47,217.5,227.54,208.97,195.82,176.99,177.08,176.54,170.72,160.495,151.695,156.95,141.31,143.265,142.66,139.05,108.19,81.245,59.18,55.005,53.995,54.025,53.73,47.66
2021-10-08 11:05,403.59,393.715,334.13,295.55,274.725,249.13,231.77,217.63,227.465,209.06,195.925,177.14,177.615,176.695,170.99,160.725,151.94,157.25,141.47,143.37,143.02,139.195,108.35,81.175,59.19,55.045,54.08,54.04,53.745,47.665
2021-10-08 11:10,403.85,394.23,334.265,295.955,274.87,249.16,231.935,217.76,227.385,209.12,196.37,177.2,177.6,176.78,171.155,160.89,152.01,157.13,141.5,143.42,143.2,139.325,108.34,81.2,59.255,55.055,54.095,54.07,53.72,47.655
2021-10-08 11:15,404.36,393.36,334.36,296.115,274.765,249.28,231.955,217.78,227.18,209.245,196.255,177.425,177.52,176.54,170.95,161.035,151.96,157.48,141.67,143.44,143.27,139.39,108.14,81.29,59.225,55.055,54.14,54.04,53.73,47.68
2021-10-08 11:20,404.33,393.19,333.91,295.54,274.51,249.06,231.84,217.59,226.985,209.06,196.025,177.335,177.33,176.445,170.88,161.0,151.91,157.53,141.6,143.25,143.165,139.245,108.175,81.195,59.07,54.995,54.15,53.96,53.74,47.65
2021-10-08 11:25,404.43,393.405,333.935,295.47,274.39,248.98,231.605,217.82,227.06,209.03,196.14,177.375,177.34,176.37,170.975,160.905,151.855,157.57,141.6,143.305,143.345,139.12,108.25,81.13,59.085,54.99,54.105,53.935,53.74,47.685
2021-10-08 11:30,404.57,393.38,333.62,295.195,274.03,248.835,231.56,217.63,226.935,209.05,195.97,177.32,177.385,176.21,170.77,160.815,151.63,157.58,141.46,143.19,143.025,139.06,108.16,81.065,59.0,54.945,54.045,53.915,53.67,47.585
2021-10-08 11:35,404.57,393.05,333.5,295.225,274.205,248.59,231.5,217.715,227.025,208.91,195.915,177.34,177.385,176.34,170.84,160.77,151.54,157.57,141.455,143.16,143.06,139.105,108.21,81.06,58.97,54.905,53.995,53.925,53.715,47.585
2021-10-08 11:40,404.33,392.51,333.585,294.87,273.735,248.73,231.45,217.66,227.175,208.91,195.95,177.44,177.245,176.245,170.745,160.86,151.41,157.55,141.5,143.04,143.09,139.095,108.18,81.06,58.97,54.865,53.995,53.86,53.67,47.59
2021-10-08 11:45,404.58,392.955,333.58,294.82,273.83,248.53,231.36,217.545,227.07,209.1,195.825,177.37,177.245,176.39,170.8,160.895,151.665,157.59,141.485,143.065,143.1,139.18,108.15,81.11,58.9,54.875,53.99,53.835,53.685,47.555
2021-10-08 11:50,405.31,393.33,333.61,294.695,273.675,248.66,231.42,217.72,227.015,209.16,196.005,177.265,177.34,176.405,170.85,160.95,151.72,157.71,141.46,143.03,142.99,139.21,108.225,81.02,58.9,54.895,54.02,53.84,53.675,47.58
2021-10-08 11:55,405.095,392.85,333.265,294.8,273.665,248.53,231.355,217.655,226.575,209.08,195.99,177.26,177.2,176.06,170.66,161.03,151.715,157.58,141.5,143.01,142.965,139.24,108.095,80.94,58.82,54.93,54.01,53.855,53.645,47.55
2021-10-08 12:00,405.4,392.69,333.5,295.045,273.93,248.545,231.355,217.76,226.72,209.055,196.22,177.375,177.23,176.09,170.7,161.12,151.825,157.62,141.48,143.12,143.15,139.26,108.03,80.95,58.77,54.995,54.015,53.86,53.62,47.515
2021-10-08 12:05,405.58,392.49,333.36,295.09,274.02,248.57,231.455,217.76,226.87,208.98,196.205,177.4,177.36,175.97,170.57,161.07,151.895,158.02,141.445,143.145,143.15,139.21,108.04,80.965,58.72,54.965,54.045,53.885,53.625,47.475
2021-10-08 12:10,405.55,392.33,333.825,295.035,274.04,248.81,231.535,217.72,226.62,208.91,196.205,177.32,177.385,175.855,170.5,161.08,152.02,158.02,141.4,143.04,143.085,139.35,108.055,80.94,58.67,54.96,54.11,53.885,53.625,47.505
2021-10-08 12:15,405.525,392.03,333.67,294.83,273.63,248.48,231.35,217.665,226.31,209.1,196.05,177.32,177.22,175.68,170.42,161.07,152.09,157.925,141.33,143.03,142.96,139.3,107.94,81.1,58.66,54.945,54.105,53.835,53.58,47.465
2021-10-08 12:20,405.215,391.955,333.535,294.735,273.695,248.4,231.27,217.66,226.365,209.09,195.9,177.34,177.275,175.77,170.465,161.04,151.93,157.93,141.34,142.985,142.85,139.31,107.84,81.055,58.51,54.915,54.125,53.845,53.58,47.4
2021-10-08 12:25,404.935,391.74,333.345,294.67,273.42,247.98,230.97,217.58,226.255,208.965,195.815,177.2,177.125,175.515,170.3,160.895,151.855,157.97,141.3,142.86,142.69,139.27,107.74,81.18,58.445,54.88,54.12,53.835,53.555,47.385
2021-10-08 12:30,405.12,391.45,333.595,294.835,273.595,248.15,231.165,217.815,226.46,208.99,195.9,177.3,177.23,175.6,170.315,160.875,152.085,157.785,141.395,142.96,142.79,139.45,107.675,81.125,58.525,54.91,54.15,53.87,53.57,47.395
2021-10-08 12:35,405.625,391.71,333.595,295.14,273.66,248.17,231.38,217.925,227.115,209.15,195.98,177.395,177.475,175.76,170.395,160.925,152.37,157.955,141.48,143.12,142.97,139.57,107.77,81.135,58.55,54.935,54.195,53.905,53.59,47.43
2021-10-08 12:40,405.965,391.91,333.75,295.27,273.88,248.19,231.42,218.075,227.125,209.1,195.995,177.49,177.585,175.72,170.375,160.955,152.43,157.93,141.44,143.12,143.055,139.555,107.785,81.155,58.61,54.95,54.215,53.905,53.6,47.45
2021-10-08 12:45,405.71,391.845,333.78,295.2,273.82,248.325,231.24,217.925,227.015,209.1,195.71,177.43,177.55,175.635,170.285,160.94,152.325,157.88,141.47,143.12,142.935,139.57,107.785,81.15,58.55,54.915,54.22,53.85,53.575,47.45
2021-10-08 12:50,405.64,392.545,333.67,295.19,273.865,248.275,231.22,218.005,227.365,209.12,195.685,177.46,177.66,175.815,170.39,160.945,152.475,158.22,141.425,143.115,142.95,139.48,107.91,81.21,58.57,54.96,54.195,53.85,53.575,47.435
2021-10-08 12:55,405.655,392.13,333.625,294.82,273.585,248.255,231.16,217.91,227.2,209.02,195.36,177.43,177.54,175.74,170.27,160.935,152.37,158.095,141.41,142.98,142.79,139.47,107.88,81.2,58.54,54.97,54.205,53.83,53.575,47.43
2021-10-08 13:00,406.22,392.25,333.675,294.64,273.635,247.915,231.015,217.8,227.215,209.03,195.37,177.465,177.48,175.79,170.25,160.915,152.37,158.16,141.42,142.88,142.695,139.485,107.96,81.22,58.51,54.99,54.185,53.835,53.575,47.385
2021-10-08 13:05,405.98,391.9,333.49,294.585,273.31,247.6,230.775,217.705,226.885,208.99,195.21,177.395,177.425,175.575,170.15,160.87,152.26,158.11,141.385,142.885,142.59,139.435,107.94,81.23,58.46,54.985,54.185,53.835,53.54,47.385
2021-10-08 13:10,406.3,391.85,333.7,294.76,273.49,247.82,230.92,217.815,226.89,209.035,195.32,177.415,177.5,175.58,170.2,160.99,152.25,158.195,141.5,142.915,142.68,139.585,108.0,81.31,58.5,55.03,54.215,53.845,53.555,47.405
2021-10-08 13:15,405.68,390.81,333.23,293.78,272.985,247.37,230.37,217.42,226.33,208.84,194.975,177.2,177.04,175.1,169.835,160.715,152.21,157.89,141.35,142.665,142.55,139.475,107.79,81.12,58.44,54.915,54.12,53.79,53.505,47.335
2021-10-08 13:20,405.77,390.385,333.23,293.9,272.93,247.2,230.385,217.41,226.445,208.97,194.96,177.12,176.99,175.15,169.835,160.78,152.05,158.18,141.425,142.67,142.575,139.48,107.875,81.21,58.48,54.945,54.145,53.78,53.515,47.345
2021-10-08 13:25,406.355,390.465,333.4,294.1,272.895,247.26,230.575,217.585,226.46,208.98,194.995,177.26,177.12,175.325,169.875,160.9,152.16,157.43,141.615,142.68,142.66,139.59,107.725,81.24,58.55,54.97,54.185,53.8,53.525,47.395
2021-10-08 13:30,406.645,390.7,333.61,294.24,273.055,247.555,230.63,217.83,226.53,209.05,195.16,177.35,177.16,175.425,170.055,160.99,152.21,157.42,141.65,142.77,142.765,139.63,107.765,81.26,58.705,55.02,54.205,53.84,53.53,47.405
2021-10-08 13:35,406.42,390.575,333.43,293.95,272.8,247.32,230.32,217.83,226.57,208.975,194.96,177.34,176.86,175.27,169.9,160.93,151.99,157.42,141.595,142.67,142.605,139.545,107.765,81.155,58.63,54.995,54.175,53.78,53.51,47.375
2021-10-08 13:40,406.31,390.605,333.445,294.065,273.145,247.155,230.36,217.7,226.41,208.94,194.94,177.28,176.82,175.285,169.935,160.84,152.03,157.34,141.52,142.68,142.53,139.565,107.77,81.115,58.65,54.965,54.115,53.73,53.465,47.345
2021-10-08 13:45,406.66,390.465,333.815,294.38,273.335,247.34,230.48,217.89,226.435,209.04,194.95,177.315,176.86,175.445,170.01,160.91,152.045,157.505,141.59,142.82,142.69,139.69,107.785,81.16,58.68,55.03,54.135,53.79,53.465,47.38
2021-10-08 13:50,406.615,390.79,333.895,294.44,273.21,247.24,230.37,217.94,226.42,209.295,194.94,177.35,176.85,175.525,170.05,160.905,151.86,157.585,141.63,142.76,142.75,139.66,107.825,81.15,58.68,55.035,54.155,53.795,53.485,47.38
2021-10-08 13:55,406.91,391.005,334.0,294.785,273.4,247.48,230.57,218.11,226.79,209.455,195.01,177.43,176.95,175.695,170.08,161.045,151.885,157.63,141.695,142.865,142.875,139.76,107.975,81.18,58.77,55.09,54.2,53.82,53.475,47.38
2021-10-08 14:00,407.115,391.34,334.595,294.845,273.63,247.77,230.65,218.31,226.875,209.495,195.435,177.57,177.04,175.875,170.21,161.115,151.92,157.76,141.775,142.955,142.975,139.855,108.03,81.19,58.84,55.13,54.255,53.875,53.495,47.405
2021-10-08 14:05,407.33,391.71,334.665,294.86,273.77,247.98,230.585,218.385,226.83,209.73,195.41,177.47,177.035,175.975,170.22,161.3,151.945,157.785,141.91,142.93,143.065,139.85,108.005,81.25,58.91,55.15,54.285,53.925,53.515,47.415
2021-10-08 14:10,407.42,391.62,334.8,294.84,273.7,247.89,230.54,218.38,226.79,209.8,195.4,177.53,176.955,176.025,170.12,161.28,151.935,157.565,141.875,142.925,143.015,139.81,108.03,81.21,58.91,55.155,54.285,53.92,53.51,47.41
2021-10-08 14:15,407.68,391.795,334.855,295.12,273.84,248.09,230.81,218.505,226.81,209.96,195.49,177.53,176.96,176.195,170.195,161.3,152.06,157.62,141.855,143.04,143.195,139.88,108.075,81.12,58.88,55.2,54.32,53.95,53.505,47.45
2021-10-08 14:20,408.21,391.735,334.98,295.19,273.875,248.13,231.025,218.48,227.005,209.99,195.525,177.53,177.065,176.165,170.25,161.32,152.4,157.64,141.92,143.135,143.22,139.93,108.05,81.145,58.85,55.22,54.335,53.96,53.485,47.47
2021-10-08 14:25,408.16,392.115,335.085,295.48,274.075,248.265,231.17,218.68,227.18,209.995,195.65,177.63,177.275,176.38,170.43,161.375,152.53,157.77,141.995,143.28,143.41,140.05,108.115,81.13,58.85,55.28,54.375,54.015,53.465,47.52
2021-10-08 14:30,408.49,392.065,335.09,295.36,273.98,248.18,231.18,218.525,227.005,209.97,195.87,177.56,177.35,176.325,170.37,161.47,152.505,157.775,141.99,143.35,143.33,140.04,108.09,81.105,58.81,55.275,54.365,53.975,53.47,47.53
2021-10-08 14:35,408.4,391.89,334.84,295.4,273.825,248.19,230.955,218.385,226.86,209.995,195.54,177.42,177.14,176.1,170.29,161.375,152.535,157.61,141.97,143.31,143.39,139.98,108.05,81.095,58.74,55.25,54.355,53.98,53.465,47.485
2021-10-08 14:40,408.22,391.7,334.7,295.26,273.64,248.32,230.76,218.29,226.885,209.72,195.44,177.42,176.99,176.1,170.3,161.31,152.55,157.47,141.97,143.18,143.36,139.91,108.075,81.06,58.78,55.23,54.365,53.975,53.455,47.485
2021-10-08 14:45,408.325,391.87,334.73,295.375,273.38,248.32,230.65,218.33,226.825,209.69,195.455,177.48,176.86,176.1,170.36,161.32,152.615,157.45,141.945,143.2,143.465,139.94,108.105,81.02,58.825,55.255,54.355,53.98,53.435,47.45
2021-10-08 14:50,408.31,391.735,334.5,295.2,273.2,248.39,230.65,218.355,226.99,209.72,195.42,177.48,176.82,175.98,170.29,161.335,152.605,157.355,141.92,143.07,143.51,139.875,108.08,80.97,58.78,55.205,54.345,53.97,53.435,47.385
2021-10-08 14:55,408.365,392.05,334.555,295.29,273.37,248.525,230.695,218.32,227.1,209.77,195.495,177.395,176.765,176.06,170.325,161.365,152.55,157.18,141.895,143.075,143.345,139.86,108.15,80.945,58.75,55.23,54.335,53.97,53.41,47.41
2021-10-08 15:00,408.66,392.19,334.72,295.415,273.53,248.545,230.81,218.38,227.08,209.74,195.55,177.385,176.88,176.125,170.4,161.285,152.765,157.24,141.955,143.11,143.32,139.945,108.24,80.935,58.76,55.21,54.325,53.955,53.425,47.405
2021-10-08 15:05,408.635,392.235,335.04,295.43,273.645,248.6,230.87,218.44,227.085,209.68,195.58,177.38,177.06,176.165,170.51,161.385,152.79,157.24,142.02,143.255,143.425,140.03,108.32,80.98,58.76,55.2,54.345,53.98,53.435,47.4
2021-10-08 15:10,408.83,392.67,335.13,295.405,273.63,248.605,230.93,218.465,227.105,209.68,195.715,177.39,177.055,176.165,170.55,161.48,152.74,157.33,142.03,143.26,143.46,140.04,108.405,81.005,58.745,55.2,54.365,53.975,53.42,47.43
2021-10-08 15:15,408.64,392.755,335.26,295.19,273.49,248.455,230.87,218.5,227.2,209.49,195.81,177.33,177.055,176.1,170.65,161.385,152.705,157.24,142.02,143.165,143.515,139.995,108.375,80.935,58.78,55.15,54.345,53.98,53.405,47.415
2021-10-08 15:20,408.51,392.715,335.24,295.14,273.31,248.415,230.74,218.375,227.085,209.39,195.93,177.295,176.97,175.93,170.56,161.415,152.595,157.335,141.98,143.21,143.49,139.945,108.325,80.89,58.87,55.155,54.335,53.99,53.405,47.44
2021-10-08 15:25,408.6,393.11,335.21,295.18,273.265,248.52,230.77,218.415,227.145,209.3,195.93,177.405,176.895,175.91,170.7,161.37,152.62,157.37,141.985,143.3,143.6,140.03,108.415,80.87,58.93,55.16,54.365,54.015,53.415,47.435
2021-10-08 15:30,408.76,393.115,335.005,295.01,273.07,248.38,230.77,218.15,226.93,209.235,196.03,177.255,176.96,175.78,170.595,161.34,152.715,157.36,141.975,143.175,143.54,139.935,108.28,80.855,58.93,55.11,54.305,53.93,53.37,47.4
2021-10-08 15:35,408.45,392.35,335.005,294.755,272.975,248.14,230.635,218.08,226.61,208.96,195.875,177.07,176.81,175.57,170.435,161.21,152.5,157.23,141.815,143.03,143.31,139.815,108.26,80.815,58.83,55.08,54.225,53.86,53.33,47.325
2021-10-08 15:40,408.58,392.65,335.045,294.635,272.52,248.055,230.61,217.98,226.67,208.96,195.81,176.98,176.67,175.53,170.42,160.965,152.45,157.235,141.675,142.995,143.485,139.73,108.065,80.695,58.825,55.065,54.215,53.855,53.295,47.24
2021-10-08 15:45,408.425,392.82,334.575,294.44,272.48,247.82,230.445,217.82,226.495,209.02,195.76,176.88,176.595,175.4,170.3,161.045,152.395,157.235,141.65,142.94,143.46,139.73,108.18,80.685,58.845,55.06,54.175,53.825,53.315,47.275
2021-10-08 15:50,408.58,392.685,334.32,294.72,272.45,247.62,230.46,217.615,226.55,208.975,195.43,176.94,176.735,175.315,170.19,161.04,152.43,157.335,141.57,142.945,143.425,139.73,108.185,80.655,58.775,55.075,54.15,53.84,53.28,47.35
2021-10-08 15:55,408.37,392.865,334.465,294.85,272.47,247.63,230.26,217.7,226.53,208.9,195.11,176.9,176.71,175.17,170.2,160.92,152.49,157.325,141.76,142.995,143.25,139.695,108.05,80.6,58.69,55.065,54.13,53.81,53.24,47.37
2021-10-11 09:30,408.72,391.28,337.14,294.13,273.12,248.09,229.08,216.47,225.75,208.95,195.61,177.82,174.9,175.45,169.91,161.18,153.215,157.76,142.69,142.825,143.13,140.505,108.195,81.23,59.17,55.01,54.195,53.77,53.135,47.56
2021-10-11 09:35,407.76,392.02,336.845,294.19,273.36,247.905,229.305,216.58,226.79,208.24,195.86,177.22,175.07,175.66,169.915,161.03,153.085,157.09,142.08,143.04,142.72,140.425,108.415,81.175,59.17,54.91,54.21,53.77,53.015,47.57
2021-10-11 09:40,408.88,393.1,336.83,294.92,274.09,247.96,229.42,217.0,226.86,209.2,195.33,177.18,175.315,176.12,170.12,161.13,153.205,157.45,141.95,143.49,142.61,140.44,108.495,80.85,59.295,55.075,54.27,53.91,52.93,47.7
2021-10-11 09:45,408.98,393.0,337.58,296.08,274.92,247.955,229.41,216.68,226.75,208.86,195.84,177.13,175.59,176.0,170.335,161.245,152.645,157.67,141.905,143.95,142.73,140.435,108.235,80.76,59.37,55.15,54.23,54.03,52.895,47.765
2021-10-11 09:50,409.46,395.31,337.67,296.29,275.09,248.64,229.225,217.15,227.305,209.09,196.84,177.54,175.9,175.695,170.74,161.41,152.475,158.18,142.13,143.89,142.995,140.74,108.47,80.555,59.46,55.195,54.33,54.18,52.995,47.825
2021-10-11 09:55,410.09,396.33,338.14,296.215,275.39,248.64,229.66,217.34,227.35,209.335,196.7,177.66,175.885,175.26,170.925,161.81,152.13,158.365,142.09,143.93,143.14,140.47,108.36,80.75,59.46,55.195,54.32,54.285,52.995,47.89
2021-10-11 10:00,410.075,396.33,338.36,296.22,276.11,249.06,229.725,217.71,227.6,209.49,196.93,178.23,175.66,174.94,170.555,161.73,151.9,158.06,141.98,144.1,143.245,140.26,108.405,80.79,59.65,55.275,54.33,54.325,52.945,48.035
2021-10-11 10:05,409.345,396.27,338.6,296.29,275.7,248.66,229.315,217.64,228.08,209.5,197.09,178.4,175.74,174.97,170.25,161.62,152.32,158.02,141.845,144.09,143.48,140.165,108.23,80.665,59.685,55.165,54.23,54.345,52.925,47.9
2021-10-11 10:10,410.17,395.74,338.51,296.53,275.74,248.67,229.195,217.69,228.06,209.51,196.21,178.0,176.07,174.97,170.17,161.64,152.795,158.05,142.22,144.39,143.27,140.355,108.24,80.85,59.57,55.24,54.325,54.35,52.97,47.95
2021-10-11 10:15,410.92,395.825,338.39,297.15,275.76,248.67,229.28,218.03,228.645,209.48,196.54,177.955,175.94,175.98,170.36,161.685,152.405,158.14,142.275,144.59,143.59,140.445,108.335,80.795,59.595,55.29,54.35,54.37,52.97,47.985
2021-10-11 10:20,410.765,396.3,338.56,297.15,275.54,248.745,229.69,218.15,228.715,209.71,196.65,178.05,176.12,176.02,170.31,161.63,152.39,158.23,142.35,144.71,143.65,140.505,108.47,80.875,59.635,55.3,54.335,54.295,52.875,47.99
2021-10-11 10:25,411.005,396.6,338.16,297.295,275.21,248.68,229.36,218.12,228.375,209.61,196.49,178.0,176.31,176.195,170.225,161.56,152.13,158.35,142.345,144.7,143.675,140.445,108.52,80.81,59.615,55.295,54.315,54.25,52.925,48.02
2021-10-11 10:30,410.89,395.84,338.28,297.13,275.36,248.68,229.0,217.9,228.465,209.44,196.35,177.955,176.46,175.85,170.23,161.535,152.08,158.39,142.325,144.52,143.695,140.39,108.53,80.86,59.42,55.315,54.33,54.2,52.94,48.06
2021-10-11 10:35,411.0,395.26,338.26,297.35,275.76,248.525,229.05,217.97,228.855,209.305,196.375,177.765,176.335,175.79,170.13,161.385,152.03,158.44,142.36,144.46,143.81,140.42,108.88,80.91,59.49,55.335,54.305,54.16,52.9,48.02
2021-10-11 10:40,410.715,395.53,338.39,296.79,275.22,248.29,228.995,217.8,228.695,209.32,195.84,177.68,176.22,176.05,170.125,161.19,151.62,158.45,142.32,144.28,143.75,140.215,108.83,80.89,59.42,55.22,54.285,54.075,52.895,48.025
2021-10-11 10:45,410.525,395.78,338.57,296.735,275.025,248.59,228.885,217.81,228.41,209.07,196.07,177.78,176.315,176.34,170.095,161.09,151.59,158.58,142.395,144.275,143.875,140.04,108.725,80.81,59.375,55.225,54.32,54.04,52.89,47.965
2021-10-11 10:50,411.1,395.68,338.93,297.02,274.995,248.75,229.01,217.97,228.475,209.17,195.99,177.76,176.395,176.62,170.21,161.18,151.79,158.635,142.435,144.385,144.015,139.91,108.84,80.835,59.38,55.28,54.345,54.07,52.895,47.99
2021-10-11 10:55,410.635,394.89,338.57,297.115,274.72,248.61,228.875,217.72,228.105,208.965,195.565,177.595,176.275,176.24,169.645,161.145,151.555,158.35,142.46,144.445,143.82,139.88,108.58,80.825,59.32,55.26,54.36,54.02,52.91,47.99
2021-10-11 11:00,410.205,394.86,338.93,297.64,275.425,248.5,228.89,217.655,227.905,208.95,195.32,177.53,176.405,176.11,169.76,161.185,151.56,158.345,142.48,144.57,143.71,139.905,108.42,80.87,59.17,55.26,54.34,54.11,52.845,47.895
2021-10-11 11:05,410.565,394.64,339.095,297.77,275.66,248.37,228.8,217.71,228.35,208.75,195.55,177.45,176.395,176.36,169.8,161.075,151.705,158.32,142.405,144.63,143.835,139.85,108.38,80.715,59.24,55.29,54.325,54.1,52.81,47.96
2021-10-11 11:10,409.945,394.44,339.11,297.65,276.1,248.26,228.835,217.45,228.44,208.55,195.545,177.33,176.355,176.245,169.72,160.96,151.73,158.33,142.245,144.57,143.81,139.85,108.33,80.64,59.235,55.29,54.27,54.15,52.76,47.935
2021-10-11 11:15,409.645,394.195,339.37,297.255,275.72,248.18,228.3,217.43,228.05,208.36,195.425,177.56,176.225,176.18,169.375,160.865,151.6,158.27,142.135,144.42,143.7,139.98,108.16,80.615,59.22,55.25,54.24,54.11,52.705,47.94
2021-10-11 11:20,410.01,394.94,340.255,297.33,275.92,248.345,228.56,217.7,228.44,208.455,195.59,177.57,176.09,176.32,169.605,160.9,151.73,158.51,142.09,144.46,143.72,139.98,108.245,80.58,59.28,55.27,54.245,54.135,52.675,47.94
2021-10-11 11:25,409.845,394.805,340.02,297.035,275.74,248.11,228.505,217.5,228.645,208.59,195.86,177.485,175.86,176.355,169.805,160.93,151.77,158.27,141.98,144.445,143.705,139.905,108.55,80.625,59.34,55.27,54.215,54.2,52.635,48.0
2021-10-11 11:30,410.22,394.965,340.17,297.2,275.375,248.38,228.535,217.495,228.77,208.71,195.79,177.36,176.0,176.29,169.745,161.015,151.77,158.42,142.21,144.55,143.87,140.05,108.31,80.6,59.295,55.325,54.225,54.215,52.675,48.075
2021-10-11 11:35,410.69,395.26,340.565,297.2,275.59,248.845,228.79,217.825,229.42,208.77,196.33,177.49,176.25,176.5,170.175,161.12,151.88,158.615,142.345,144.52,144.035,140.145,108.39,80.61,59.35,55.37,54.27,54.225,52.725,48.195
2021-10-11 11:40,410.735,395.53,340.455,297.13,275.675,248.975,228.96,218.02,230.79,208.725,196.515,177.6,176.33,176.61,170.22,161.07,151.92,158.68,142.38,144.565,144.0,140.105,108.42,80.51,59.32,55.345,54.275,54.2,52.7,48.19
2021-10-11 11:45,410.78,395.235,340.255,296.91,275.555,248.805,228.845,217.83,230.95,208.39,196.3,177.57,176.265,176.41,170.245,160.94,151.765,158.51,142.295,144.575,143.92,140.07,108.33,80.44,59.16,55.255,54.23,54.18,52.67,48.14
2021-10-11 11:50,410.41,395.225,340.09,296.875,275.375,248.665,228.73,217.88,231.74,208.15,196.235,177.865,176.3,176.4,170.26,160.86,151.835,158.515,142.18,144.565,143.895,139.98,108.39,80.34,59.14,55.23,54.185,54.17,52.635,48.09
2021-10-11 11:55,410.35,395.01,340.305,296.71,275.34,248.585,228.74,218.03,231.835,208.06,196.105,178.035,176.11,176.44,170.115,160.9,151.84,158.495,142.19,144.415,143.96,140.0,108.36,80.36,59.24,55.235,54.22,54.15,52.645,48.04
2021-10-11 12:00,410.055,394.21,340.205,296.41,274.99,248.335,228.5,217.775,231.27,207.7,196.1,177.87,175.93,176.44,169.885,160.75,151.665,158.28,142.04,144.205,143.765,139.79,108.23,80.315,59.155,55.15,54.155,54.025,52.6,47.99
2021-10-11 12:05,410.24,394.0,340.145,296.515,275.095,248.295,228.395,217.575,230.86,207.69,195.91,177.885,175.765,176.02,169.55,160.735,151.56,158.37,141.9,144.17,143.76,139.705,108.14,80.27,59.03,55.16,54.12,54.01,52.56,47.96
2021-10-11 12:10,410.01,393.06,339.79,296.17,274.905,248.135,227.985,217.38,230.465,207.73,195.75,177.74,175.6,175.54,168.95,160.655,151.525,158.26,141.78,144.05,143.57,139.66,108.01,80.23,58.98,55.155,54.08,53.9,52.47,47.94
2021-10-11 12:15,409.88,392.215,339.955,296.395,275.15,247.975,228.18,217.22,230.35,207.7,195.545,177.56,175.48,175.32,168.73,160.71,151.4,158.0,141.94,144.13,143.545,139.81,107.86,80.25,58.865,55.16,54.1,53.895,52.485,47.745
2021-10-11 12:20,409.88,392.14,340.3,296.59,275.17,248.025,228.38,217.25,230.915,207.96,195.5,177.43,175.64,175.39,168.77,160.87,151.555,157.98,141.995,144.155,143.555,139.89,107.94,80.25,58.945,55.16,54.13,53.95,52.465,47.78
2021-10-11 12:25,409.715,392.07,340.15,296.57,275.425,248.18,228.48,217.15,230.51,208.14,195.37,177.435,175.81,175.365,168.78,160.89,151.5,157.935,142.145,144.09,143.58,139.93,107.89,80.35,58.99,55.19,54.12,53.955,52.515,47.83
2021-10-11 12:30,410.145,391.535,339.995,296.335,275.25,248.23,228.33,217.09,230.225,208.22,195.15,177.45,175.645,175.305,168.71,160.835,151.38,158.055,142.2,144.0,143.485,139.94,107.825,80.35,58.9,55.225,54.14,53.915,52.47,47.855
2021-10-11 12:35,410.07,391.09,339.955,296.31,275.09,248.03,228.475,216.86,229.955,208.18,194.9,177.375,175.535,175.275,168.41,160.78,151.49,157.93,142.25,144.03,143.435,139.96,107.62,80.24,58.86,55.19,54.15,53.9,52.42,47.845
2021-10-11 12:40,409.81,390.275,339.975,296.315,275.11,248.02,228.43,216.87,229.76,208.185,195.02,177.36,175.475,174.925,168.21,160.72,151.53,157.93,142.285,143.98,143.345,139.885,107.625,80.2,58.86,55.21,54.15,53.885,52.42,47.81
2021-10-11 12:45,409.44,390.68,340.05,296.425,275.25,248.075,228.39,217.09,229.845,208.21,195.155,177.425,175.525,175.075,168.26,160.71,151.63,157.78,142.27,144.02,143.415,139.92,107.52,80.22,58.87,55.255,54.19,53.905,52.39,47.85
2021-10-11 12:50,408.305,389.9,339.975,296.435,275.105,247.94,228.33,216.825,229.47,208.03,195.02,177.23,175.24,174.79,168.18,160.56,151.51,157.53,142.22,144.04,143.215,139.815,107.375,80.115,58.845,55.22,54.16,53.875,52.335,47.73
2021-10-11 12:55,407.82,389.965,340.23,296.645,275.42,247.855,228.38,216.94,229.53,208.05,195.02,177.285,175.19,174.73,168.23,160.5,151.57,157.48,142.25,144.06,143.18,139.8,107.355,80.085,58.83,55.22,54.16,53.89,52.315,47.715
2021-10-11 13:00,407.15,389.225,340.045,296.275,275.35,247.76,228.085,216.8,229.09,207.8,195.02,177.16,174.785,174.29,167.795,160.365,151.33,157.43,142.2,143.81,143.01,139.62,107.22,80.06,58.72,55.19,54.13,53.8,52.23,47.63
2021-10-11 13:05,406.83,388.8,340.04,296.355,275.31,247.525,227.99,216.8,228.95,207.625,194.6,177.07,174.74,174.195,167.69,160.32,151.27,157.3,142.155,143.89,142.89,139.61,107.15,80.025,58.6,55.2,54.06,53.785,52.24,47.63
2021-10-11 13:10,407.495,389.24,340.47,296.535,275.435,247.64,228.095,217.015,229.17,207.83,195.06,177.26,174.69,174.32,167.835,160.355,151.365,157.515,142.12,143.78,143.05,139.71,107.275,80.115,58.595,55.26,54.1,53.77,52.21,47.69
2021-10-11 13:15,407.79,389.22,340.685,296.47,275.465,247.73,227.825,216.97,229.085,208.04,194.92,177.275,174.635,174.27,167.87,160.46,151.195,157.66,142.22,143.715,142.99,139.805,107.215,80.18,58.575,55.285,54.14,53.775,52.22,47.7
2021-10-11 13:20,407.16,388.315,340.14,295.835,274.895,247.3,226.86,216.52,228.45,207.8,194.55,177.025,174.25,173.92,167.46,160.32,150.9,157.36,142.16,143.58,142.8,139.67,107.07,80.075,58.47,55.18,54.07,53.665,52.185,47.605
2021-10-11 13:25,406.99,387.73,339.98,295.76,274.735,247.41,226.27,216.33,228.265,207.685,194.345,176.8,174.175,173.75,167.32,160.185,150.77,157.285,142.075,143.555,142.81,139.68,107.015,80.06,58.4,55.12,54.04,53.675,52.12,47.605
2021-10-11 13:30,406.67,387.58,339.995,295.62,274.78,247.31,226.225,216.32,228.48,207.59,194.25,176.79,174.26,173.88,167.37,160.16,150.85,157.22,142.125,143.52,142.87,139.64,107.11,80.04,58.395,55.085,54.04,53.72,52.095,47.57
2021-10-11 13:35,407.22,388.06,340.555,295.78,274.875,247.58,226.48,216.51,228.51,207.65,194.4,176.995,174.32,174.005,167.32,160.215,150.94,157.58,142.24,143.59,142.95,139.76,107.085,80.1,58.47,55.13,54.09,53.76,52.09,47.61
2021-10-11 13:40,407.29,388.445,340.53,295.77,274.855,247.53,226.405,216.475,228.69,207.64,194.54,176.99,174.35,173.9,167.505,160.245,151.01,157.43,142.28,143.58,143.0,139.71,107.125,80.11,58.535,55.16,54.095,53.81,52.095,47.6
2021-10-11 13:45,406.49,387.31,340.195,295.62,274.675,247.275,226.19,216.27,228.12,207.42,194.055,176.8,174.05,173.62,167.125,159.985,150.895,157.24,142.175,143.455,142.78,139.515,107.06,79.94,58.3,55.08,54.03,53.725,52.055,47.51
2021-10-11 13:50,406.7,387.79,340.15,295.815,274.83,247.24,226.41,216.395,228.29,207.525,194.16,176.925,174.23,173.75,167.265,160.09,150.99,157.28,142.165,143.6,142.78,139.53,107.14,79.975,58.385,55.105,54.045,53.765,52.055,47.545
2021-10-11 13:55,406.465,387.665,339.99,295.845,274.91,247.235,226.2,216.46,228.11,207.515,194.23,176.9,174.155,173.91,167.15,160.06,150.85,157.25,142.12,143.58,142.775,139.6,107.11,79.92,58.3,55.105,54.04,53.745,52.08,47.54
2021-10-11 14:00,406.705,387.885,339.77,295.91,274.995,247.23,226.22,216.46,228.03,207.67,194.22,176.94,174.255,173.88,167.21,160.16,150.815,157.35,142.19,143.61,142.79,139.57,107.11,79.955,58.31,55.12,54.06,53.755,52.1,47.56
2021-10-11 14:05,406.72,388.065,339.815,296.07,275.185,247.46,226.56,216.61,228.12,207.71,194.19,176.795,174.32,174.11,167.4,160.24,150.965,157.51,142.3,143.65,142.97,139.7,107.235,80.02,58.33,55.195,54.115,53.82,52.15,47.58
2021-10-11 14:10,406.39,388.315,339.68,296.255,275.23,247.535,226.555,216.61,227.955,207.74,194.25,176.905,174.405,174.22,167.43,160.25,151.005,157.46,142.355,143.765,142.99,139.69,107.3,80.05,58.34,55.24,54.14,53.815,52.18,47.605
2021-10-11 14:15,406.085,387.85,339.3,296.11,275.225,247.29,226.36,216.52,227.975,207.65,194.075,176.7,174.285,174.23,167.33,160.18,150.99,157.405,142.305,143.67,142.78,139.63,107.235,80.015,58.295,55.225,54.135,53.8,52.195,47.55
2021-10-11 14:20,405.635,387.42,339.47,295.95,274.99,247.11,225.995,216.29,227.265,207.605,193.88,176.6,174.1,173.79,167.05,160.15,150.935,157.355,142.24,143.52,142.77,139.59,107.07,79.95,58.345,55.16,54.135,53.755,52.135,47.51
2021-10-11 14:25,405.6,386.73,339.015,296.125,275.17,247.07,226.175,216.215,227.235,207.45,193.705,176.54,174.12,173.81,167.01,160.15,150.99,157.0,142.3,143.58,142.765,139.64,107.08,79.955,58.29,55.15,54.16,53.765,52.135,47.48
2021-10-11 14:30,405.78,387.09,339.035,296.095,275.24,247.185,226.1,216.31,227.615,207.69,193.685,176.65,174.195,173.99,167.12,160.155,150.935,157.09,142.285,143.56,142.77,139.66,107.15,80.02,58.27,55.16,54.155,53.785,52.2,47.51
2021-10-11 14:35,405.54,387.085,338.45,295.79,275.08,247.01,225.98,216.17,227.345,207.55,193.385,176.475,174.07,173.88,167.02,160.07,150.845,156.99,142.18,143.43,142.705,139.55,107.095,80.015,58.23,55.14,54.14,53.725,52.205,47.515
2021-10-11 14:40,405.785,387.455,338.43,296.03,275.365,247.135,226.09,216.36,227.435,207.625,193.585,176.61,174.225,173.87,167.22,160.145,151.06,157.115,142.22,143.47,142.81,139.67,107.21,80.1,58.275,55.185,54.165,53.77,52.215,47.565
2021-10-11 14:45,405.77,387.96,338.38,296.165,275.315,247.22,226.165,216.51,227.67,207.45,193.895,176.68,174.245,174.28,167.4,160.235,151.12,157.25,142.165,143.485,142.875,139.665,107.33,80.075,58.33,55.2,54.15,53.745,52.235,47.595
2021-10-11 14:50,405.39,387.57,338.17,295.975,275.22,247.175,226.055,216.485,227.45,207.41,193.775,176.68,174.115,174.19,167.21,160.125,151.04,157.21,142.145,143.36,142.795,139.63,107.275,80.03,58.33,55.155,54.16,53.745,52.25,47.62
2021-10-11 14:55,405.77,387.915,338.375,296.19,275.605,247.255,226.13,216.515,227.61,207.575,193.91,176.7,174.45,174.26,167.235,160.195,151.23,157.25,142.175,143.43,142.855,139.725,107.38,80.07,58.34,55.205,54.2,53.77,52.255,47.66
2021-10-11 15:00,406.31,387.72,338.17,296.255,275.76,247.205,226.09,216.55,227.75,207.57,193.89,176.79,174.465,174.215,167.31,160.28,151.15,157.12,142.21,143.475,142.835,139.73,107.47,80.085,58.35,55.195,54.17,53.8,52.235,47.6
2021-10-11 15:05,406.095,387.015,337.66,296.1,275.63,246.91,225.675,216.425,227.56,207.405,193.68,176.735,174.275,174.01,167.15,160.145,151.065,156.89,142.18,143.395,142.73,139.655,107.43,80.12,58.28,55.14,54.135,53.755,52.205,47.55
2021-10-11 15:10,406.43,387.355,337.86,296.125,275.52,247.04,225.74,216.465,227.835,207.45,193.805,176.845,174.395,174.17,167.39,160.24,151.19,157.0,142.28,143.505,142.855,139.71,107.51,80.16,58.39,55.17,54.195,53.77,52.22,47.59
2021-10-11 15:15,406.275,386.82,337.435,295.93,275.32,246.95,225.695,216.21,227.41,207.185,193.63,176.77,174.24,174.12,167.38,160.16,151.05,156.965,142.25,143.29,142.805,139.71,107.43,80.02,58.375,55.135,54.18,53.73,52.22,47.57
2021-10-11 15:20,406.365,386.63,337.105,295.48,275.06,246.77,225.68,215.975,227.405,207.18,193.41,176.64,174.215,173.97,167.165,160.15,150.775,156.735,142.205,143.21,142.725,139.64,107.455,80.05,58.335,55.1,54.155,53.7,52.23,47.53
2021-10-11 15:25,405.36,385.995,336.915,295.175,274.89,246.67,225.36,215.8,227.465,207.005,193.555,176.63,174.105,173.69,166.87,160.025,150.7,156.62,142.16,143.185,142.64,139.61,107.475,79.945,58.355,55.04,54.155,53.685,52.195,47.525
2021-10-11 15:30,405.49,386.41,337.17,294.975,274.91,246.77,225.05,215.825,227.55,207.075,193.34,176.675,174.015,173.84,166.94,160.1,150.53,156.72,142.21,143.15,142.6,139.62,107.48,79.99,58.38,55.045,54.195,53.69,52.215,47.56
2021-10-11 15:35,405.53,386.16,337.66,295.03,274.595,247.16,224.97,215.98,227.215,207.065,193.475,176.905,174.07,173.63,166.72,160.14,150.56,156.67,142.32,143.135,142.66,139.77,107.4,80.005,58.37,55.04,54.225,53.68,52.255,47.56
2021-10-11 15:40,405.265,385.94,337.33,295.145,274.645,247.185,225.12,215.78,227.07,206.92,193.18,176.71,173.79,173.54,166.69,160.155,150.44,156.37,142.415,143.155,142.64,139.655,107.305,80.005,58.325,55.03,54.235,53.66,52.265,47.5
2021-10-11 15:45,405.21,385.95,337.325,294.93,274.69,247.17,225.46,215.78,226.85,207.02,193.03,176.71,173.88,173.705,166.81,160.21,150.26,156.38,142.36,143.1,142.655,139.65,107.25,79.97,58.28,55.02,54.205,53.665,52.265,47.49
2021-10-11 15:50,404.71,385.94,337.02,294.73,274.15,247.04,225.1,215.71,226.485,206.75,192.915,176.605,173.81,173.59,166.765,160.17,150.225,156.38,142.31,143.09,142.53,139.585,107.25,79.935,58.27,55.0,54.26,53.54,52.185,47.46
2021-10-11 15:55,404.955,385.3,336.9,294.165,273.7,246.67,225.16,215.39,226.38,206.66,192.87,176.29,173.49,173.52,166.67,160.24,150.28,156.21,142.35,142.8,142.45,139.52,107.13,79.94,58.24,54.91,54.245,53.44,52.175,47.42
2021-10-12 09:30,403.92,385.01,339.95,295.265,277.91,247.55,225.575,214.8,226.09,206.34,192.77,176.15,174.03,174.5,165.64,159.18,152.68,156.43,142.45,142.99,141.825,139.425,106.805,79.285,58.06,54.61,54.42,53.52,51.82,47.2
2021-10-12 09:35,406.56,384.82,339.45,294.365,278.33,247.17,225.12,214.7,226.33,206.28,192.97,176.23,174.05,174.2,165.41,159.585,153.235,156.65,142.395,142.53,141.71,139.75,106.48,79.72,58.135,54.53,54.63,53.24,51.855,47.28
2021-10-12 09:40,405.22,384.78,338.47,293.555,277.96,246.31,224.255,215.02,227.49,206.25,192.495,176.07,173.485,173.52,165.245,159.175,152.04,156.3,142.235,142.19,141.64,139.265,106.925,79.775,57.865,54.6,54.63,53.23,51.725,47.36
2021-10-12 09:45,404.61,382.755,338.02,293.52,277.89,245.06,223.52,213.91,226.9,205.73,192.09,175.62,173.215,173.29,165.575,158.835,151.44,156.34,141.935,142.035,141.6,139.39,107.005,79.75,58.01,54.5,54.515,53.265,51.6,47.475
2021-10-12 09:50,406.15,384.84,339.01,293.765,278.7,245.99,223.56,215.22,227.83,205.8,191.82,176.31,173.835,174.24,165.86,159.225,152.13,157.74,142.425,142.17,142.02,139.72,107.045,79.855,58.275,54.725,54.79,53.415,51.625,47.665
2021-10-12 09:55,405.81,383.78,338.44,292.995,277.3,245.03,223.11,215.33,227.825,205.975,191.8,176.37,173.37,173.84,166.005,159.14,151.5,157.445,142.43,141.885,141.725,139.73,107.395,79.845,58.165,54.52,54.755,53.22,51.68,47.54
2021-10-12 10:00,405.47,382.37,338.49,293.78,277.64,244.96,223.545,215.24,228.155,205.67,191.01,175.87,173.72,173.72,165.445,158.93,151.83,156.57,142.215,142.18,141.34,139.83,107.195,79.66,58.02,54.565,54.7,53.19,51.57,47.525
2021-10-12 10:05,405.45,381.78,339.03,293.165,276.7,245.105,223.44,215.47,227.525,205.51,191.1,176.165,173.57,173.66,165.165,158.935,151.72,156.21,141.93,141.905,141.07,139.65,107.04,79.655,57.89,54.415,54.71,53.07,51.54,47.295
2021-10-12 10:10,405.53,382.92,339.61,293.685,277.17,245.45,223.73,215.17,228.295,205.705,190.83,176.2,173.77,174.24,165.81,159.16,152.24,156.64,141.97,141.99,141.15,139.595,107.14,79.64,57.895,54.4,54.74,53.05,51.53,47.395
2021-10-12 10:15,406.84,381.86,339.58,293.635,277.395,245.64,223.115,214.82,227.305,205.56,190.55,176.16,173.365,173.79,165.195,159.175,152.09,156.24,142.08,141.86,140.78,139.6,106.68,79.63,57.74,54.3,54.76,53.065,51.54,47.315
2021-10-12 10:20,406.55,381.75,339.96,293.625,277.51,245.55,223.24,214.95,226.935,205.275,190.26,176.32,173.415,174.02,165.03,158.82,152.07,156.32,142.03,141.74,140.935,139.535,106.425,79.5,57.84,54.215,54.695,52.96,51.525,47.32
2021-10-12 10:25,406.765,383.39,340.11,293.91,278.015,245.58,223.85,215.105,227.07,204.85,190.355,176.27,173.62,174.07,165.395,158.89,152.345,156.37,141.835,141.795,141.195,139.565,106.5,79.72,57.875,54.2,54.635,53.04,51.475,47.395
2021-10-12 10:30,406.78,384.22,340.41,293.74,278.76,245.68,223.905,215.1,227.4,204.83,190.07,176.19,173.73,174.59,165.675,158.91,151.945,156.86,141.875,141.59,141.3,139.65,106.675,79.81,57.84,54.215,54.63,53.01,51.495,47.475
2021-10-12 10:35,406.84,386.02,340.74,293.29,278.615,246.16,223.88,215.23,227.7,204.965,190.285,176.71,173.66,174.94,166.095,158.795,151.765,156.88,142.075,141.57,141.395,139.635,106.985,79.915,57.95,54.285,54.64,53.02,51.44,47.595
2021-10-12 10:40,406.66,386.13,340.455,293.35,277.825,246.16,223.845,215.29,228.02,204.34,190.04,176.47,173.66,174.79,165.88,158.625,152.03,156.88,142.09,141.68,141.2,139.61,106.99,79.82,57.955,54.27,54.54,52.97,51.31,47.57
2021-10-12 10:45,407.0,386.91,340.21,293.515,278.295,246.11,224.32,215.415,228.365,204.19,190.125,176.385,173.77,175.0,166.145,158.7,152.29,157.05,142.21,141.715,141.295,139.735,107.18,79.81,57.935,54.31,54.58,52.98,51.26,47.46
2021-10-12 10:50,406.88,386.36,340.225,293.085,277.43,245.82,224.145,215.48,228.09,203.97,189.95,176.325,173.62,175.15,166.21,158.79,152.115,157.09,142.375,141.57,141.225,139.75,107.055,79.83,57.805,54.23,54.59,52.89,51.315,47.45
2021-10-12 10:55,407.2,385.675,340.13,292.865,276.82,245.6,223.985,215.525,227.62,204.48,190.38,176.445,173.325,175.11,166.03,158.78,152.045,157.215,142.37,141.52,141.155,139.765,107.09,79.76,57.875,54.29,54.58,52.78,51.26,47.4
2021-10-12 11:00,407.05,385.58,339.98,293.505,277.13,245.68,224.5,215.63,227.23,204.9,190.15,176.56,173.35,175.0,166.05,158.75,151.97,157.45,142.545,141.9,141.215,139.945,107.09,79.86,57.855,54.33,54.63,52.905,51.355,47.45
2021-10-12 11:05,408.22,386.14,340.63,294.005,278.0,246.125,224.765,216.2,227.24,204.99,190.7,176.69,173.56,175.215,166.065,158.75,152.135,157.85,142.905,142.06,141.345,140.295,106.975,79.895,57.97,54.46,54.74,53.09,51.44,47.53
2021-10-12 11:10,407.7,385.99,340.34,293.93,277.68,245.765,224.66,215.905,226.605,204.7,190.325,176.6,173.33,175.1,166.0,158.55,151.91,157.23,142.98,142.01,141.265,140.25,106.985,79.82,57.865,54.43,54.735,52.975,51.44,47.43
2021-10-12 11:15,406.89,386.22,340.38,293.52,277.65,245.68,224.235,215.78,226.79,204.545,190.215,176.555,173.38,175.1,166.225,158.42,151.51,157.1,142.86,141.995,141.21,140.09,107.085,79.76,57.77,54.425,54.73,52.91,51.405,47.405
2021-10-12 11:20,406.73,386.34,340.285,293.94,277.82,245.875,224.23,215.785,226.88,204.47,190.7,176.515,173.43,175.2,166.08,158.365,151.69,157.23,142.92,142.15,141.285,140.2,107.135,79.75,57.9,54.44,54.76,52.95,51.405,47.41
2021-10-12 11:25,406.205,386.675,339.875,293.675,277.835,245.66,224.19,215.58,226.74,204.45,190.985,176.45,173.43,175.22,166.15,158.36,151.42,157.23,142.985,142.005,141.3,140.215,107.07,79.725,57.92,54.395,54.72,52.91,51.445,47.505
2021-10-12 11:30,406.18,386.5,339.26,293.43,278.445,245.52,224.235,215.32,226.375,204.54,191.04,176.28,173.24,175.16,165.99,158.345,151.52,157.065,142.945,141.79,141.19,140.07,106.9,79.68,57.735,54.41,54.665,52.84,51.485,47.615
2021-10-12 11:35,406.28,386.68,338.92,293.57,278.715,245.4,224.07,214.98,226.565,204.39,190.96,175.965,173.32,175.305,165.965,158.26,151.48,157.065,142.855,141.94,141.125,140.13,107.08,79.665,57.65,54.445,54.67,52.85,51.455,47.58
2021-10-12 11:40,406.145,386.7,338.95,293.405,278.42,245.39,223.935,215.12,226.3,203.79,190.97,176.145,173.3,175.39,166.075,158.145,151.425,157.12,142.87,141.93,141.01,140.035,107.11,79.61,57.69,54.43,54.685,52.81,51.43,47.595
2021-10-12 11:45,406.41,386.945,339.06,293.725,278.795,245.405,223.99,215.13,226.49,203.42,191.13,176.24,173.34,175.47,165.985,158.1,151.47,157.375,142.945,141.99,140.97,140.155,107.07,79.62,57.7,54.465,54.67,52.815,51.4,47.65
2021-10-12 11:50,406.43,387.59,339.385,294.06,279.215,245.42,224.26,215.09,226.58,203.74,191.31,176.325,173.535,175.81,166.085,158.155,151.62,157.355,142.87,142.26,141.01,140.23,107.08,79.63,57.74,54.505,54.67,52.855,51.41,47.67
2021-10-12 11:55,406.43,387.8,339.455,294.22,279.38,245.425,224.44,215.5,226.83,203.765,191.51,176.435,173.53,175.87,166.09,158.285,151.825,157.285,142.865,142.29,141.04,140.29,107.08,79.73,57.805,54.575,54.695,52.87,51.4,47.72
2021-10-12 12:00,407.19,387.77,340.01,294.725,279.97,245.6,225.325,215.915,227.01,204.1,191.915,176.685,173.825,176.145,166.17,158.42,151.945,157.355,142.99,142.39,141.145,140.36,107.15,79.79,57.94,54.63,54.71,52.945,51.405,47.79
2021-10-12 12:05,407.43,387.83,340.1,294.68,279.83,245.52,225.13,215.87,226.885,203.8,191.96,176.8,173.84,176.24,166.0,158.445,151.925,157.57,142.845,142.4,141.06,140.245,107.24,79.76,57.98,54.62,54.71,52.89,51.37,47.75
2021-10-12 12:10,407.71,387.58,340.215,294.505,279.765,245.69,225.115,215.71,226.92,203.555,191.8,176.75,173.77,176.28,166.0,158.35,152.0,157.7,142.7,142.49,141.14,140.17,107.105,79.79,57.955,54.6,54.69,52.83,51.4,47.715
2021-10-12 12:15,407.43,387.205,339.85,294.645,280.26,245.6,224.87,215.5,226.8,203.075,191.675,176.44,173.62,175.77,165.665,158.16,152.03,157.46,142.495,142.49,141.05,140.11,106.9,79.675,57.9,54.54,54.63,52.795,51.335,47.675
2021-10-12 12:20,407.91,387.81,339.435,294.68,279.93,245.61,224.78,215.25,226.6,202.98,191.89,176.39,173.665,175.92,165.655,158.19,151.93,157.43,142.575,142.54,141.01,140.16,107.065,79.68,57.94,54.535,54.65,52.76,51.34,47.73
2021-10-12 12:25,407.265,387.43,339.18,294.46,280.48,245.565,224.7,215.235,226.53,203.11,191.765,176.255,173.495,175.72,165.43,158.15,151.725,157.23,142.545,142.5,140.98,140.02,107.05,79.65,57.905,54.47,54.62,52.76,51.305,47.65
2021-10-12 12:30,406.08,386.19,338.435,293.915,280.17,245.365,224.31,215.095,226.37,202.655,191.66,176.105,173.26,175.535,165.05,157.955,151.485,157.02,142.415,142.05,140.705,139.86,106.925,79.54,57.89,54.34,54.505,52.655,51.265,47.54
2021-10-12 12:35,406.095,385.795,338.375,293.98,279.98,245.38,224.335,214.985,226.12,202.82,191.785,176.1,173.265,175.295,164.85,157.96,151.49,157.03,142.49,142.08,140.7,139.86,106.8,79.515,57.81,54.35,54.535,52.62,51.305,47.49
2021-10-12 12:40,406.28,386.125,338.66,294.155,279.99,245.57,224.29,215.08,225.78,202.875,191.54,176.32,173.32,175.4,164.87,158.135,151.59,157.23,142.605,142.105,140.75,139.9,106.735,79.59,57.84,54.33,54.575,52.585,51.36,47.545
2021-10-12 12:45,406.2,386.31,338.52,294.005,279.87,245.425,224.26,214.91,225.745,202.89,191.355,176.215,173.23,175.4,165.005,158.19,151.56,157.26,142.545,142.0,140.67,139.88,106.515,79.585,57.81,54.28,54.575,52.505,51.315,47.51
2021-10-12 12:50,406.08,386.15,338.525,293.915,279.985,245.33,224.15,214.85,225.525,202.985,190.83,176.165,173.125,175.305,164.97,158.185,151.59,157.27,142.54,141.85,140.705,139.83,106.51,79.65,57.83,54.205,54.555,52.445,51.325,47.505
2021-10-12 12:55,405.875,386.045,338.52,293.92,279.67,245.265,224.12,214.78,225.24,202.58,190.57,176.16,173.15,175.305,165.07,158.13,151.615,157.24,142.525,141.86,140.685,139.835,106.59,79.67,57.87,54.205,54.55,52.375,51.265,47.48
2021-10-12 13:00,405.93,386.01,338.58,293.87,279.715,245.21,224.235,214.515,224.75,202.65,190.41,175.955,173.135,175.73,165.115,158.12,151.7,157.12,142.47,141.785,140.575,139.85,106.58,79.63,57.815,54.18,54.535,52.28,51.27,47.485
2021-10-12 13:05,405.53,386.01,338.24,293.555,279.515,245.14,224.115,214.485,224.925,202.44,190.33,175.95,173.05,175.59,165.05,157.995,151.64,157.175,142.365,141.635,140.57,139.85,106.64,79.65,57.705,54.12,54.49,52.24,51.27,47.45
2021-10-12 13:10,405.84,386.58,338.28,293.81,279.99,245.35,224.4,214.575,225.165,202.42,190.33,176.135,173.05,175.84,165.34,158.085,151.675,157.385,142.515,141.79,140.765,139.93,106.765,79.73,57.81,54.155,54.535,52.325,51.28,47.495
2021-10-12 13:15,405.85,386.31,338.29,293.88,279.96,245.35,224.445,214.45,225.05,202.24,190.34,176.11,173.025,175.78,165.33,158.015,151.795,157.355,142.53,141.785,140.7,139.96,106.68,79.715,57.78,54.175,54.515,52.25,51.285,47.47
2021-10-12 13:20,405.75,386.11,337.85,293.51,279.77,245.19,224.11,214.32,224.795,202.09,190.305,176.075,172.79,175.59,165.18,157.87,151.68,157.355,142.515,141.65,140.61,139.855,106.62,79.675,57.78,54.09,54.47,52.19,51.295,47.405
2021-10-12 13:25,405.92,386.205,338.05,293.92,280.03,245.305,224.33,214.56,225.1,202.24,190.51,176.08,172.895,175.35,165.27,158.04,151.87,157.395,142.62,141.89,140.66,140.12,106.59,79.745,57.77,54.12,54.52,52.235,51.285,47.445
2021-10-12 13:30,406.145,386.465,338.32,294.075,280.33,245.385,224.645,214.595,225.27,202.185,190.46,176.09,173.01,175.44,165.355,158.125,152.025,157.395,142.685,141.985,140.695,140.16,106.76,79.72,57.85,54.14,54.515,52.25,51.295,47.44
2021-10-12 13:35,406.24,386.68,338.2,293.965,280.295,245.53,224.715,214.605,225.185,202.275,190.49,176.19,173.03,175.475,165.315,158.15,152.03,157.495,142.66,141.99,140.7,140.24,106.895,79.7,57.855,54.135,54.48,52.265,51.305,47.47
2021-10-12 13:40,406.295,387.09,338.58,294.005,280.35,245.64,224.69,214.805,225.47,202.335,190.975,176.3,173.19,175.79,165.51,158.19,152.115,157.62,142.68,142.09,140.725,140.245,106.92,79.72,57.895,54.185,54.475,52.35,51.305,47.48
2021-10-12 13:45,406.385,387.31,338.31,293.92,280.04,245.61,224.575,214.69,225.44,201.925,190.845,176.255,173.11,175.56,165.565,158.23,152.06,157.54,142.66,142.0,140.74,140.17,106.9,79.73,57.97,54.175,54.49,52.315,51.315,47.535
2021-10-12 13:50,405.79,386.67,338.03,293.57,280.09,245.535,224.26,214.4,224.98,201.65,190.68,176.085,172.855,175.235,165.395,158.0,151.87,157.53,142.49,141.85,140.545,140.09,106.815,79.655,57.82,54.115,54.43,52.29,51.285,47.475
2021-10-12 13:55,405.835,387.02,338.265,293.66,279.51,245.43,224.185,214.43,224.99,201.49,190.66,176.13,172.815,175.52,165.49,157.93,151.935,157.625,142.57,141.9,140.58,140.07,106.87,79.645,57.785,54.145,54.455,52.27,51.22,47.475
2021-10-12 14:00,405.775,387.36,338.49,294.04,279.62,245.34,224.645,214.43,225.15,201.42,190.49,176.09,173.03,175.475,165.61,157.885,152.075,157.7,142.495,141.975,140.65,140.07,106.905,79.595,57.75,54.195,54.48,52.325,51.24,47.48
2021-10-12 14:05,405.66,387.26,338.38,293.995,279.515,245.255,224.805,214.515,225.265,201.665,190.635,176.105,173.025,175.54,165.54,157.865,152.33,157.56,142.39,141.94,140.66,140.04,106.995,79.62,57.74,54.195,54.45,52.305,51.24,47.5
2021-10-12 14:10,405.74,387.57,338.77,294.425,279.94,245.36,224.985,214.465,225.45,201.495,190.89,176.12,173.195,175.69,165.61,157.87,152.635,157.56,142.355,142.145,140.81,140.07,107.165,79.56,57.805,54.315,54.515,52.43,51.255,47.5
2021-10-12 14:15,405.7,388.46,338.65,294.65,280.36,245.57,225.1,214.8,225.52,201.87,191.04,176.17,173.215,175.76,165.81,157.9,152.83,157.84,142.46,142.375,140.985,140.2,107.295,79.63,57.935,54.34,54.52,52.5,51.28,47.62
2021-10-12 14:20,405.69,387.815,338.735,294.5,280.59,245.46,224.95,214.855,225.35,201.805,190.72,176.055,173.22,175.515,165.67,157.91,152.88,157.615,142.42,142.29,140.945,140.02,107.295,79.585,57.85,54.35,54.49,52.38,51.245,47.58
2021-10-12 14:25,405.665,387.53,338.825,294.295,280.63,245.43,224.865,214.69,225.23,201.39,190.84,176.08,173.14,175.45,165.69,157.92,152.93,157.465,142.4,142.25,140.89,140.02,107.32,79.59,57.8,54.345,54.44,52.4,51.25,47.55
2021-10-12 14:30,405.605,387.53,338.8,294.16,280.54,245.485,224.85,214.75,225.395,201.31,190.59,176.075,173.195,175.31,165.8,157.88,152.94,157.585,142.395,142.2,140.985,139.95,107.375,79.515,57.815,54.325,54.44,52.345,51.28,47.51
2021-10-12 14:35,405.43,387.4,338.445,293.675,280.52,245.275,224.605,214.55,225.115,201.21,190.52,175.94,173.19,175.195,165.715,157.76,152.845,157.42,142.205,142.05,140.74,139.795,107.34,79.41,57.81,54.2,54.375,52.295,51.22,47.43
2021-10-12 14:40,405.445,387.37,338.545,293.89,280.5,245.2,224.63,214.71,225.22,201.28,190.565,176.035,173.18,175.17,165.785,157.82,152.98,157.5,142.21,142.12,140.72,139.755,107.43,79.44,57.82,54.23,54.35,52.33,51.22,47.43
2021-10-12 14:45,405.83,387.17,338.455,293.77,280.16,245.11,224.64,214.78,225.445,201.065,190.515,176.045,173.15,175.18,165.82,157.84,153.02,157.445,142.17,142.095,140.695,139.645,107.435,79.43,57.8,54.22,54.345,52.29,51.21,47.49
2021-10-12 14:50,406.08,387.53,338.575,294.04,280.62,245.17,224.81,214.99,225.45,201.08,190.605,176.14,173.18,175.24,165.94,157.84,153.15,157.42,142.255,142.225,140.64,139.67,107.43,79.425,57.82,54.265,54.405,52.335,51.235,47.505
2021-10-12 14:55,405.54,387.19,338.45,293.725,280.385,245.005,224.57,214.85,225.14,201.02,190.23,175.92,172.925,175.08,165.75,157.7,153.13,157.085,142.205,141.96,140.73,139.51,107.24,79.47,57.705,54.275,54.345,52.315,51.21,47.455
2021-10-12 15:00,404.92,387.07,338.55,293.525,280.38,244.84,224.435,214.855,224.66,201.07,190.135,175.925,172.795,174.985,165.7,157.74,153.135,157.01,142.265,141.865,140.7,139.465,107.185,79.455,57.69,54.29,54.325,52.22,51.21,47.43
2021-10-12 15:05,405.055,387.1,338.595,293.36,280.155,244.95,224.29,214.91,224.505,200.665,190.0,175.92,172.68,175.005,165.805,157.82,153.165,156.995,142.35,141.83,140.635,139.54,107.18,79.43,57.71,54.335,54.355,52.23,51.23,47.39
2021-10-12 15:10,405.035,387.35,338.69,293.63,280.435,245.025,224.5,214.96,224.5,200.735,189.88,175.85,172.79,175.055,165.87,157.83,153.255,157.01,142.365,141.95,140.65,139.58,107.285,79.39,57.7,54.43,54.365,52.15,51.25,47.39
2021-10-12 15:15,404.73,386.92,338.73,293.555,280.31,244.91,224.52,214.73,224.305,200.955,189.61,175.735,172.74,174.905,165.85,157.63,153.29,157.09,142.205,141.825,140.615,139.515,107.15,79.3,57.58,54.405,54.335,52.05,51.255,47.39
2021-10-12 15:20,404.845,387.07,339.18,293.74,280.3,244.98,224.585,214.71,224.08,201.215,189.78,175.76,172.895,175.03,165.895,157.73,153.36,157.2,142.205,141.82,140.745,139.595,107.085,79.355,57.63,54.43,54.355,52.035,51.28,47.45
2021-10-12 15:25,404.72,386.6,339.015,293.73,280.15,245.05,224.67,214.64,224.15,201.42,189.82,175.695,173.21,174.955,165.79,157.77,153.21,157.17,142.24,141.81,140.685,139.59,107.01,79.41,57.59,54.435,54.34,52.015,51.27,47.48
2021-10-12 15:30,404.745,386.77,338.85,293.65,280.25,244.84,224.72,214.615,223.92,202.205,189.905,175.58,173.115,175.11,165.855,157.84,153.33,157.12,142.105,141.84,140.6,139.48,107.05,79.465,57.56,54.375,54.3,52.18,51.275,47.435
2021-10-12 15:35,404.15,386.66,338.655,293.32,279.98,244.67,224.69,214.495,224.135,202.155,189.88,175.42,173.055,175.0,165.835,157.76,153.34,156.94,141.965,141.715,140.67,139.39,107.06,79.36,57.64,54.335,54.285,52.245,51.235,47.41
2021-10-12 15:40,403.17,385.9,338.015,292.57,279.055,244.475,224.13,214.135,223.59,201.6,189.77,175.24,173.3,174.51,165.4,157.445,153.205,156.6,141.795,141.475,140.465,139.2,106.86,79.27,57.59,54.2,54.24,52.11,51.18,47.295
2021-10-12 15:45,402.785,385.98,337.705,292.67,278.63,244.35,223.98,214.05,223.36,201.71,189.79,175.24,172.905,174.42,165.07,157.455,153.32,156.485,141.91,141.525,140.37,139.235,106.93,79.315,57.57,54.18,54.24,52.135,51.17,47.33
2021-10-12 15:50,402.84,385.76,337.665,292.55,278.79,244.24,223.81,214.095,223.2,201.85,189.82,175.42,172.92,174.645,165.16,157.54,153.33,156.455,141.825,141.51,140.36,139.25,106.995,79.35,57.57,54.22,54.275,52.115,51.15,47.355
2021-10-12 15:55,403.385,386.69,337.9,292.9,279.0,244.5,224.07,214.34,223.52,201.915,189.9,175.565,173.03,174.97,165.31,157.65,153.4,156.5,142.15,141.46,140.48,139.38,107.15,79.595,57.75,54.285,54.23,52.19,51.31,47.435
2021-10-13 09:30,401.085,386.58,339.41,296.185,281.8,242.66,225.345,214.8,223.39,203.415,190.73,175.76,173.49,173.22,163.465,158.02,154.72,156.2,142.3,140.49,140.56,139.65,107.09,79.615,57.78,54.465,54.265,52.365,51.245,47.46
2021-10-13 09:35,401.59,385.68,340.0,297.185,284.88,242.66,224.7,214.65,223.84,203.45,190.43,175.83,173.42,173.63,162.79,158.13,154.84,155.75,142.235,140.67,140.83,139.65,107.055,79.27,57.695,54.47,54.225,52.415,51.26,47.385
2021-10-13 09:40,401.535,385.12,339.385,296.71,283.585,241.39,223.58,214.56,223.515,203.35,190.35,175.91,173.005,173.05,162.47,158.27,154.475,155.75,142.075,140.175,140.485,139.19,107.33,79.315,57.64,54.355,54.155,52.33,51.135,47.42
2021-10-13 09:45,400.82,382.59,339.04,295.935,282.81,241.34,223.54,214.075,222.67,203.44,189.17,175.68,172.37,171.54,161.57,158.21,154.44,154.91,142.0,139.925,140.53,139.29,107.315,79.37,57.22,54.31,54.115,52.2,51.11,47.325
2021-10-13 09:50,399.3,381.89,338.26,295.145,282.74,241.71,223.485,213.805,222.335,202.87,188.91,175.66,172.285,170.6,161.27,158.205,154.04,154.64,141.97,139.68,140.36,138.92,107.52,79.29,57.09,54.135,54.065,52.065,51.035,47.185
2021-10-13 09:55,400.05,382.32,338.02,295.57,283.53,242.15,223.785,213.77,222.07,202.83,188.9,175.575,172.55,170.675,161.39,158.38,153.82,154.47,141.8,139.73,140.24,138.74,107.725,79.28,57.245,54.2,54.015,52.115,51.065,47.13
2021-10-13 10:00,398.74,380.47,337.39,295.9,284.28,242.05,223.96,213.5,221.3,202.59,188.45,175.23,172.485,170.1,161.25,158.43,153.53,154.26,141.67,140.08,140.11,138.45,107.78,79.02,56.95,54.265,53.935,52.135,51.015,46.925
2021-10-13 10:05,400.375,380.54,337.405,295.36,283.76,241.515,223.945,213.46,220.45,202.3,188.38,175.31,172.32,170.22,161.38,158.56,153.64,154.13,141.805,140.055,140.15,138.6,107.46,79.11,56.91,54.3,53.985,52.11,51.06,46.92
2021-10-13 10:10,399.04,380.17,336.96,294.555,282.84,241.43,223.27,213.18,219.71,202.525,188.045,175.12,171.885,169.76,161.18,158.395,153.48,153.97,141.58,139.59,139.84,138.44,107.01,78.95,56.72,54.175,53.895,51.89,50.99,46.87
2021-10-13 10:15,399.89,381.15,337.6,294.9,283.34,241.67,223.41,213.38,219.99,202.33,188.255,175.44,171.885,169.65,160.92,158.69,154.045,154.34,141.63,139.77,140.185,138.54,107.525,79.01,56.885,54.355,53.89,52.16,50.975,46.99
2021-10-13 10:20,399.06,382.35,337.07,294.535,283.78,241.245,223.12,213.66,219.855,202.39,188.12,175.44,171.77,169.76,161.37,158.26,153.775,154.53,141.48,139.595,139.92,138.38,107.47,78.9,56.845,54.32,53.845,52.205,50.925,46.98
2021-10-13 10:25,399.105,382.355,336.995,294.16,283.17,241.095,222.625,213.55,219.9,202.495,188.47,175.33,171.64,169.86,161.28,158.23,153.935,154.565,141.34,139.66,139.76,138.24,107.575,79.0,56.94,54.3,53.825,52.145,50.995,47.085
2021-10-13 10:30,399.41,382.61,337.565,294.49,283.51,241.12,223.055,214.41,220.6,203.53,189.095,175.69,171.825,169.715,161.4,158.53,154.0,155.08,141.505,139.96,140.095,138.6,107.55,79.19,57.1,54.38,53.895,52.19,51.035,47.205
2021-10-13 10:35,398.36,382.06,337.34,294.32,283.73,240.87,222.765,214.29,220.02,203.77,189.12,175.82,171.59,168.82,160.895,158.84,154.015,155.05,141.47,139.74,139.94,138.73,107.335,79.275,56.985,54.435,53.88,52.23,51.025,47.14
2021-10-13 10:40,399.765,382.88,337.69,294.94,284.25,240.845,222.955,214.635,220.26,203.555,189.285,176.06,171.66,169.29,161.3,158.78,154.12,155.12,141.495,139.97,139.91,138.75,107.59,79.24,57.08,54.505,53.94,52.295,51.065,47.105
2021-10-13 10:45,399.1,382.98,337.525,294.635,284.09,240.75,222.735,214.43,220.21,203.3,189.18,176.03,171.62,169.9,161.2,158.69,153.935,155.09,141.32,139.99,139.98,138.7,107.575,79.05,57.13,54.485,53.875,52.26,51.0,47.125
2021-10-13 10:50,398.995,383.18,337.37,294.295,283.72,240.71,222.06,214.79,220.53,202.98,189.32,176.21,171.67,169.59,161.19,158.735,153.635,155.3,141.245,139.87,139.925,138.63,107.5,79.005,57.15,54.46,53.855,52.195,50.97,47.08
2021-10-13 10:55,399.26,383.925,337.115,294.16,283.79,240.68,222.12,214.71,220.49,202.985,189.51,176.245,171.71,168.86,161.32,158.61,153.8,155.445,141.26,139.795,139.88,138.52,107.445,78.98,57.14,54.435,53.87,52.21,50.985,47.1
2021-10-13 11:00,398.87,384.98,337.5,294.39,283.96,240.67,222.325,215.14,221.28,202.965,189.645,176.41,171.855,169.07,161.735,158.5,154.04,155.59,141.18,139.885,139.93,138.51,107.585,78.925,57.2,54.485,53.835,52.335,51.025,47.185
2021-10-13 11:05,398.67,385.1,337.8,294.345,283.97,240.65,222.075,215.235,221.16,203.26,189.81,176.68,171.655,169.055,161.46,158.645,153.945,155.64,141.16,139.91,139.985,138.41,107.4,78.905,57.175,54.485,53.855,52.26,51.005,47.25
2021-10-13 11:10,398.66,384.86,337.93,294.195,283.41,240.58,221.91,215.245,221.35,203.495,189.92,176.58,171.58,168.715,161.455,158.57,154.13,155.65,141.085,139.84,140.12,138.465,107.42,78.97,57.25,54.53,53.89,52.31,51.025,47.2
2021-10-13 11:15,398.755,384.78,338.125,294.37,283.43,240.55,221.86,215.245,220.885,203.33,189.59,176.555,171.51,168.7,161.38,158.42,154.125,155.71,141.155,139.76,140.11,138.535,107.225,78.93,57.03,54.525,53.905,52.345,50.98,47.15
2021-10-13 11:20,398.675,384.39,337.895,294.15,283.02,240.23,221.35,215.105,220.96,203.045,189.53,176.525,171.31,168.225,161.22,158.28,153.74,155.595,141.215,139.65,140.02,138.53,107.205,78.895,57.25,54.485,53.905,52.285,50.955,47.135
2021-10-13 11:25,398.97,384.53,337.745,294.24,282.92,240.04,221.2,214.99,221.19,203.09,189.03,176.46,171.25,167.88,161.42,158.34,153.84,155.72,141.35,139.61,140.055,138.61,107.23,78.84,57.19,54.475,53.945,52.275,50.92,47.14
2021-10-13 11:30,399.54,384.725,337.655,293.93,282.29,240.055,221.31,215.13,220.96,203.14,189.325,176.45,171.19,167.71,161.64,158.48,153.61,155.755,141.47,139.405,140.055,138.61,107.255,78.91,57.22,54.45,53.915,52.25,50.89,47.14
2021-10-13 11:35,400.645,384.71,337.77,293.855,282.37,240.12,221.275,215.09,220.67,203.355,189.17,176.64,171.195,167.58,161.76,158.76,153.59,155.745,141.615,139.4,140.365,138.76,107.23,78.99,57.225,54.43,53.965,52.26,50.94,47.18
2021-10-13 11:40,401.24,384.935,337.935,294.005,282.56,240.42,221.51,215.295,220.93,203.585,189.28,176.66,171.45,167.7,161.955,158.86,153.77,155.76,141.67,139.565,140.465,138.83,107.42,79.06,57.27,54.53,54.03,52.355,50.925,47.265
2021-10-13 11:45,401.84,385.51,338.455,294.72,282.97,240.85,221.745,215.81,221.46,203.84,189.44,177.015,171.69,167.88,162.095,158.95,154.08,156.04,141.8,139.905,140.675,138.95,107.665,79.21,57.4,54.695,54.1,52.47,50.95,47.38
2021-10-13 11:50,401.85,385.01,338.16,294.455,282.27,240.77,221.275,215.595,221.305,203.865,189.17,176.9,171.56,167.49,161.88,158.82,153.95,155.7,141.885,139.915,140.66,138.88,107.46,79.19,57.235,54.605,54.115,52.42,50.935,47.315
2021-10-13 11:55,402.19,384.64,338.045,294.49,282.23,240.605,221.07,215.47,221.325,203.85,189.31,176.82,171.63,167.61,161.68,158.64,153.86,155.595,141.885,140.12,140.615,138.93,107.305,79.15,57.21,54.63,54.135,52.44,50.96,47.36
2021-10-13 12:00,401.91,384.41,338.27,294.225,282.275,240.45,220.66,215.44,221.445,203.905,189.3,176.86,171.63,167.46,161.535,158.735,154.02,155.585,141.95,139.92,140.61,138.93,107.335,79.155,57.2,54.585,54.135,52.405,50.955,47.315
2021-10-13 12:05,402.595,384.54,338.51,294.485,282.585,240.56,220.52,215.535,221.2,204.115,189.235,177.01,171.73,167.33,161.385,159.3,154.195,155.69,142.03,139.925,140.66,139.015,107.39,79.23,57.23,54.6,54.18,52.38,50.985,47.32
2021-10-13 12:10,403.1,384.31,338.57,294.45,282.55,240.62,220.15,215.47,221.5,204.0,189.25,177.07,171.68,167.35,161.34,159.255,154.55,155.51,142.01,140.03,140.68,139.025,107.43,79.265,57.215,54.59,54.17,52.31,51.03,47.305
2021-10-13 12:15,403.305,383.95,338.46,294.22,282.24,240.915,219.43,215.365,221.42,203.975,189.105,177.105,171.665,167.25,161.32,159.235,154.7,155.53,141.95,139.93,140.645,138.96,107.445,79.22,57.24,54.52,54.17,52.25,51.02,47.32
2021-10-13 12:20,403.53,384.01,338.405,294.29,282.345,241.06,218.69,215.33,221.135,203.61,189.035,177.18,171.7,167.58,161.19,159.235,154.71,155.47,141.935,140.05,140.57,138.975,107.36,79.21,57.25,54.505,54.185,52.24,51.055,47.34
2021-10-13 12:25,404.04,384.86,338.475,294.405,282.5,241.745,219.495,215.495,221.6,203.59,189.085,177.14,171.72,167.875,161.32,159.29,154.79,155.5,141.98,140.12,140.665,139.015,107.475,79.32,57.3,54.53,54.215,52.3,51.085,47.375
2021-10-13 12:30,403.78,384.37,338.53,294.275,282.31,241.955,219.365,215.54,221.705,203.405,189.33,177.29,171.53,167.59,161.03,159.27,154.92,155.465,141.855,140.0,140.65,138.91,107.6,79.225,57.245,54.55,54.185,52.235,51.08,47.35
2021-10-13 12:35,404.41,384.91,338.9,294.195,282.35,241.985,219.325,215.675,221.71,203.635,189.21,177.46,171.68,167.57,161.125,159.235,155.1,155.64,141.925,139.92,140.7,138.935,107.695,79.22,57.28,54.56,54.185,52.22,51.11,47.41
2021-10-13 12:40,404.93,385.38,339.015,294.24,282.375,242.005,219.43,215.77,222.03,203.64,189.34,177.53,171.75,167.91,161.22,159.27,155.16,155.68,141.955,140.05,140.81,139.035,107.83,79.225,57.21,54.58,54.205,52.25,51.13,47.49
2021-10-13 12:45,404.465,385.08,338.48,293.86,281.76,241.61,219.21,215.495,222.01,203.66,189.295,177.495,171.46,167.575,160.95,159.325,155.0,155.565,141.94,139.895,140.755,138.96,107.695,79.205,57.19,54.495,54.17,52.165,51.07,47.42
2021-10-13 12:50,404.375,385.09,338.16,293.87,281.79,241.77,219.09,215.49,221.805,203.62,189.265,177.5,171.29,167.42,161.05,159.23,155.11,155.455,141.88,139.9,140.7,138.81,107.62,79.16,57.15,54.49,54.155,52.19,51.06,47.385
2021-10-13 12:55,404.58,385.37,338.72,294.07,281.73,241.865,219.33,215.575,221.91,203.69,189.32,177.635,171.465,167.62,161.145,159.39,155.31,155.54,141.925,140.015,140.77,138.82,107.66,79.185,57.215,54.555,54.195,52.21,51.095,47.435
2021-10-13 13:00,404.635,385.42,338.865,294.235,282.1,241.97,219.65,215.76,222.21,203.87,189.585,177.74,171.655,167.41,161.12,159.455,155.47,155.52,141.99,140.15,140.83,138.9,107.72,79.245,57.245,54.6,54.215,52.24,51.115,47.51
2021-10-13 13:05,404.555,385.59,338.72,294.45,282.49,241.88,219.865,215.89,221.925,203.85,189.475,177.82,171.735,167.28,160.9,159.47,155.74,155.475,142.025,140.29,140.8,138.945,107.595,79.24,57.19,54.61,54.22,52.26,51.12,47.45
2021-10-13 13:10,404.765,385.675,339.09,294.525,282.815,241.875,220.245,215.98,222.055,203.975,189.52,177.78,171.85,167.42,160.89,159.475,155.62,155.54,142.03,140.23,140.845,138.95,107.595,79.275,57.245,54.595,54.245,52.28,51.145,47.475
2021-10-13 13:15,404.565,385.23,339.12,294.37,283.015,241.83,220.585,215.92,222.1,204.0,189.35,177.89,171.86,167.29,160.97,159.445,155.535,155.59,142.05,140.3,140.935,138.97,107.63,79.28,57.245,54.585,54.255,52.28,51.165,47.445
2021-10-13 13:20,404.28,385.065,338.995,294.405,283.175,241.99,220.47,216.12,222.03,204.235,189.35,177.935,171.855,167.15,161.02,159.57,155.73,155.72,142.085,140.34,140.99,138.985,107.56,79.3,57.22,54.61,54.275,52.29,51.18,47.48
2021-10-13 13:25,404.84,385.515,339.37,294.74,283.15,242.315,220.74,216.365,222.37,204.4,189.675,178.11,171.865,167.405,161.105,159.63,155.89,155.815,142.14,140.43,141.095,139.01,107.595,79.325,57.21,54.69,54.3,52.34,51.205,47.49
2021-10-13 13:30,404.51,385.69,339.54,294.92,283.1,242.345,220.83,216.37,222.34,204.54,189.605,178.185,172.005,167.76,161.205,159.61,155.93,155.68,142.15,140.45,141.165,138.965,107.665,79.32,57.205,54.69,54.355,52.365,51.235,47.49
2021-10-13 13:35,404.58,385.74,339.725,295.235,283.23,242.37,220.945,216.54,222.415,204.59,189.795,178.31,172.1,167.9,161.145,159.7,156.225,155.75,142.23,140.655,141.24,139.09,107.64,79.315,57.33,54.705,54.385,52.38,51.25,47.55
2021-10-13 13:40,404.49,385.595,339.33,295.24,283.36,242.2,220.905,216.36,222.28,204.61,189.705,178.135,172.18,168.29,161.05,159.705,155.95,155.795,142.22,140.54,141.14,139.06,107.48,79.325,57.2,54.64,54.325,52.335,51.255,47.53
2021-10-13 13:45,404.375,385.205,339.17,295.125,283.05,242.15,220.98,216.17,222.195,204.65,189.54,177.955,172.325,168.68,160.975,159.7,156.01,155.745,142.225,140.445,141.135,138.97,107.46,79.315,57.16,54.635,54.325,52.31,51.23,47.505
2021-10-13 13:50,404.47,385.09,339.365,295.1,283.15,242.245,221.2,216.13,222.23,204.72,189.73,178.08,172.46,168.715,160.955,159.79,156.14,155.765,142.26,140.56,141.18,139.025,107.495,79.315,57.2,54.655,54.345,52.325,51.26,47.56
2021-10-13 13:55,404.215,384.81,339.295,294.835,282.9,242.27,221.14,216.115,221.93,204.48,189.59,177.93,172.25,168.25,160.71,159.7,156.06,155.61,142.23,140.45,141.08,138.915,107.31,79.245,57.16,54.58,54.315,52.285,51.24,47.53
2021-10-13 14:00,404.49,385.68,339.45,294.7,283.09,242.54,221.37,216.01,222.25,204.41,189.72,178.025,172.46,168.35,160.885,159.765,156.15,155.69,142.37,140.57,141.135,138.845,107.33,79.28,57.175,54.55,54.29,52.265,51.275,47.53
2021-10-13 14:05,404.13,385.08,339.44,295.07,283.35,242.195,221.53,215.935,222.18,204.34,189.69,177.88,172.56,168.605,160.955,159.78,156.2,155.68,142.315,140.61,141.025,138.9,107.54,79.27,57.19,54.535,54.25,52.315,51.265,47.55
2021-10-13 14:10,404.71,385.55,339.42,295.495,283.45,242.47,221.89,215.85,221.95,204.64,189.795,177.86,172.805,169.2,161.18,159.92,156.33,155.565,142.4,140.86,141.12,139.045,107.74,79.31,57.28,54.58,54.3,52.355,51.245,47.6
2021-10-13 14:15,404.52,384.73,339.215,295.275,283.38,242.345,221.735,215.73,222.06,204.64,189.795,177.79,172.79,168.77,160.93,159.9,156.205,155.565,142.355,140.68,141.005,138.995,107.66,79.27,57.21,54.53,54.265,52.325,51.25,47.55
2021-10-13 14:20,404.36,385.21,339.22,295.545,283.39,242.3,221.735,215.625,222.35,204.73,189.85,177.75,172.82,169.02,161.08,159.91,156.47,155.65,142.34,140.64,141.03,139.02,107.76,79.28,57.23,54.54,54.245,52.31,51.305,47.57
2021-10-13 14:25,404.08,384.885,339.0,295.065,283.15,242.05,221.59,215.52,222.2,204.56,189.78,177.73,172.62,168.91,160.97,159.695,156.425,155.71,142.26,140.485,140.95,138.85,107.66,79.195,57.21,54.47,54.22,52.3,51.28,47.525
2021-10-13 14:30,404.09,384.765,338.76,295.145,283.31,242.04,221.43,215.335,221.96,204.61,189.55,177.63,172.53,168.955,160.875,159.58,156.14,155.64,142.17,140.52,140.81,138.81,107.65,79.145,57.05,54.48,54.16,52.285,51.32,47.465
2021-10-13 14:35,404.065,384.645,338.45,295.39,283.455,242.04,221.66,215.39,222.045,204.48,189.46,177.595,172.535,169.075,160.85,159.45,156.045,155.55,142.18,140.46,140.77,138.75,107.7,79.11,57.005,54.48,54.17,52.28,51.305,47.415
2021-10-13 14:40,403.53,384.05,338.255,295.325,283.09,242.045,221.485,215.3,221.81,204.23,189.38,177.48,172.515,168.395,160.895,159.15,156.005,155.465,142.115,140.31,140.63,138.67,107.595,79.065,56.91,54.405,54.12,52.215,51.275,47.38
2021-10-13 14:45,403.445,384.285,337.97,295.76,283.44,242.065,221.615,215.37,221.83,204.215,189.385,177.49,172.57,168.73,160.99,159.2,156.115,155.545,142.19,140.215,140.6,138.68,107.655,79.065,56.88,54.425,54.155,52.215,51.275,47.35
2021-10-13 14:50,403.985,384.4,338.295,295.89,283.36,242.03,221.695,215.42,221.975,204.115,189.4,177.53,172.625,168.885,161.02,159.26,156.145,155.735,142.24,140.28,140.65,138.72,107.77,79.11,56.91,54.465,54.14,52.23,51.285,47.365
2021-10-13 14:55,403.965,384.4,338.25,295.73,283.665,242.125,221.71,215.33,221.9,204.23,189.425,177.51,172.75,168.87,161.055,159.31,156.215,155.78,142.245,140.38,140.66,138.72,107.765,79.15,56.98,54.47,54.16,52.255,51.265,47.385
2021-10-13 15:00,403.635,384.24,337.795,295.59,283.19,242.06,221.56,215.25,221.83,203.965,189.51,177.435,172.68,168.74,160.96,159.28,156.205,155.78,142.18,140.34,140.59,138.625,107.84,79.075,56.95,54.45,54.085,52.21,51.235,47.28
2021-10-13 15:05,404.605,385.02,338.39,296.12,283.845,242.375,222.135,215.59,222.275,204.24,189.58,177.74,172.92,169.09,161.31,159.57,156.55,156.18,142.45,140.67,140.895,138.87,108.145,79.24,56.995,54.58,54.21,52.285,51.29,47.355
2021-10-13 15:10,404.815,385.19,337.98,295.72,283.5,242.115,221.83,215.39,221.94,204.06,189.62,177.44,172.86,168.985,161.215,159.39,156.295,156.095,142.29,140.51,140.745,138.75,108.12,79.16,56.98,54.5,54.115,52.24,51.25,47.365
2021-10-13 15:15,404.65,385.67,338.185,295.45,283.59,241.755,221.735,215.365,222.035,204.265,189.64,177.38,172.775,169.0,161.18,159.29,156.37,156.115,142.25,140.53,140.795,138.74,108.19,79.17,56.975,54.485,54.135,52.21,51.28,47.365
2021-10-13 15:20,404.5,385.37,338.17,295.33,283.585,242.06,221.755,215.24,221.75,204.06,189.13,177.335,172.61,169.03,160.945,159.215,156.42,156.2,142.28,140.54,140.745,138.71,108.095,79.06,56.92,54.445,54.17,52.2,51.285,47.365
2021-10-13 15:25,404.545,385.27,338.46,295.655,283.72,242.48,221.82,215.21,221.49,203.77,189.105,177.43,172.67,168.84,160.835,159.24,156.46,156.205,142.26,140.425,140.765,138.71,107.875,79.06,56.89,54.49,54.17,52.175,51.275,47.43
2021-10-13 15:30,404.7,385.83,338.52,296.06,283.77,242.62,222.095,215.33,221.72,203.735,188.83,177.425,172.75,169.05,160.915,159.37,156.49,156.28,142.36,140.755,140.81,138.475,107.84,79.03,56.9,54.52,54.17,52.255,51.295,47.365
2021-10-13 15:35,404.365,386.31,338.52,295.92,283.945,242.805,222.25,215.425,221.765,203.53,188.98,177.34,172.9,169.055,160.96,159.265,156.42,156.43,142.41,140.73,140.79,138.47,107.88,78.98,56.96,54.515,54.15,52.235,51.305,47.36
2021-10-13 15:40,404.265,385.61,337.76,295.77,283.98,242.575,222.01,215.31,221.65,203.33,188.85,177.125,172.8,168.875,160.67,159.29,156.38,156.275,142.405,140.64,140.66,138.345,107.76,78.93,56.86,54.49,54.135,52.165,51.285,47.37
2021-10-13 15:45,404.5,386.31,338.31,296.55,284.73,242.84,222.185,215.485,221.855,203.53,189.06,177.19,172.95,168.92,160.94,159.325,156.59,156.63,142.43,140.895,140.79,138.41,107.885,78.945,56.9,54.57,54.15,52.24,51.305,47.43
2021-10-13 15:50,404.88,386.935,338.375,296.2,284.925,242.96,222.275,215.6,221.955,203.425,188.945,177.31,172.99,169.005,161.1,159.35,156.56,156.695,142.64,140.91,140.895,138.37,107.83,78.91,56.91,54.62,54.195,52.215,51.345,47.385
2021-10-13 15:55,403.47,386.55,338.315,296.45,284.48,242.56,222.49,215.58,221.86,203.7,188.91,177.2,173.0,168.77,160.88,159.16,156.29,156.46,142.41,140.9,140.76,138.38,107.77,78.93,56.935,54.635,54.25,52.29,51.35,47.27
2021-10-14 09:30,431.01,389.13,341.035,298.905,285.92,243.38,224.775,216.71,220.45,205.55,192.65,178.2,174.46,170.93,160.78,160.26,157.35,156.95,143.245,142.01,141.745,138.6,108.655,79.08,57.31,55.2,54.44,52.81,51.405,47.48
2021-10-14 09:35,426.25,386.07,341.19,298.57,285.44,243.675,224.205,216.96,218.375,205.34,192.92,178.1,174.405,170.18,160.26,160.32,157.32,156.81,143.215,142.04,141.49,138.765,108.465,78.875,57.19,54.985,54.325,52.94,51.29,46.99
2021-10-14 09:40,429.54,386.48,340.95,299.18,285.6,244.09,223.98,217.53,218.31,205.06,193.15,178.39,174.99,170.99,160.48,160.37,157.33,156.45,143.49,142.16,141.64,138.63,108.76,78.92,57.185,55.175,54.365,52.96,51.185,45.81
2021-10-14 09:45,426.885,385.58,340.82,299.97,287.28,244.325,224.76,217.7,218.79,205.2,193.35,178.26,175.29,170.76,160.545,160.41,157.435,156.625,143.37,142.43,142.155,138.68,108.87,79.025,57.3,55.26,54.43,52.99,51.18,46.0
2021-10-14 09:50,427.39,384.58,340.67,300.19,288.185,243.83,224.925,217.63,219.09,205.27,193.335,178.31,175.35,170.52,160.42,160.43,156.99,156.26,143.17,142.8,142.09,138.66,108.775,78.82,57.32,55.255,54.45,52.985,51.215,45.62
2021-10-14 09:55,425.87,383.75,341.04,299.875,288.895,243.51,224.705,217.0,218.9,205.11,193.515,178.33,175.54,171.06,160.55,160.235,156.98,156.54,143.335,142.775,142.16,138.73,108.85,79.0,57.455,55.29,54.39,53.015,51.285,45.56
2021-10-14 10:00,421.85,382.765,342.12,300.52,289.04,243.99,225.41,217.92,219.505,205.84,193.79,178.92,175.84,171.7,160.81,160.755,157.4,157.25,143.76,143.05,142.7,139.15,109.12,79.2,57.765,55.475,54.56,53.165,51.41,45.62
2021-10-14 10:05,423.49,382.94,342.09,300.575,289.48,243.7,224.84,217.655,219.35,205.51,193.92,178.525,175.63,171.23,161.125,160.485,157.135,157.065,143.615,142.975,142.45,139.17,108.71,79.01,57.69,55.385,54.575,53.18,51.37,45.48
2021-10-14 10:10,423.07,384.09,342.62,300.82,289.1,243.845,224.77,217.745,218.87,206.01,194.01,178.655,175.62,171.78,161.28,160.53,157.21,157.475,143.56,143.11,142.65,139.285,108.87,79.065,57.74,55.51,54.635,53.225,51.455,45.69
2021-10-14 10:15,423.11,385.16,342.63,300.75,288.91,243.98,225.03,218.055,218.84,206.07,194.085,178.615,175.635,172.155,161.555,160.83,157.37,157.64,143.62,143.145,142.695,139.35,108.9,79.13,57.87,55.49,54.695,53.325,51.475,45.3
2021-10-14 10:20,424.5,385.585,342.63,300.685,288.67,244.01,224.375,218.28,218.825,206.59,194.24,178.665,175.39,172.055,161.765,160.875,157.295,157.47,143.65,143.08,142.825,139.46,108.98,79.255,58.13,55.465,54.68,53.36,51.51,46.475
2021-10-14 10:25,424.86,385.17,342.2,300.37,288.415,243.66,224.08,217.92,218.82,206.54,194.18,178.55,175.13,172.09,161.84,160.79,157.06,157.07,143.545,142.96,142.7,139.37,108.76,79.27,58.1,55.435,54.65,53.425,51.455,46.77
2021-10-14 10:30,425.135,385.61,342.085,300.3,287.96,243.44,223.43,217.615,218.96,206.08,193.795,178.33,175.375,171.96,161.55,160.685,156.95,157.22,143.405,143.02,142.625,139.405,108.77,79.33,57.96,55.39,54.645,53.4,51.565,47.8
2021-10-14 10:35,425.39,386.25,341.8,300.63,288.05,243.39,223.6,217.555,218.715,206.11,193.895,178.5,175.27,171.825,161.7,160.65,156.67,157.4,143.405,143.0,142.56,139.27,108.71,79.48,57.9,55.475,54.64,53.48,51.635,47.9
2021-10-14 10:40,426.32,386.69,341.755,300.415,287.95,243.36,223.27,217.48,218.85,206.05,193.66,178.325,174.955,171.725,161.905,160.445,156.41,157.35,143.315,142.93,142.48,138.97,108.69,79.435,57.92,55.495,54.565,53.41,51.615,48.33
2021-10-14 10:45,426.12,387.67,342.525,300.53,287.895,243.935,223.88,217.7,218.69,206.505,193.585,178.54,175.085,172.145,162.01,160.635,156.715,157.26,143.62,142.93,142.68,139.225,108.7,79.49,57.98,55.595,54.67,53.495,51.66,48.13
2021-10-14 10:50,427.02,388.58,342.79,300.45,287.65,244.065,223.525,217.72,218.94,206.7,193.995,178.585,175.41,172.01,162.265,160.67,156.7,157.44,143.71,142.92,142.89,139.295,108.69,79.44,58.22,55.585,54.66,53.565,51.705,48.51
2021-10-14 10:55,426.55,388.67,343.175,300.19,287.06,244.26,223.605,217.73,218.82,207.0,194.22,178.965,175.43,171.98,162.515,160.91,156.83,157.44,143.83,142.835,143.04,139.37,108.7,79.605,58.245,55.53,54.675,53.56,51.735,49.01
2021-10-14 11:00,424.34,387.5,343.8,300.01,287.22,244.425,223.655,217.72,218.4,207.035,193.975,178.945,174.93,171.79,162.34,160.975,156.85,157.695,143.78,142.785,142.945,139.35,108.345,79.505,58.18,55.485,54.655,53.465,51.705,48.845
2021-10-14 11:05,425.35,386.53,343.895,300.29,287.39,244.61,223.935,217.905,218.415,207.31,194.06,179.155,175.08,171.59,162.185,161.06,156.84,157.67,143.95,142.72,142.955,139.46,108.365,79.555,58.09,55.49,54.71,53.4,51.76,49.53
2021-10-14 11:10,424.34,386.115,343.83,300.275,287.31,244.52,223.94,217.735,218.24,207.24,193.7,178.97,174.875,171.24,162.175,161.0,156.72,157.55,143.84,142.75,142.865,139.44,108.365,79.59,58.125,55.475,54.68,53.44,51.81,49.41
2021-10-14 11:15,423.23,386.98,344.205,300.34,287.725,244.76,224.1,217.78,218.15,206.95,193.845,178.96,174.7,171.45,162.325,161.02,156.99,157.71,143.83,142.68,142.805,139.48,108.545,79.61,58.215,55.47,54.68,53.475,51.845,49.2
2021-10-14 11:20,422.41,386.655,343.92,300.45,287.535,244.87,224.465,217.99,217.945,207.105,193.945,179.045,174.945,171.62,162.25,161.04,156.9,157.82,143.845,142.7,142.795,139.595,108.455,79.61,58.175,55.51,54.7,53.55,51.895,49.59
2021-10-14 11:25,422.55,386.8,343.63,300.615,288.28,244.915,224.37,217.825,218.03,207.1,193.545,178.975,175.05,171.6,162.08,160.855,156.96,157.61,143.86,142.89,142.77,139.7,108.425,79.565,58.18,55.515,54.685,53.53,51.88,49.76
2021-10-14 11:30,421.22,387.195,343.505,300.46,287.905,244.955,224.17,217.95,217.925,206.97,193.745,178.96,174.96,171.77,162.41,160.925,156.87,157.715,143.95,142.905,142.855,139.71,108.29,79.59,58.29,55.565,54.705,53.54,51.885,49.59
2021-10-14 11:35,421.09,388.16,343.665,300.68,287.77,245.1,224.165,218.16,218.25,206.695,193.92,179.1,175.01,172.03,162.71,160.9,157.01,157.795,143.82,142.98,142.795,139.7,108.46,79.41,58.34,55.575,54.715,53.655,51.92,49.815
2021-10-14 11:40,421.69,387.85,343.26,300.82,288.08,245.29,224.105,218.205,218.0,206.74,193.875,179.165,174.96,171.78,162.78,160.88,157.195,157.81,143.835,143.0,142.94,139.75,108.545,79.155,58.4,55.6,54.725,53.715,51.91,50.02
2021-10-14 11:45,421.365,387.42,343.23,300.96,288.175,245.365,224.395,218.405,217.97,206.87,194.11,179.315,175.15,171.83,162.48,160.93,157.18,157.71,143.72,143.135,143.04,139.71,108.64,79.195,58.48,55.61,54.715,53.75,51.895,50.06
2021-10-14 11:50,421.055,387.855,343.28,300.85,288.08,245.155,224.35,218.395,218.215,206.65,194.48,179.33,175.1,171.88,162.56,160.82,157.26,157.62,143.61,143.07,143.0,139.67,108.48,79.07,58.34,55.58,54.635,53.75,51.855,50.09
2021-10-14 11:55,421.23,388.02,343.13,301.015,288.31,245.14,224.63,218.51,218.135,206.63,194.43,179.34,175.145,171.77,162.83,160.97,157.445,157.58,143.725,143.215,142.975,139.75,108.625,79.105,58.28,55.67,54.705,53.78,51.965,50.285
2021-10-14 12:00,420.64,388.705,343.195,301.14,288.375,245.295,224.735,218.605,218.47,206.5,194.645,179.54,175.205,171.73,162.84,160.98,157.61,157.69,143.875,143.265,143.125,139.82,108.63,79.135,58.4,55.69,54.695,53.78,51.935,50.575
2021-10-14 12:05,421.295,388.29,343.525,301.35,288.535,245.26,224.62,218.515,218.355,206.555,194.48,179.33,175.195,171.485,162.885,160.93,157.54,157.47,143.83,143.36,143.1,139.75,108.51,78.985,58.5,55.68,54.655,53.75,51.895,50.3
2021-10-14 12:10,421.3,388.77,343.62,301.71,288.615,245.25,224.5,218.545,218.405,206.665,194.395,179.325,175.195,171.68,163.08,160.92,157.79,157.595,143.82,143.43,143.13,139.83,108.63,78.965,58.51,55.71,54.655,53.785,51.91,50.53
2021-10-14 12:15,421.15,388.44,343.49,301.5,288.43,245.105,224.335,218.46,218.23,206.83,194.4,179.285,175.13,171.38,162.98,160.87,157.745,157.49,143.88,143.4,143.13,139.775,108.655,78.89,58.51,55.69,54.675,53.745,51.89,50.545
2021-10-14 12:20,421.22,388.69,343.46,301.5,288.87,245.065,224.31,218.36,218.43,207.03,194.26,179.135,175.04,171.385,163.03,160.93,157.74,157.41,143.93,143.31,142.98,139.77,108.65,78.85,58.38,55.7,54.655,53.675,51.925,50.56
2021-10-14 12:25,422.1,388.35,343.52,301.565,288.87,245.09,224.365,218.445,218.76,207.045,194.315,179.28,175.07,171.27,163.0,160.94,157.61,157.36,143.96,143.295,142.94,139.77,108.675,78.92,58.39,55.67,54.67,53.71,51.88,50.545
2021-10-14 12:30,421.8,387.63,343.41,301.48,289.03,245.03,224.27,218.23,218.445,207.04,194.01,179.14,175.1,171.135,162.985,160.81,157.55,157.25,144.0,143.315,142.96,139.81,108.7,78.845,58.3,55.665,54.675,53.76,51.91,50.37
2021-10-14 12:35,422.29,388.46,344.005,301.525,288.88,244.84,224.26,218.26,218.475,207.33,194.065,179.18,175.1,171.04,163.14,160.84,157.55,157.355,144.035,143.43,143.04,139.87,108.72,78.83,58.4,55.72,54.7,53.76,51.89,50.5
2021-10-14 12:40,421.195,388.285,343.71,301.59,289.12,244.805,224.19,218.26,218.53,207.12,194.17,179.225,175.025,170.66,162.965,160.76,157.59,157.36,144.13,143.385,143.125,139.9,108.695,78.695,58.385,55.69,54.705,53.76,51.875,50.44
2021-10-14 12:45,420.425,388.375,343.495,301.71,289.445,244.845,224.29,218.3,218.585,206.84,194.07,179.22,174.935,171.0,162.905,160.71,157.575,157.245,144.09,143.49,143.08,139.92,108.715,78.74,58.35,55.69,54.71,53.79,51.855,50.46
2021-10-14 12:50,420.22,388.405,343.61,301.66,289.365,244.97,224.275,218.35,218.89,206.95,194.065,179.2,174.865,170.89,162.95,160.795,157.56,157.245,144.19,143.445,143.255,139.93,108.71,78.725,58.31,55.675,54.73,53.785,51.89,50.585
2021-10-14 12:55,419.12,388.81,343.79,301.675,289.565,245.15,224.41,218.425,218.945,207.255,194.1,179.345,174.875,171.03,163.015,160.845,157.415,157.34,144.245,143.51,143.27,139.985,108.79,78.76,58.34,55.715,54.74,53.835,51.88,50.695
2021-10-14 13:00,418.49,387.96,343.565,301.39,289.42,244.93,224.165,218.24,218.665,206.82,193.88,179.17,174.81,170.99,162.75,160.73,157.23,157.07,144.075,143.38,143.17,139.92,108.75,78.7,58.3,55.645,54.685,53.755,51.875,50.59
2021-10-14 13:05,418.98,387.52,343.55,301.45,289.585,245.05,224.2,218.18,218.475,206.875,193.835,179.08,174.86,170.81,162.84,160.71,157.085,157.1,144.16,143.42,143.12,139.985,108.74,78.71,58.25,55.6,54.675,53.735,51.89,50.54
2021-10-14 13:10,417.865,387.62,343.27,301.4,289.73,245.14,224.015,218.27,218.535,206.925,194.01,179.17,174.85,170.86,162.95,160.705,157.08,157.17,144.145,143.58,143.1,139.98,108.72,78.65,58.33,55.63,54.705,53.775,51.89,50.765
2021-10-14 13:15,418.18,387.545,343.29,301.42,289.34,244.92,224.015,218.32,218.865,207.13,193.99,179.255,174.77,170.735,162.955,160.67,157.07,157.33,144.2,143.55,143.02,140.0,108.76,78.735,58.36,55.63,54.73,53.75,51.885,50.77
2021-10-14 13:20,419.07,387.31,342.99,301.54,289.34,244.805,224.12,218.05,218.835,207.245,194.01,179.19,174.69,170.74,162.985,160.69,157.05,157.235,144.145,143.51,143.085,139.965,108.83,78.725,58.345,55.605,54.705,53.735,51.885,50.85
2021-10-14 13:25,419.315,387.335,342.85,301.48,289.64,244.7,224.16,217.99,218.825,207.26,194.115,179.205,174.76,170.89,163.21,160.65,157.02,157.23,144.125,143.48,143.09,139.895,108.945,78.775,58.355,55.6,54.7,53.775,51.83,50.88
2021-10-14 13:30,420.17,388.02,342.96,301.54,289.485,244.805,224.46,218.205,218.91,207.09,194.31,179.385,174.905,170.905,163.425,160.7,157.02,157.33,144.22,143.555,143.185,139.97,108.97,78.795,58.4,55.62,54.74,53.79,51.9,51.06
2021-10-14 13:35,420.35,387.585,342.88,301.36,289.595,244.805,224.48,218.335,218.88,207.26,194.295,179.47,175.0,170.93,163.4,160.805,156.9,157.22,144.305,143.5,143.12,139.98,108.93,78.83,58.47,55.65,54.74,53.79,51.93,51.305
2021-10-14 13:40,420.29,387.99,342.915,301.3,289.68,244.835,224.58,218.585,219.025,207.345,194.215,179.61,174.89,171.18,163.565,160.785,156.915,157.22,144.285,143.61,143.155,140.035,108.99,78.795,58.51,55.66,54.775,53.81,51.95,51.44
2021-10-14 13:45,420.94,388.25,342.98,301.24,289.75,244.87,224.82,218.67,219.075,207.27,194.27,179.7,174.735,171.375,163.925,160.785,156.98,157.21,144.24,143.615,143.315,140.05,109.045,78.605,58.55,55.68,54.775,53.8,51.93,51.325
2021-10-14 13:50,420.775,388.0,343.015,301.44,289.815,244.76,224.87,218.635,219.29,207.2,194.32,179.67,174.78,171.32,163.82,160.75,156.87,157.145,144.125,143.51,143.305,139.985,108.96,78.53,58.49,55.665,54.705,53.75,51.92,51.535
2021-10-14 13:55,421.14,388.16,343.045,301.39,289.74,244.785,224.87,218.55,219.28,207.46,194.23,179.68,174.815,171.28,163.86,160.8,157.0,157.2,144.15,143.59,143.41,139.98,108.96,78.555,58.44,55.655,54.695,53.73,51.935,51.54
2021-10-14 14:00,422.575,388.26,343.05,301.385,289.4,244.53,224.78,218.42,219.235,207.43,194.14,179.615,174.8,171.145,163.89,160.84,156.855,157.11,144.1,143.47,143.405,139.97,108.84,78.53,58.495,55.64,54.715,53.745,51.92,51.33
2021-10-14 14:05,422.105,388.445,342.8,301.385,289.435,244.47,224.56,218.385,218.98,207.17,194.14,179.68,174.635,171.115,163.83,160.73,156.74,157.25,144.07,143.49,143.31,139.915,108.805,78.53,58.55,55.64,54.66,53.75,51.93,51.625
2021-10-14 14:10,422.38,388.85,342.68,301.47,289.65,244.495,224.645,218.43,219.18,206.9,194.325,179.72,174.7,171.23,163.88,160.71,156.61,157.26,144.06,143.57,143.29,139.92,108.84,78.51,58.64,55.63,54.67,53.745,51.935,51.69
2021-10-14 14:15,421.2,389.555,342.935,301.65,289.72,244.39,224.795,218.53,219.165,206.8,194.34,179.84,174.75,171.34,163.93,160.65,156.615,157.37,144.12,143.58,143.305,139.975,108.85,78.51,58.675,55.67,54.675,53.77,51.95,51.44
2021-10-14 14:20,420.74,389.185,342.905,301.82,289.915,244.55,224.805,218.58,218.97,206.9,194.39,179.865,174.76,171.3,163.77,160.62,156.77,157.445,144.195,143.64,143.41,140.01,108.82,78.49,58.67,55.71,54.705,53.8,51.955,51.57
2021-10-14 14:25,420.55,389.615,343.155,301.96,290.14,244.585,224.9,218.705,218.97,206.865,194.58,180.065,174.775,171.41,163.665,160.7,157.0,157.485,144.135,143.73,143.545,140.015,108.81,78.54,58.65,55.74,54.7,53.78,51.96,51.68
2021-10-14 14:30,420.56,389.305,342.99,301.75,289.74,244.56,224.81,218.61,218.765,206.835,194.54,180.025,174.74,171.2,163.425,160.69,157.03,157.51,144.145,143.67,143.6,139.98,108.905,78.56,58.67,55.725,54.68,53.845,51.925,51.57
2021-10-14 14:35,420.675,389.67,343.005,301.97,289.95,244.865,225.03,218.64,218.5,206.85,194.355,179.98,174.82,171.3,163.49,160.71,157.14,157.38,144.225,143.745,143.63,140.04,108.905,78.615,58.68,55.735,54.7,53.845,51.915,51.41
2021-10-14 14:40,419.73,389.735,343.055,301.9,289.68,244.915,224.935,218.57,218.35,206.73,194.215,179.99,174.755,171.32,163.48,160.605,157.145,157.45,144.115,143.65,143.68,139.99,108.885,78.61,58.645,55.73,54.69,53.86,51.94,51.37
2021-10-14 14:45,419.59,389.69,343.12,301.98,289.745,244.955,224.89,218.56,218.34,206.56,194.39,179.885,174.77,171.35,163.485,160.59,157.1,157.45,144.16,143.8,143.7,140.005,108.89,78.59,58.685,55.75,54.695,53.895,51.92,51.27
2021-10-14 14:50,419.475,389.98,343.05,302.04,289.92,244.85,225.16,218.65,218.2,206.43,194.25,179.94,174.77,171.275,163.595,160.605,157.13,157.45,144.2,143.82,143.78,140.015,108.855,78.5,58.7,55.75,54.7,53.87,51.935,51.285
2021-10-14 14:55,418.99,390.1,343.27,302.03,289.955,244.715,225.21,218.785,218.17,206.525,194.48,179.98,174.645,171.285,163.5,160.525,157.27,157.475,144.245,143.855,143.825,140.01,108.905,78.465,58.7,55.76,54.68,53.915,51.93,51.21
2021-10-14 15:00,419.88,389.945,343.375,302.1,289.89,244.675,224.935,218.72,218.055,206.635,194.475,179.9,174.725,171.28,163.44,160.535,157.46,157.315,144.205,143.79,143.9,139.95,108.89,78.46,58.69,55.755,54.695,53.925,51.905,51.035
2021-10-14 15:05,419.8,389.94,343.255,302.055,289.69,244.46,224.94,218.525,217.865,206.72,194.24,179.84,174.465,171.07,163.27,160.36,157.32,157.03,144.11,143.72,143.84,139.86,108.875,78.405,58.61,55.81,54.67,53.91,51.87,51.05
2021-10-14 15:10,420.08,389.235,343.345,302.13,289.63,244.425,225.06,218.505,217.9,206.9,194.22,179.825,174.44,171.02,163.21,160.43,157.11,157.04,144.16,143.75,143.76,139.91,108.8,78.35,58.62,55.825,54.65,53.935,51.815,51.05
2021-10-14 15:15,420.395,389.67,343.375,302.22,289.75,244.305,225.055,218.33,218.09,206.7,194.12,179.79,174.325,171.15,163.275,160.32,157.06,156.885,144.13,143.765,143.64,139.77,108.805,78.29,58.6,55.81,54.63,53.98,51.825,50.86
2021-10-14 15:20,420.32,389.53,343.195,302.04,289.8,244.17,225.02,218.125,218.055,206.485,193.915,179.605,174.16,170.95,163.2,160.26,157.035,156.89,144.01,143.58,143.56,139.725,108.74,78.21,58.48,55.79,54.58,53.975,51.79,50.79
2021-10-14 15:25,420.33,389.815,343.0,302.155,290.09,244.46,225.235,218.535,218.085,206.54,193.795,179.755,174.32,171.065,163.29,160.23,157.15,156.82,144.02,143.61,143.53,139.75,108.735,78.18,58.54,55.805,54.585,53.885,51.815,50.75
2021-10-14 15:30,419.67,390.215,342.99,302.17,290.13,244.46,225.24,218.37,217.925,206.23,193.975,179.85,174.375,171.215,163.5,160.2,157.14,156.665,143.98,143.665,143.485,139.74,108.73,78.15,58.615,55.775,54.585,53.85,51.78,50.635
2021-10-14 15:35,419.78,390.245,343.08,302.15,289.99,244.28,225.025,218.28,217.485,206.12,193.985,179.755,174.29,171.21,163.36,160.045,157.03,156.49,143.95,143.47,143.315,139.665,108.69,78.03,58.6,55.745,54.555,53.76,51.77,50.64
2021-10-14 15:40,420.03,390.16,343.34,302.45,290.08,244.285,225.07,218.31,217.505,206.32,193.885,179.985,174.38,171.18,163.35,160.09,156.99,156.45,144.02,143.55,143.41,139.695,108.715,78.015,58.64,55.745,54.56,53.785,51.83,50.805
2021-10-14 15:45,420.29,390.095,343.26,302.59,290.02,244.2,225.015,218.29,217.36,206.37,193.965,180.01,174.21,171.135,163.38,160.07,157.04,156.49,144.0,143.71,143.335,139.58,108.675,78.055,58.68,55.715,54.555,53.82,51.85,50.86
2021-10-14 15:50,420.495,390.94,343.925,303.05,290.51,244.68,225.2,218.48,217.33,206.725,194.11,180.21,174.41,171.41,163.475,160.055,157.19,156.45,144.11,143.75,143.44,139.655,108.76,78.125,58.715,55.65,54.55,53.845,51.9,50.765
2021-10-14 15:55,420.19,391.0,344.16,302.69,290.03,244.58,225.11,218.55,217.4,206.82,194.345,180.32,174.41,171.61,163.48,160.07,157.15,156.605,144.125,143.7,143.43,139.86,108.82,78.33,58.76,55.64,54.615,53.9,51.935,50.8
